CREATE DATABASE test_concurrent_create;
USE test_concurrent_create;
CREATE SEQUENCE s1 ENGINE=SequoiaDB;
CREATE SEQUENCE s2 ENGINE=SequoiaDB;
connect  con1,localhost,root,,test_concurrent_create;
CREATE TABLE s3 LIKE s2;;
connection default;
CREATE SEQUENCE s4 ENGINE=SequoiaDB;
SELECT * from s1 WHERE start_value IN (SELECT start_value FROM s2);
next_not_cached_value	minimum_value	maximum_value	start_value	increment	cache_size	cycle_option	cycle_count
1	1	9223372036854775806	1	1	1000	0	0
connection con1;
disconnect con1;
connection default;
DROP SEQUENCE s1, s2, s3, s4;
CREATE SEQUENCE s1 ENGINE=SequoiaDB;
PREPARE stmt FROM "CREATE TABLE s2 LIKE s1";
execute stmt;
drop table s2;
execute stmt;
drop table s2;
execute stmt;
select * from s2;
next_not_cached_value	minimum_value	maximum_value	start_value	increment	cache_size	cycle_option	cycle_count
1	1	9223372036854775806	1	1	1000	0	0
DROP SEQUENCE s1, s2;
CREATE SEQUENCE s1 ENGINE=SequoiaDB;
connect  con1,localhost,root,,test_concurrent_create;
CREATE TABLE s2 LIKE s1;;
connection default;
FLUSH TABLES;
connection con1;
disconnect con1;
connection default;
DROP TABLE s1,s2;
DROP DATABASE test_concurrent_create;
