drop table if exists t1,t2;
select 0=0,1>0,1>=1,1<0,1<=0,1!=0,strcmp("abc","abcd"),strcmp("b","a"),strcmp("a","a") ;
0=0	1>0	1>=1	1<0	1<=0	1!=0	strcmp("abc","abcd")	strcmp("b","a")	strcmp("a","a")
1	1	1	0	0	1	-1	1	0
select "a"<"b","a"<="b","b">="a","b">"a","a"="A","a"<>"b";
"a"<"b"	"a"<="b"	"b">="a"	"b">"a"	"a"="A"	"a"<>"b"
1	1	1	1	1	1
select "a "="A", "A "="a", "a  " <= "A b";
"a "="A"	"A "="a"	"a  " <= "A b"
1	1	1
select "abc" like "a%", "abc" not like "%d%", "a%" like "a\%","abc%" like "a%\%","abcd" like "a%b_%d", "a" like "%%a","abcde" like "a%_e","abc" like "abc%";
"abc" like "a%"	"abc" not like "%d%"	"a%" like "a\%"	"abc%" like "a%\%"	"abcd" like "a%b_%d"	"a" like "%%a"	"abcde" like "a%_e"	"abc" like "abc%"
1	1	1	1	1	1	1	1
select "a" like "%%b","a" like "%%ab","ab" like "a\%", "ab" like "_", "ab" like "ab_", "abc" like "%_d", "abc" like "abc%d";
"a" like "%%b"	"a" like "%%ab"	"ab" like "a\%"	"ab" like "_"	"ab" like "ab_"	"abc" like "%_d"	"abc" like "abc%d"
0	0	0	0	0	0	0
select '?' like '|%', '?' like '|%' ESCAPE '|', '%' like '|%', '%' like '|%' ESCAPE '|', '%' like '%';
'?' like '|%'	'?' like '|%' ESCAPE '|'	'%' like '|%'	'%' like '|%' ESCAPE '|'	'%' like '%'
0	0	0	1	1
select 'abc' like '%c','abcabc' like '%c',  "ab" like "", "ab" like "a", "ab" like "ab";
'abc' like '%c'	'abcabc' like '%c'	"ab" like ""	"ab" like "a"	"ab" like "ab"
1	1	0	0	1
select "Det här är svenska" regexp "h[[:alpha:]]+r", "aba" regexp "^(a|b)*$";
"Det här är svenska" regexp "h[[:alpha:]]+r"	"aba" regexp "^(a|b)*$"
1	1
select "aba" regexp concat("^","a");
"aba" regexp concat("^","a")
1
select !0,NOT 0=1,!(0=0),1 AND 1,1 && 0,0 OR 1,1 || NULL, 1=1 or 1=1 and 1=0;
!0	NOT 0=1	!(0=0)	1 AND 1	1 && 0	0 OR 1	1 || NULL	1=1 or 1=1 and 1=0
1	1	0	1	0	1	1	1
select 2 between 1 and 3, "monty" between "max" and "my",2=2 and "monty" between "max" and "my" and 3=3;
2 between 1 and 3	"monty" between "max" and "my"	2=2 and "monty" between "max" and "my" and 3=3
1	1	1
select 'b' between 'a' and 'c', 'B' between 'a' and 'c';
'b' between 'a' and 'c'	'B' between 'a' and 'c'
1	1
select 2 in (3,2,5,9,5,1),"monty" in ("david","monty","allan"), 1.2 in (1.4,1.2,1.0);
2 in (3,2,5,9,5,1)	"monty" in ("david","monty","allan")	1.2 in (1.4,1.2,1.0)
1	1	1
select -1.49 or -1.49,0.6 or 0.6;
-1.49 or -1.49	0.6 or 0.6
1	1
select 3 ^ 11, 1 ^ 1, 1 ^ 0, 1 ^ NULL, NULL ^ 1;
3 ^ 11	1 ^ 1	1 ^ 0	1 ^ NULL	NULL ^ 1
8	0	1	NULL	NULL
select 1 XOR 1, 1 XOR 0, 0 XOR 1, 0 XOR 0, NULL XOR 1, 1 XOR NULL, 0 XOR NULL;
1 XOR 1	1 XOR 0	0 XOR 1	0 XOR 0	NULL XOR 1	1 XOR NULL	0 XOR NULL
0	1	1	0	NULL	NULL	NULL
select 1 like 2 xor 2 like 1;
1 like 2 xor 2 like 1
0
select 10 % 7, 10 mod 7, 10 div 3;
10 % 7	10 mod 7	10 div 3
3	3	3
select 18446744073709551615, 18446744073709551615 DIV 1, 18446744073709551615 DIV 2;
18446744073709551615	18446744073709551615 DIV 1	18446744073709551615 DIV 2
18446744073709551615	18446744073709551615	9223372036854775807
create table t1 (a int);
insert t1 values (1);
select * from t1 where 1 xor 1;
a
select - a from t1;
- a
-1
drop table t1;
select 5 between 0 and 10 between 0 and 1,(5 between 0 and 10) between 0 and 1;
5 between 0 and 10 between 0 and 1	(5 between 0 and 10) between 0 and 1
0	1
select 1 and 2 between 2 and 10, 2 between 2 and 10 and 1;
1 and 2 between 2 and 10	2 between 2 and 10 and 1
1	1
select 1 and 0 or 2, 2 or 1 and 0;
1 and 0 or 2	2 or 1 and 0
1	1
select _koi8r'a' = _koi8r'A';
_koi8r'a' = _koi8r'A'
1
select _koi8r'a' = _koi8r'A' COLLATE koi8r_general_ci;
_koi8r'a' = _koi8r'A' COLLATE koi8r_general_ci
1
select _koi8r'a' = _koi8r'A' COLLATE koi8r_bin;
_koi8r'a' = _koi8r'A' COLLATE koi8r_bin
0
select _koi8r'a' COLLATE koi8r_general_ci = _koi8r'A';
_koi8r'a' COLLATE koi8r_general_ci = _koi8r'A'
1
select _koi8r'a' COLLATE koi8r_bin = _koi8r'A';
_koi8r'a' COLLATE koi8r_bin = _koi8r'A'
0
select _koi8r'a' COLLATE koi8r_bin = _koi8r'A' COLLATE koi8r_general_ci;
ERROR HY000: Illegal mix of collations (koi8r_bin,EXPLICIT) and (koi8r_general_ci,EXPLICIT) for operation '='
select _koi8r'a' = _latin1'A';
ERROR HY000: Illegal mix of collations (koi8r_general_ci,COERCIBLE) and (latin1_swedish_ci,COERCIBLE) for operation '='
select strcmp(_koi8r'a', _koi8r'A');
strcmp(_koi8r'a', _koi8r'A')
0
select strcmp(_koi8r'a', _koi8r'A' COLLATE koi8r_general_ci);
strcmp(_koi8r'a', _koi8r'A' COLLATE koi8r_general_ci)
0
select strcmp(_koi8r'a', _koi8r'A' COLLATE koi8r_bin);
strcmp(_koi8r'a', _koi8r'A' COLLATE koi8r_bin)
1
select strcmp(_koi8r'a' COLLATE koi8r_general_ci, _koi8r'A');
strcmp(_koi8r'a' COLLATE koi8r_general_ci, _koi8r'A')
0
select strcmp(_koi8r'a' COLLATE koi8r_bin, _koi8r'A');
strcmp(_koi8r'a' COLLATE koi8r_bin, _koi8r'A')
1
select strcmp(_koi8r'a' COLLATE koi8r_general_ci, _koi8r'A' COLLATE koi8r_bin);
ERROR HY000: Illegal mix of collations (koi8r_general_ci,EXPLICIT) and (koi8r_bin,EXPLICIT) for operation 'strcmp'
select strcmp(_koi8r'a', _latin1'A');
ERROR HY000: Illegal mix of collations (koi8r_general_ci,COERCIBLE) and (latin1_swedish_ci,COERCIBLE) for operation 'strcmp'
select _koi8r'a' LIKE _koi8r'A';
_koi8r'a' LIKE _koi8r'A'
1
select _koi8r'a' LIKE _koi8r'A' COLLATE koi8r_general_ci;
_koi8r'a' LIKE _koi8r'A' COLLATE koi8r_general_ci
1
select _koi8r'a' LIKE _koi8r'A' COLLATE koi8r_bin;
_koi8r'a' LIKE _koi8r'A' COLLATE koi8r_bin
0
select _koi8r'a' COLLATE koi8r_general_ci LIKE _koi8r'A';
_koi8r'a' COLLATE koi8r_general_ci LIKE _koi8r'A'
1
select _koi8r'a' COLLATE koi8r_bin LIKE _koi8r'A';
_koi8r'a' COLLATE koi8r_bin LIKE _koi8r'A'
0
select _koi8r'a' COLLATE koi8r_general_ci LIKE _koi8r'A' COLLATE koi8r_bin;
ERROR HY000: Illegal mix of collations (koi8r_general_ci,EXPLICIT) and (koi8r_bin,EXPLICIT) for operation 'like'
select _koi8r'a' LIKE _latin1'A';
ERROR HY000: Illegal mix of collations (koi8r_general_ci,COERCIBLE) and (latin1_swedish_ci,COERCIBLE) for operation 'like'
CREATE TABLE t1 (d varchar(6), k int);
INSERT INTO t1 VALUES (NULL, 2);
SELECT GREATEST(d,d) FROM t1 WHERE k=2;
GREATEST(d,d)
NULL
DROP TABLE t1;
select 1197.90 mod 50;
1197.90 mod 50
47.90
select 5.1 mod 3, 5.1 mod -3, -5.1 mod 3, -5.1 mod -3;
5.1 mod 3	5.1 mod -3	-5.1 mod 3	-5.1 mod -3
2.1	2.1	-2.1	-2.1
select 5 mod 3, 5 mod -3, -5 mod 3, -5 mod -3;
5 mod 3	5 mod -3	-5 mod 3	-5 mod -3
2	2	-2	-2
select (12%0) <=> null      as '1';
1
1
Warnings:
Warning	1365	Division by 0
select (12%0) is null       as '1';
1
1
Warnings:
Warning	1365	Division by 0
select 12%0                 as 'NULL';
NULL
NULL
Warnings:
Warning	1365	Division by 0
select 12%2                 as '0';
0
0
select 12%NULL              as 'NULL';
NULL
NULL
select 12 % null            as 'NULL';
NULL
NULL
select null % 12            as 'NULL';
NULL
NULL
select null % 0             as 'NULL';
NULL
NULL
select 0 % null             as 'NULL';
NULL
NULL
select null % null          as 'NULL';
NULL
NULL
select (12 mod 0) <=> null  as '1';
1
1
Warnings:
Warning	1365	Division by 0
select (12 mod 0) is null   as '1';
1
1
Warnings:
Warning	1365	Division by 0
select 12 mod 0             as 'NULL';
NULL
NULL
Warnings:
Warning	1365	Division by 0
select 12 mod 2             as '0';
0
0
select 12 mod null          as 'NULL';
NULL
NULL
select null mod 12          as 'NULL';
NULL
NULL
select null mod 0           as 'NULL';
NULL
NULL
select 0 mod null           as 'NULL';
NULL
NULL
select null mod null        as 'NULL';
NULL
NULL
select mod(12.0, 0)         as 'NULL';
NULL
NULL
Warnings:
Warning	1365	Division by 0
select mod(12, 0.0)         as 'NULL';
NULL
NULL
Warnings:
Warning	1365	Division by 0
select mod(12, NULL)        as 'NULL';
NULL
NULL
select mod(12.0, NULL)      as 'NULL';
NULL
NULL
select mod(NULL, 2)         as 'NULL';
NULL
NULL
select mod(NULL, 2.0)       as 'NULL';
NULL
NULL
create table t1 (a int, b int);
insert into t1 values (1,2), (2,3), (3,4), (4,5);
select * from t1 where a not between 1 and 2;
a	b
3	4
4	5
select * from t1 where a not between 1 and 2 and b not between 3 and 4;
a	b
4	5
drop table t1;
SELECT GREATEST(1,NULL) FROM DUAL;
GREATEST(1,NULL)
NULL
SELECT LEAST('xxx','aaa',NULL,'yyy') FROM DUAL;
LEAST('xxx','aaa',NULL,'yyy')
NULL
SELECT LEAST(1.1,1.2,NULL,1.0) FROM DUAL;
LEAST(1.1,1.2,NULL,1.0)
NULL
SELECT GREATEST(1.5E+2,1.3E+2,NULL) FROM DUAL;
GREATEST(1.5E+2,1.3E+2,NULL)
NULL
create table t1 (a int);
insert into t1 values (1), (100), (0), (NULL);
select not a from t1;
not a
0
0
1
NULL
select * from t1 where not a;
a
0
select not (a+0) from t1;
not (a+0)
0
0
1
NULL
select * from t1 where not (a+0);
a
0
select not 1, not null, not not null, 1 is not null;
not 1	not null	not not null	1 is not null
0	NULL	NULL	1
drop table t1;
#
# Start of 10.0 tests
#
#
# MDEV-7001 Bad result for NOT NOT STRCMP('a','b') and NOT NOT NULLIF(2,3)
#
SELECT NOT NOT strcmp('a','b');
NOT NOT strcmp('a','b')
1
#
# End of 10.0 tests
#
#
# Start of 10.1 tests
#
#
# MDEV-8167 XOR returns bad results for an indexed column
#
CREATE TABLE t1 (
id INTEGER UNSIGNED NOT NULL AUTO_INCREMENT,
k INTEGER UNSIGNED DEFAULT '0' NOT NULL,
c CHAR(120) DEFAULT '' NOT NULL,
pad CHAR(60) DEFAULT '' NOT NULL,
PRIMARY KEY (id)
) ENGINE=SequoiaDB;
INSERT INTO t1 (k, c, pad) VALUES (10, 'a', 'xxx');
INSERT INTO t1 (k, c, pad) VALUES (11, 'a', 'xxx');
INSERT INTO t1 (k, c, pad) VALUES (12, 'a', 'xxx');
INSERT INTO t1 (k, c, pad) VALUES (13, 'a', 'xxx');
INSERT INTO t1 (k, c, pad) VALUES (14, 'a', 'xxx');
INSERT INTO t1 (k, c, pad) VALUES (15, 'a', 'xxx');
INSERT INTO t1 (k, c, pad) VALUES (16, 'a', 'xxx');
SELECT * FROM t1 WHERE id XOR 0;
id	k	c	pad
1	10	a	xxx
2	11	a	xxx
3	12	a	xxx
4	13	a	xxx
5	14	a	xxx
6	15	a	xxx
7	16	a	xxx
SELECT * FROM t1 IGNORE KEY(PRIMARY) WHERE id XOR 0;
id	k	c	pad
1	10	a	xxx
2	11	a	xxx
3	12	a	xxx
4	13	a	xxx
5	14	a	xxx
6	15	a	xxx
7	16	a	xxx
DROP TABLE t1;
#
# MDEV-8871 Wrong result for CREATE TABLE .. SELECT LEAST(unsigned_column,unsigned_column)
#
CREATE TABLE t1 (a INT,b INT UNSIGNED);
INSERT INTO t1 VALUES (-2147483648,4294967295);
SELECT a, b, LEAST(a,a), LEAST(b,b), LEAST(a,b), LEAST(b,a), GREATEST(a,b), GREATEST(b,a) FROM t1;
a	-2147483648
b	4294967295
LEAST(a,a)	-2147483648
LEAST(b,b)	4294967295
LEAST(a,b)	-2147483648
LEAST(b,a)	-2147483648
GREATEST(a,b)	4294967295
GREATEST(b,a)	4294967295
CREATE TABLE t2 AS
SELECT a, b, LEAST(a,a), LEAST(b,b), LEAST(a,b), LEAST(b,a), GREATEST(a,b), GREATEST(b,a) FROM t1;
SHOW CREATE TABLE t2;
Table	Create Table
t2	CREATE TABLE `t2` (
  `a` int(11) DEFAULT NULL,
  `b` int(10) unsigned DEFAULT NULL,
  `LEAST(a,a)` int(11) DEFAULT NULL,
  `LEAST(b,b)` int(10) unsigned DEFAULT NULL,
  `LEAST(a,b)` decimal(10,0) DEFAULT NULL,
  `LEAST(b,a)` decimal(10,0) DEFAULT NULL,
  `GREATEST(a,b)` decimal(10,0) DEFAULT NULL,
  `GREATEST(b,a)` decimal(10,0) DEFAULT NULL
) ENGINE=SequoiaDB DEFAULT CHARSET=latin1
SELECT * FROM t2;
a	-2147483648
b	4294967295
LEAST(a,a)	-2147483648
LEAST(b,b)	4294967295
LEAST(a,b)	-2147483648
LEAST(b,a)	-2147483648
GREATEST(a,b)	4294967295
GREATEST(b,a)	4294967295
DROP TABLE t2;
DROP TABLE t1;
#
# End of 10.1 tests
#
