drop database if exists func_cast_duoble_doubleunsigned_sequoiadb;
create database func_cast_duoble_doubleunsigned_sequoiadb;
drop database func_cast_duoble_doubleunsigned_sequoiadb;
create database func_cast_duoble_doubleunsigned_sequoiadb;
use func_cast_duoble_doubleunsigned_sequoiadb;
CREATE TABLE t1(a DOUBLE, b INT, c DATE);
INSERT INTO t1 VALUES (1,3, '2000-01-01'),(2,1,'2001-01-01'),('12',11,'2002-01-01'),('1',9,'2008-01-01'),(1.00,5,'2013-01-01'),(1.02,7,'2004-04-01'), ('1.01',6,'2009-11-01'), ('2001.01',13,'2019-05-01'), ('2001.0101',22,'2006-02-01'),('20010101',10,'2007-08-01'),('2019',21,'2011-09-01'),('201901.01',16,'2012-05-01'),('2.010101',13,'2016-06-06'),('-2147483648',2,'2001-01-02'),('2147483647',-1,'2001-01-03'),(-2147483648,-9,'2001-01-05'),(2147483647,-13,'2001-01-11');
SELECT * FROM t1 WHERE a = CAST('1' AS CHAR);
a	b	c
1	3	2000-01-01
1	5	2013-01-01
1	9	2008-01-01
SELECT * FROM t1 WHERE a = CAST(1.00 AS CHAR);
a	b	c
1	3	2000-01-01
1	5	2013-01-01
1	9	2008-01-01
SELECT * FROM t1 WHERE a > CAST(b AS CHAR);
a	b	c
12	11	2002-01-01
2	1	2001-01-01
2001.01	13	2019-05-01
2001.0101	22	2006-02-01
20010101	10	2007-08-01
2019	21	2011-09-01
201901.01	16	2012-05-01
2147483647	-1	2001-01-03
2147483647	-13	2001-01-11
SELECT * FROM t1 WHERE a > CAST(SUBSTRING('1234567abc', 5, 9) AS CHAR);
a	b	c
2001.01	13	2019-05-01
2001.0101	22	2006-02-01
20010101	10	2007-08-01
2019	21	2011-09-01
201901.01	16	2012-05-01
2147483647	-1	2001-01-03
2147483647	-13	2001-01-11
Warning	1292	Truncated incorrect DOUBLE value: '567abc'
Warning	1292	Truncated incorrect DOUBLE value: '567abc'
Warnings:
SELECT * FROM t1 WHERE a = CAST('1.00' AS NCHAR);
a	b	c
1	3	2000-01-01
1	5	2013-01-01
1	9	2008-01-01
SELECT * FROM t1 WHERE a = CAST(1.01 AS NCHAR);
a	b	c
1.01	6	2009-11-01
SELECT * FROM t1 WHERE a < CAST(b AS NCHAR);
a	b	c
-2147483648	-9	2001-01-05
-2147483648	2	2001-01-02
1	3	2000-01-01
1	5	2013-01-01
1	9	2008-01-01
1.01	6	2009-11-01
1.02	7	2004-04-01
2.010101	13	2016-06-06
SELECT * FROM t1 WHERE a >= CAST(CONCAT('123','abc','456') AS NCHAR);
a	b	c
2001.01	13	2019-05-01
2001.0101	22	2006-02-01
20010101	10	2007-08-01
2019	21	2011-09-01
201901.01	16	2012-05-01
2147483647	-1	2001-01-03
2147483647	-13	2001-01-11
Warning	1292	Truncated incorrect DOUBLE value: '123abc456'
Warning	1292	Truncated incorrect DOUBLE value: '123abc456'
Warnings:
SELECT * FROM t1 WHERE a = CAST('1.01' AS BINARY);
a	b	c
1.01	6	2009-11-01
SELECT * FROM t1 WHERE a = CAST(1 AS BINARY);
a	b	c
1	3	2000-01-01
1	5	2013-01-01
1	9	2008-01-01
SELECT * FROM t1 WHERE a < CAST(b AS BINARY);
a	b	c
-2147483648	-9	2001-01-05
-2147483648	2	2001-01-02
1	3	2000-01-01
1	5	2013-01-01
1	9	2008-01-01
1.01	6	2009-11-01
1.02	7	2004-04-01
2.010101	13	2016-06-06
SELECT * FROM t1 WHERE a >= CAST(REPLACE('ab12c4','ab12','234') AS BINARY);
a	b	c
2001.01	13	2019-05-01
2001.0101	22	2006-02-01
20010101	10	2007-08-01
2019	21	2011-09-01
201901.01	16	2012-05-01
2147483647	-1	2001-01-03
2147483647	-13	2001-01-11
Warning	1292	Truncated incorrect DOUBLE value: '234c4'
Warning	1292	Truncated incorrect DOUBLE value: '234c4'
Warnings:
SELECT * FROM t1 WHERE a = CAST('1.0' AS SIGNED);
a	b	c
1	3	2000-01-01
1	5	2013-01-01
1	9	2008-01-01
Warning	1292	Truncated incorrect INTEGER value: '1.0'
Warning	1292	Truncated incorrect INTEGER value: '1.0'
Warnings:
SELECT * FROM t1 WHERE a = CAST(1.000 AS SIGNED);
a	b	c
1	3	2000-01-01
1	5	2013-01-01
1	9	2008-01-01
SELECT * FROM t1 WHERE a < CAST(2147483647 AS SIGNED);
a	b	c
-2147483648	-9	2001-01-05
-2147483648	2	2001-01-02
1	3	2000-01-01
1	5	2013-01-01
1	9	2008-01-01
1.01	6	2009-11-01
1.02	7	2004-04-01
12	11	2002-01-01
2	1	2001-01-01
2.010101	13	2016-06-06
2001.01	13	2019-05-01
2001.0101	22	2006-02-01
20010101	10	2007-08-01
2019	21	2011-09-01
201901.01	16	2012-05-01
SELECT * FROM t1 WHERE a >= CAST(-2147483649 AS SIGNED);
a	b	c
-2147483648	-9	2001-01-05
-2147483648	2	2001-01-02
1	3	2000-01-01
1	5	2013-01-01
1	9	2008-01-01
1.01	6	2009-11-01
1.02	7	2004-04-01
12	11	2002-01-01
2	1	2001-01-01
2.010101	13	2016-06-06
2001.01	13	2019-05-01
2001.0101	22	2006-02-01
20010101	10	2007-08-01
2019	21	2011-09-01
201901.01	16	2012-05-01
2147483647	-1	2001-01-03
2147483647	-13	2001-01-11
SELECT * FROM t1 WHERE a < CAST(b AS SIGNED);
a	b	c
-2147483648	-9	2001-01-05
-2147483648	2	2001-01-02
1	3	2000-01-01
1	5	2013-01-01
1	9	2008-01-01
1.01	6	2009-11-01
1.02	7	2004-04-01
2.010101	13	2016-06-06
SELECT * FROM t1 WHERE a >= CAST(LENGTH('ab123cd456') AS SIGNED);
a	b	c
12	11	2002-01-01
2001.01	13	2019-05-01
2001.0101	22	2006-02-01
20010101	10	2007-08-01
2019	21	2011-09-01
201901.01	16	2012-05-01
2147483647	-1	2001-01-03
2147483647	-13	2001-01-11
SELECT * FROM t1 WHERE a = CAST('1' AS UNSIGNED);
a	b	c
1	3	2000-01-01
1	5	2013-01-01
1	9	2008-01-01
SELECT * FROM t1 WHERE a = CAST(1.01 AS UNSIGNED);
a	b	c
1	3	2000-01-01
1	5	2013-01-01
1	9	2008-01-01
SELECT * FROM t1 WHERE a < CAST(4294967297 AS UNSIGNED);
a	b	c
-2147483648	-9	2001-01-05
-2147483648	2	2001-01-02
1	3	2000-01-01
1	5	2013-01-01
1	9	2008-01-01
1.01	6	2009-11-01
1.02	7	2004-04-01
12	11	2002-01-01
2	1	2001-01-01
2.010101	13	2016-06-06
2001.01	13	2019-05-01
2001.0101	22	2006-02-01
20010101	10	2007-08-01
2019	21	2011-09-01
201901.01	16	2012-05-01
2147483647	-1	2001-01-03
2147483647	-13	2001-01-11
SELECT * FROM t1 WHERE a >= CAST(-4294967299 AS UNSIGNED);
a	b	c
Note	1105	Cast to unsigned converted negative integer to it's positive complement
Warnings:
SELECT * FROM t1 WHERE a < CAST(b AS UNSIGNED);
a	b	c
-2147483648	-9	2001-01-05
-2147483648	2	2001-01-02
1	3	2000-01-01
1	5	2013-01-01
1	9	2008-01-01
1.01	6	2009-11-01
1.02	7	2004-04-01
2.010101	13	2016-06-06
2147483647	-1	2001-01-03
2147483647	-13	2001-01-11
Note	1105	Cast to unsigned converted negative integer to it's positive complement
Note	1105	Cast to unsigned converted negative integer to it's positive complement
Note	1105	Cast to unsigned converted negative integer to it's positive complement
Warnings:
SELECT * FROM t1 WHERE a >= CAST(RPAD('123abc4567',7,'00') AS UNSIGNED);
a	b	c
2001.01	13	2019-05-01
2001.0101	22	2006-02-01
20010101	10	2007-08-01
2019	21	2011-09-01
201901.01	16	2012-05-01
2147483647	-1	2001-01-03
2147483647	-13	2001-01-11
Warning	1292	Truncated incorrect INTEGER value: '123abc4'
Warning	1292	Truncated incorrect INTEGER value: '123abc4'
Warnings:
SELECT * FROM t1 WHERE a = CAST('1' AS DECIMAL);
a	b	c
1	3	2000-01-01
1	5	2013-01-01
1	9	2008-01-01
SELECT * FROM t1 WHERE a = CAST(1.02 AS DECIMAL);
a	b	c
1	3	2000-01-01
1	5	2013-01-01
1	9	2008-01-01
SELECT * FROM t1 WHERE a <= CAST(922337203685477580800 AS DECIMAL);
a	b	c
-2147483648	-9	2001-01-05
-2147483648	2	2001-01-02
1	3	2000-01-01
1	5	2013-01-01
1	9	2008-01-01
1.01	6	2009-11-01
1.02	7	2004-04-01
12	11	2002-01-01
2	1	2001-01-01
2.010101	13	2016-06-06
2001.01	13	2019-05-01
2001.0101	22	2006-02-01
20010101	10	2007-08-01
2019	21	2011-09-01
201901.01	16	2012-05-01
2147483647	-1	2001-01-03
2147483647	-13	2001-01-11
Warning	1264	Out of range value for column '(null)' at row 1
Warning	1264	Out of range value for column '(null)' at row 1
Warnings:
SELECT * FROM t1 WHERE a < CAST(b AS DECIMAL);
a	b	c
-2147483648	-9	2001-01-05
-2147483648	2	2001-01-02
1	3	2000-01-01
1	5	2013-01-01
1	9	2008-01-01
1.01	6	2009-11-01
1.02	7	2004-04-01
2.010101	13	2016-06-06
SELECT * FROM t1 WHERE a >= CAST(LPAD('123abc4567',5,'00') AS DECIMAL);
a	b	c
2001.01	13	2019-05-01
2001.0101	22	2006-02-01
20010101	10	2007-08-01
2019	21	2011-09-01
201901.01	16	2012-05-01
2147483647	-1	2001-01-03
2147483647	-13	2001-01-11
Warning	1292	Truncated incorrect DECIMAL value: '123ab'
Warning	1292	Truncated incorrect DECIMAL value: '123ab'
Warnings:
SELECT * FROM t1 WHERE a = CAST('1' AS DATE);
a	b	c
-2147483648	-9	2001-01-05
-2147483648	2	2001-01-02
1	3	2000-01-01
1	5	2013-01-01
1	9	2008-01-01
1.01	6	2009-11-01
1.02	7	2004-04-01
12	11	2002-01-01
2	1	2001-01-01
2.010101	13	2016-06-06
2001.01	13	2019-05-01
2001.0101	22	2006-02-01
2019	21	2011-09-01
201901.01	16	2012-05-01
2147483647	-1	2001-01-03
2147483647	-13	2001-01-11
Warning	1292	Incorrect datetime value: '-2147483648' for column `func_cast_duoble_doubleunsigned_sequoiadb`.`t1`.`a` at row 14
Warning	1292	Incorrect datetime value: '-2147483648' for column `func_cast_duoble_doubleunsigned_sequoiadb`.`t1`.`a` at row 16
Warning	1292	Incorrect datetime value: '1' for column `func_cast_duoble_doubleunsigned_sequoiadb`.`t1`.`a` at row 1
Warning	1292	Incorrect datetime value: '1' for column `func_cast_duoble_doubleunsigned_sequoiadb`.`t1`.`a` at row 4
Warning	1292	Incorrect datetime value: '1' for column `func_cast_duoble_doubleunsigned_sequoiadb`.`t1`.`a` at row 5
Warning	1292	Incorrect datetime value: '1.01' for column `func_cast_duoble_doubleunsigned_sequoiadb`.`t1`.`a` at row 7
Warning	1292	Incorrect datetime value: '1.02' for column `func_cast_duoble_doubleunsigned_sequoiadb`.`t1`.`a` at row 6
Warning	1292	Incorrect datetime value: '12' for column `func_cast_duoble_doubleunsigned_sequoiadb`.`t1`.`a` at row 3
Warning	1292	Incorrect datetime value: '2' for column `func_cast_duoble_doubleunsigned_sequoiadb`.`t1`.`a` at row 2
Warning	1292	Incorrect datetime value: '2.010101' for column `func_cast_duoble_doubleunsigned_sequoiadb`.`t1`.`a` at row 13
Warning	1292	Incorrect datetime value: '2001.01' for column `func_cast_duoble_doubleunsigned_sequoiadb`.`t1`.`a` at row 8
Warning	1292	Incorrect datetime value: '2001.0101' for column `func_cast_duoble_doubleunsigned_sequoiadb`.`t1`.`a` at row 9
Warning	1292	Incorrect datetime value: '2019' for column `func_cast_duoble_doubleunsigned_sequoiadb`.`t1`.`a` at row 11
Warning	1292	Incorrect datetime value: '201901.01' for column `func_cast_duoble_doubleunsigned_sequoiadb`.`t1`.`a` at row 12
Warning	1292	Incorrect datetime value: '2147483647' for column `func_cast_duoble_doubleunsigned_sequoiadb`.`t1`.`a` at row 15
Warning	1292	Incorrect datetime value: '2147483647' for column `func_cast_duoble_doubleunsigned_sequoiadb`.`t1`.`a` at row 17
Warning	1292	Truncated incorrect datetime value: '1'
Warnings:
SELECT * FROM t1 WHERE a >= CAST('2001-01-01' AS DATE);
a	b	c
20010101	10	2007-08-01
Warning	1292	Incorrect datetime value: '-2147483648' for column `func_cast_duoble_doubleunsigned_sequoiadb`.`t1`.`a` at row 14
Warning	1292	Incorrect datetime value: '-2147483648' for column `func_cast_duoble_doubleunsigned_sequoiadb`.`t1`.`a` at row 16
Warning	1292	Incorrect datetime value: '1' for column `func_cast_duoble_doubleunsigned_sequoiadb`.`t1`.`a` at row 1
Warning	1292	Incorrect datetime value: '1' for column `func_cast_duoble_doubleunsigned_sequoiadb`.`t1`.`a` at row 4
Warning	1292	Incorrect datetime value: '1' for column `func_cast_duoble_doubleunsigned_sequoiadb`.`t1`.`a` at row 5
Warning	1292	Incorrect datetime value: '1.01' for column `func_cast_duoble_doubleunsigned_sequoiadb`.`t1`.`a` at row 7
Warning	1292	Incorrect datetime value: '1.02' for column `func_cast_duoble_doubleunsigned_sequoiadb`.`t1`.`a` at row 6
Warning	1292	Incorrect datetime value: '12' for column `func_cast_duoble_doubleunsigned_sequoiadb`.`t1`.`a` at row 3
Warning	1292	Incorrect datetime value: '2' for column `func_cast_duoble_doubleunsigned_sequoiadb`.`t1`.`a` at row 2
Warning	1292	Incorrect datetime value: '2.010101' for column `func_cast_duoble_doubleunsigned_sequoiadb`.`t1`.`a` at row 13
Warning	1292	Incorrect datetime value: '2001.01' for column `func_cast_duoble_doubleunsigned_sequoiadb`.`t1`.`a` at row 8
Warning	1292	Incorrect datetime value: '2001.0101' for column `func_cast_duoble_doubleunsigned_sequoiadb`.`t1`.`a` at row 9
Warning	1292	Incorrect datetime value: '2019' for column `func_cast_duoble_doubleunsigned_sequoiadb`.`t1`.`a` at row 11
Warning	1292	Incorrect datetime value: '201901.01' for column `func_cast_duoble_doubleunsigned_sequoiadb`.`t1`.`a` at row 12
Warning	1292	Incorrect datetime value: '2147483647' for column `func_cast_duoble_doubleunsigned_sequoiadb`.`t1`.`a` at row 15
Warning	1292	Incorrect datetime value: '2147483647' for column `func_cast_duoble_doubleunsigned_sequoiadb`.`t1`.`a` at row 17
Warnings:
SELECT * FROM t1 WHERE a >= CAST('2001#01#01' AS DATE);
a	b	c
20010101	10	2007-08-01
Warning	1292	Incorrect datetime value: '-2147483648' for column `func_cast_duoble_doubleunsigned_sequoiadb`.`t1`.`a` at row 14
Warning	1292	Incorrect datetime value: '-2147483648' for column `func_cast_duoble_doubleunsigned_sequoiadb`.`t1`.`a` at row 16
Warning	1292	Incorrect datetime value: '1' for column `func_cast_duoble_doubleunsigned_sequoiadb`.`t1`.`a` at row 1
Warning	1292	Incorrect datetime value: '1' for column `func_cast_duoble_doubleunsigned_sequoiadb`.`t1`.`a` at row 4
Warning	1292	Incorrect datetime value: '1' for column `func_cast_duoble_doubleunsigned_sequoiadb`.`t1`.`a` at row 5
Warning	1292	Incorrect datetime value: '1.01' for column `func_cast_duoble_doubleunsigned_sequoiadb`.`t1`.`a` at row 7
Warning	1292	Incorrect datetime value: '1.02' for column `func_cast_duoble_doubleunsigned_sequoiadb`.`t1`.`a` at row 6
Warning	1292	Incorrect datetime value: '12' for column `func_cast_duoble_doubleunsigned_sequoiadb`.`t1`.`a` at row 3
Warning	1292	Incorrect datetime value: '2' for column `func_cast_duoble_doubleunsigned_sequoiadb`.`t1`.`a` at row 2
Warning	1292	Incorrect datetime value: '2.010101' for column `func_cast_duoble_doubleunsigned_sequoiadb`.`t1`.`a` at row 13
Warning	1292	Incorrect datetime value: '2001.01' for column `func_cast_duoble_doubleunsigned_sequoiadb`.`t1`.`a` at row 8
Warning	1292	Incorrect datetime value: '2001.0101' for column `func_cast_duoble_doubleunsigned_sequoiadb`.`t1`.`a` at row 9
Warning	1292	Incorrect datetime value: '2019' for column `func_cast_duoble_doubleunsigned_sequoiadb`.`t1`.`a` at row 11
Warning	1292	Incorrect datetime value: '201901.01' for column `func_cast_duoble_doubleunsigned_sequoiadb`.`t1`.`a` at row 12
Warning	1292	Incorrect datetime value: '2147483647' for column `func_cast_duoble_doubleunsigned_sequoiadb`.`t1`.`a` at row 15
Warning	1292	Incorrect datetime value: '2147483647' for column `func_cast_duoble_doubleunsigned_sequoiadb`.`t1`.`a` at row 17
Warnings:
SELECT * FROM t1 WHERE a >= CAST('2001.01.01' AS DATE);
a	b	c
20010101	10	2007-08-01
Warning	1292	Incorrect datetime value: '-2147483648' for column `func_cast_duoble_doubleunsigned_sequoiadb`.`t1`.`a` at row 14
Warning	1292	Incorrect datetime value: '-2147483648' for column `func_cast_duoble_doubleunsigned_sequoiadb`.`t1`.`a` at row 16
Warning	1292	Incorrect datetime value: '1' for column `func_cast_duoble_doubleunsigned_sequoiadb`.`t1`.`a` at row 1
Warning	1292	Incorrect datetime value: '1' for column `func_cast_duoble_doubleunsigned_sequoiadb`.`t1`.`a` at row 4
Warning	1292	Incorrect datetime value: '1' for column `func_cast_duoble_doubleunsigned_sequoiadb`.`t1`.`a` at row 5
Warning	1292	Incorrect datetime value: '1.01' for column `func_cast_duoble_doubleunsigned_sequoiadb`.`t1`.`a` at row 7
Warning	1292	Incorrect datetime value: '1.02' for column `func_cast_duoble_doubleunsigned_sequoiadb`.`t1`.`a` at row 6
Warning	1292	Incorrect datetime value: '12' for column `func_cast_duoble_doubleunsigned_sequoiadb`.`t1`.`a` at row 3
Warning	1292	Incorrect datetime value: '2' for column `func_cast_duoble_doubleunsigned_sequoiadb`.`t1`.`a` at row 2
Warning	1292	Incorrect datetime value: '2.010101' for column `func_cast_duoble_doubleunsigned_sequoiadb`.`t1`.`a` at row 13
Warning	1292	Incorrect datetime value: '2001.01' for column `func_cast_duoble_doubleunsigned_sequoiadb`.`t1`.`a` at row 8
Warning	1292	Incorrect datetime value: '2001.0101' for column `func_cast_duoble_doubleunsigned_sequoiadb`.`t1`.`a` at row 9
Warning	1292	Incorrect datetime value: '2019' for column `func_cast_duoble_doubleunsigned_sequoiadb`.`t1`.`a` at row 11
Warning	1292	Incorrect datetime value: '201901.01' for column `func_cast_duoble_doubleunsigned_sequoiadb`.`t1`.`a` at row 12
Warning	1292	Incorrect datetime value: '2147483647' for column `func_cast_duoble_doubleunsigned_sequoiadb`.`t1`.`a` at row 15
Warning	1292	Incorrect datetime value: '2147483647' for column `func_cast_duoble_doubleunsigned_sequoiadb`.`t1`.`a` at row 17
Warnings:
SELECT * FROM t1 WHERE a > CAST('10000.01.01' AS DATE);
a	b	c
20010101	10	2007-08-01
Warning	1292	Incorrect datetime value: '-2147483648' for column `func_cast_duoble_doubleunsigned_sequoiadb`.`t1`.`a` at row 14
Warning	1292	Incorrect datetime value: '-2147483648' for column `func_cast_duoble_doubleunsigned_sequoiadb`.`t1`.`a` at row 16
Warning	1292	Incorrect datetime value: '1' for column `func_cast_duoble_doubleunsigned_sequoiadb`.`t1`.`a` at row 1
Warning	1292	Incorrect datetime value: '1' for column `func_cast_duoble_doubleunsigned_sequoiadb`.`t1`.`a` at row 4
Warning	1292	Incorrect datetime value: '1' for column `func_cast_duoble_doubleunsigned_sequoiadb`.`t1`.`a` at row 5
Warning	1292	Incorrect datetime value: '1.01' for column `func_cast_duoble_doubleunsigned_sequoiadb`.`t1`.`a` at row 7
Warning	1292	Incorrect datetime value: '1.02' for column `func_cast_duoble_doubleunsigned_sequoiadb`.`t1`.`a` at row 6
Warning	1292	Incorrect datetime value: '12' for column `func_cast_duoble_doubleunsigned_sequoiadb`.`t1`.`a` at row 3
Warning	1292	Incorrect datetime value: '2' for column `func_cast_duoble_doubleunsigned_sequoiadb`.`t1`.`a` at row 2
Warning	1292	Incorrect datetime value: '2.010101' for column `func_cast_duoble_doubleunsigned_sequoiadb`.`t1`.`a` at row 13
Warning	1292	Incorrect datetime value: '2001.01' for column `func_cast_duoble_doubleunsigned_sequoiadb`.`t1`.`a` at row 8
Warning	1292	Incorrect datetime value: '2001.0101' for column `func_cast_duoble_doubleunsigned_sequoiadb`.`t1`.`a` at row 9
Warning	1292	Incorrect datetime value: '2019' for column `func_cast_duoble_doubleunsigned_sequoiadb`.`t1`.`a` at row 11
Warning	1292	Incorrect datetime value: '201901.01' for column `func_cast_duoble_doubleunsigned_sequoiadb`.`t1`.`a` at row 12
Warning	1292	Incorrect datetime value: '2147483647' for column `func_cast_duoble_doubleunsigned_sequoiadb`.`t1`.`a` at row 15
Warning	1292	Incorrect datetime value: '2147483647' for column `func_cast_duoble_doubleunsigned_sequoiadb`.`t1`.`a` at row 17
Warning	1292	Truncated incorrect datetime value: '10000.01.01'
Warnings:
SELECT * FROM t1 WHERE a < CAST(c AS DATE);
a	b	c
-2147483648	-9	2001-01-05
-2147483648	2	2001-01-02
1	3	2000-01-01
1	5	2013-01-01
1	9	2008-01-01
1.01	6	2009-11-01
1.02	7	2004-04-01
12	11	2002-01-01
2	1	2001-01-01
2.010101	13	2016-06-06
2001.01	13	2019-05-01
2001.0101	22	2006-02-01
20010101	10	2007-08-01
2019	21	2011-09-01
201901.01	16	2012-05-01
2147483647	-1	2001-01-03
2147483647	-13	2001-01-11
Warning	1292	Incorrect datetime value: '-2147483648' for column `func_cast_duoble_doubleunsigned_sequoiadb`.`t1`.`a` at row 14
Warning	1292	Incorrect datetime value: '-2147483648' for column `func_cast_duoble_doubleunsigned_sequoiadb`.`t1`.`a` at row 16
Warning	1292	Incorrect datetime value: '1' for column `func_cast_duoble_doubleunsigned_sequoiadb`.`t1`.`a` at row 1
Warning	1292	Incorrect datetime value: '1' for column `func_cast_duoble_doubleunsigned_sequoiadb`.`t1`.`a` at row 4
Warning	1292	Incorrect datetime value: '1' for column `func_cast_duoble_doubleunsigned_sequoiadb`.`t1`.`a` at row 5
Warning	1292	Incorrect datetime value: '1.01' for column `func_cast_duoble_doubleunsigned_sequoiadb`.`t1`.`a` at row 7
Warning	1292	Incorrect datetime value: '1.02' for column `func_cast_duoble_doubleunsigned_sequoiadb`.`t1`.`a` at row 6
Warning	1292	Incorrect datetime value: '12' for column `func_cast_duoble_doubleunsigned_sequoiadb`.`t1`.`a` at row 3
Warning	1292	Incorrect datetime value: '2' for column `func_cast_duoble_doubleunsigned_sequoiadb`.`t1`.`a` at row 2
Warning	1292	Incorrect datetime value: '2.010101' for column `func_cast_duoble_doubleunsigned_sequoiadb`.`t1`.`a` at row 13
Warning	1292	Incorrect datetime value: '2001.01' for column `func_cast_duoble_doubleunsigned_sequoiadb`.`t1`.`a` at row 8
Warning	1292	Incorrect datetime value: '2001.0101' for column `func_cast_duoble_doubleunsigned_sequoiadb`.`t1`.`a` at row 9
Warning	1292	Incorrect datetime value: '2019' for column `func_cast_duoble_doubleunsigned_sequoiadb`.`t1`.`a` at row 11
Warning	1292	Incorrect datetime value: '201901.01' for column `func_cast_duoble_doubleunsigned_sequoiadb`.`t1`.`a` at row 12
Warning	1292	Incorrect datetime value: '2147483647' for column `func_cast_duoble_doubleunsigned_sequoiadb`.`t1`.`a` at row 15
Warning	1292	Incorrect datetime value: '2147483647' for column `func_cast_duoble_doubleunsigned_sequoiadb`.`t1`.`a` at row 17
Warnings:
SELECT * FROM t1 WHERE a <= CAST(NOW() AS DATE);
a	b	c
-2147483648	-9	2001-01-05
-2147483648	2	2001-01-02
1	3	2000-01-01
1	5	2013-01-01
1	9	2008-01-01
1.01	6	2009-11-01
1.02	7	2004-04-01
12	11	2002-01-01
2	1	2001-01-01
2.010101	13	2016-06-06
2001.01	13	2019-05-01
2001.0101	22	2006-02-01
20010101	10	2007-08-01
2019	21	2011-09-01
201901.01	16	2012-05-01
2147483647	-1	2001-01-03
2147483647	-13	2001-01-11
Warning	1292	Incorrect datetime value: '-2147483648' for column `func_cast_duoble_doubleunsigned_sequoiadb`.`t1`.`a` at row 14
Warning	1292	Incorrect datetime value: '-2147483648' for column `func_cast_duoble_doubleunsigned_sequoiadb`.`t1`.`a` at row 16
Warning	1292	Incorrect datetime value: '1' for column `func_cast_duoble_doubleunsigned_sequoiadb`.`t1`.`a` at row 1
Warning	1292	Incorrect datetime value: '1' for column `func_cast_duoble_doubleunsigned_sequoiadb`.`t1`.`a` at row 4
Warning	1292	Incorrect datetime value: '1' for column `func_cast_duoble_doubleunsigned_sequoiadb`.`t1`.`a` at row 5
Warning	1292	Incorrect datetime value: '1.01' for column `func_cast_duoble_doubleunsigned_sequoiadb`.`t1`.`a` at row 7
Warning	1292	Incorrect datetime value: '1.02' for column `func_cast_duoble_doubleunsigned_sequoiadb`.`t1`.`a` at row 6
Warning	1292	Incorrect datetime value: '12' for column `func_cast_duoble_doubleunsigned_sequoiadb`.`t1`.`a` at row 3
Warning	1292	Incorrect datetime value: '2' for column `func_cast_duoble_doubleunsigned_sequoiadb`.`t1`.`a` at row 2
Warning	1292	Incorrect datetime value: '2.010101' for column `func_cast_duoble_doubleunsigned_sequoiadb`.`t1`.`a` at row 13
Warning	1292	Incorrect datetime value: '2001.01' for column `func_cast_duoble_doubleunsigned_sequoiadb`.`t1`.`a` at row 8
Warning	1292	Incorrect datetime value: '2001.0101' for column `func_cast_duoble_doubleunsigned_sequoiadb`.`t1`.`a` at row 9
Warning	1292	Incorrect datetime value: '2019' for column `func_cast_duoble_doubleunsigned_sequoiadb`.`t1`.`a` at row 11
Warning	1292	Incorrect datetime value: '201901.01' for column `func_cast_duoble_doubleunsigned_sequoiadb`.`t1`.`a` at row 12
Warning	1292	Incorrect datetime value: '2147483647' for column `func_cast_duoble_doubleunsigned_sequoiadb`.`t1`.`a` at row 15
Warning	1292	Incorrect datetime value: '2147483647' for column `func_cast_duoble_doubleunsigned_sequoiadb`.`t1`.`a` at row 17
Warnings:
SELECT * FROM t1 WHERE a = CAST('1' AS DATETIME);
a	b	c
-2147483648	-9	2001-01-05
-2147483648	2	2001-01-02
1	3	2000-01-01
1	5	2013-01-01
1	9	2008-01-01
1.01	6	2009-11-01
1.02	7	2004-04-01
12	11	2002-01-01
2	1	2001-01-01
2.010101	13	2016-06-06
2001.01	13	2019-05-01
2001.0101	22	2006-02-01
2019	21	2011-09-01
201901.01	16	2012-05-01
2147483647	-1	2001-01-03
2147483647	-13	2001-01-11
Warning	1292	Incorrect datetime value: '-2147483648' for column `func_cast_duoble_doubleunsigned_sequoiadb`.`t1`.`a` at row 14
Warning	1292	Incorrect datetime value: '-2147483648' for column `func_cast_duoble_doubleunsigned_sequoiadb`.`t1`.`a` at row 16
Warning	1292	Incorrect datetime value: '1' for column `func_cast_duoble_doubleunsigned_sequoiadb`.`t1`.`a` at row 1
Warning	1292	Incorrect datetime value: '1' for column `func_cast_duoble_doubleunsigned_sequoiadb`.`t1`.`a` at row 4
Warning	1292	Incorrect datetime value: '1' for column `func_cast_duoble_doubleunsigned_sequoiadb`.`t1`.`a` at row 5
Warning	1292	Incorrect datetime value: '1.01' for column `func_cast_duoble_doubleunsigned_sequoiadb`.`t1`.`a` at row 7
Warning	1292	Incorrect datetime value: '1.02' for column `func_cast_duoble_doubleunsigned_sequoiadb`.`t1`.`a` at row 6
Warning	1292	Incorrect datetime value: '12' for column `func_cast_duoble_doubleunsigned_sequoiadb`.`t1`.`a` at row 3
Warning	1292	Incorrect datetime value: '2' for column `func_cast_duoble_doubleunsigned_sequoiadb`.`t1`.`a` at row 2
Warning	1292	Incorrect datetime value: '2.010101' for column `func_cast_duoble_doubleunsigned_sequoiadb`.`t1`.`a` at row 13
Warning	1292	Incorrect datetime value: '2001.01' for column `func_cast_duoble_doubleunsigned_sequoiadb`.`t1`.`a` at row 8
Warning	1292	Incorrect datetime value: '2001.0101' for column `func_cast_duoble_doubleunsigned_sequoiadb`.`t1`.`a` at row 9
Warning	1292	Incorrect datetime value: '2019' for column `func_cast_duoble_doubleunsigned_sequoiadb`.`t1`.`a` at row 11
Warning	1292	Incorrect datetime value: '201901.01' for column `func_cast_duoble_doubleunsigned_sequoiadb`.`t1`.`a` at row 12
Warning	1292	Incorrect datetime value: '2147483647' for column `func_cast_duoble_doubleunsigned_sequoiadb`.`t1`.`a` at row 15
Warning	1292	Incorrect datetime value: '2147483647' for column `func_cast_duoble_doubleunsigned_sequoiadb`.`t1`.`a` at row 17
Warning	1292	Truncated incorrect datetime value: '1'
Warnings:
SELECT * FROM t1 WHERE a >= CAST('2001-01-01 00:00:00' AS DATETIME);
a	b	c
20010101	10	2007-08-01
Warning	1292	Incorrect datetime value: '-2147483648' for column `func_cast_duoble_doubleunsigned_sequoiadb`.`t1`.`a` at row 14
Warning	1292	Incorrect datetime value: '-2147483648' for column `func_cast_duoble_doubleunsigned_sequoiadb`.`t1`.`a` at row 16
Warning	1292	Incorrect datetime value: '1' for column `func_cast_duoble_doubleunsigned_sequoiadb`.`t1`.`a` at row 1
Warning	1292	Incorrect datetime value: '1' for column `func_cast_duoble_doubleunsigned_sequoiadb`.`t1`.`a` at row 4
Warning	1292	Incorrect datetime value: '1' for column `func_cast_duoble_doubleunsigned_sequoiadb`.`t1`.`a` at row 5
Warning	1292	Incorrect datetime value: '1.01' for column `func_cast_duoble_doubleunsigned_sequoiadb`.`t1`.`a` at row 7
Warning	1292	Incorrect datetime value: '1.02' for column `func_cast_duoble_doubleunsigned_sequoiadb`.`t1`.`a` at row 6
Warning	1292	Incorrect datetime value: '12' for column `func_cast_duoble_doubleunsigned_sequoiadb`.`t1`.`a` at row 3
Warning	1292	Incorrect datetime value: '2' for column `func_cast_duoble_doubleunsigned_sequoiadb`.`t1`.`a` at row 2
Warning	1292	Incorrect datetime value: '2.010101' for column `func_cast_duoble_doubleunsigned_sequoiadb`.`t1`.`a` at row 13
Warning	1292	Incorrect datetime value: '2001.01' for column `func_cast_duoble_doubleunsigned_sequoiadb`.`t1`.`a` at row 8
Warning	1292	Incorrect datetime value: '2001.0101' for column `func_cast_duoble_doubleunsigned_sequoiadb`.`t1`.`a` at row 9
Warning	1292	Incorrect datetime value: '2019' for column `func_cast_duoble_doubleunsigned_sequoiadb`.`t1`.`a` at row 11
Warning	1292	Incorrect datetime value: '201901.01' for column `func_cast_duoble_doubleunsigned_sequoiadb`.`t1`.`a` at row 12
Warning	1292	Incorrect datetime value: '2147483647' for column `func_cast_duoble_doubleunsigned_sequoiadb`.`t1`.`a` at row 15
Warning	1292	Incorrect datetime value: '2147483647' for column `func_cast_duoble_doubleunsigned_sequoiadb`.`t1`.`a` at row 17
Warnings:
SELECT * FROM t1 WHERE a >= CAST('2001#01#01 23:59:00' AS DATETIME);
a	b	c
Warning	1292	Incorrect datetime value: '-2147483648' for column `func_cast_duoble_doubleunsigned_sequoiadb`.`t1`.`a` at row 14
Warning	1292	Incorrect datetime value: '-2147483648' for column `func_cast_duoble_doubleunsigned_sequoiadb`.`t1`.`a` at row 16
Warning	1292	Incorrect datetime value: '1' for column `func_cast_duoble_doubleunsigned_sequoiadb`.`t1`.`a` at row 1
Warning	1292	Incorrect datetime value: '1' for column `func_cast_duoble_doubleunsigned_sequoiadb`.`t1`.`a` at row 4
Warning	1292	Incorrect datetime value: '1' for column `func_cast_duoble_doubleunsigned_sequoiadb`.`t1`.`a` at row 5
Warning	1292	Incorrect datetime value: '1.01' for column `func_cast_duoble_doubleunsigned_sequoiadb`.`t1`.`a` at row 7
Warning	1292	Incorrect datetime value: '1.02' for column `func_cast_duoble_doubleunsigned_sequoiadb`.`t1`.`a` at row 6
Warning	1292	Incorrect datetime value: '12' for column `func_cast_duoble_doubleunsigned_sequoiadb`.`t1`.`a` at row 3
Warning	1292	Incorrect datetime value: '2' for column `func_cast_duoble_doubleunsigned_sequoiadb`.`t1`.`a` at row 2
Warning	1292	Incorrect datetime value: '2.010101' for column `func_cast_duoble_doubleunsigned_sequoiadb`.`t1`.`a` at row 13
Warning	1292	Incorrect datetime value: '2001.01' for column `func_cast_duoble_doubleunsigned_sequoiadb`.`t1`.`a` at row 8
Warning	1292	Incorrect datetime value: '2001.0101' for column `func_cast_duoble_doubleunsigned_sequoiadb`.`t1`.`a` at row 9
Warning	1292	Incorrect datetime value: '2019' for column `func_cast_duoble_doubleunsigned_sequoiadb`.`t1`.`a` at row 11
Warning	1292	Incorrect datetime value: '201901.01' for column `func_cast_duoble_doubleunsigned_sequoiadb`.`t1`.`a` at row 12
Warning	1292	Incorrect datetime value: '2147483647' for column `func_cast_duoble_doubleunsigned_sequoiadb`.`t1`.`a` at row 15
Warning	1292	Incorrect datetime value: '2147483647' for column `func_cast_duoble_doubleunsigned_sequoiadb`.`t1`.`a` at row 17
Warnings:
SELECT * FROM t1 WHERE a >= CAST('2001.01.01 01:00:00' AS DATETIME);
a	b	c
Warning	1292	Incorrect datetime value: '-2147483648' for column `func_cast_duoble_doubleunsigned_sequoiadb`.`t1`.`a` at row 14
Warning	1292	Incorrect datetime value: '-2147483648' for column `func_cast_duoble_doubleunsigned_sequoiadb`.`t1`.`a` at row 16
Warning	1292	Incorrect datetime value: '1' for column `func_cast_duoble_doubleunsigned_sequoiadb`.`t1`.`a` at row 1
Warning	1292	Incorrect datetime value: '1' for column `func_cast_duoble_doubleunsigned_sequoiadb`.`t1`.`a` at row 4
Warning	1292	Incorrect datetime value: '1' for column `func_cast_duoble_doubleunsigned_sequoiadb`.`t1`.`a` at row 5
Warning	1292	Incorrect datetime value: '1.01' for column `func_cast_duoble_doubleunsigned_sequoiadb`.`t1`.`a` at row 7
Warning	1292	Incorrect datetime value: '1.02' for column `func_cast_duoble_doubleunsigned_sequoiadb`.`t1`.`a` at row 6
Warning	1292	Incorrect datetime value: '12' for column `func_cast_duoble_doubleunsigned_sequoiadb`.`t1`.`a` at row 3
Warning	1292	Incorrect datetime value: '2' for column `func_cast_duoble_doubleunsigned_sequoiadb`.`t1`.`a` at row 2
Warning	1292	Incorrect datetime value: '2.010101' for column `func_cast_duoble_doubleunsigned_sequoiadb`.`t1`.`a` at row 13
Warning	1292	Incorrect datetime value: '2001.01' for column `func_cast_duoble_doubleunsigned_sequoiadb`.`t1`.`a` at row 8
Warning	1292	Incorrect datetime value: '2001.0101' for column `func_cast_duoble_doubleunsigned_sequoiadb`.`t1`.`a` at row 9
Warning	1292	Incorrect datetime value: '2019' for column `func_cast_duoble_doubleunsigned_sequoiadb`.`t1`.`a` at row 11
Warning	1292	Incorrect datetime value: '201901.01' for column `func_cast_duoble_doubleunsigned_sequoiadb`.`t1`.`a` at row 12
Warning	1292	Incorrect datetime value: '2147483647' for column `func_cast_duoble_doubleunsigned_sequoiadb`.`t1`.`a` at row 15
Warning	1292	Incorrect datetime value: '2147483647' for column `func_cast_duoble_doubleunsigned_sequoiadb`.`t1`.`a` at row 17
Warnings:
SELECT * FROM t1 WHERE a > CAST('10000.01.01 03:00:00' AS DATETIME);
a	b	c
20010101	10	2007-08-01
Warning	1292	Incorrect datetime value: '-2147483648' for column `func_cast_duoble_doubleunsigned_sequoiadb`.`t1`.`a` at row 14
Warning	1292	Incorrect datetime value: '-2147483648' for column `func_cast_duoble_doubleunsigned_sequoiadb`.`t1`.`a` at row 16
Warning	1292	Incorrect datetime value: '1' for column `func_cast_duoble_doubleunsigned_sequoiadb`.`t1`.`a` at row 1
Warning	1292	Incorrect datetime value: '1' for column `func_cast_duoble_doubleunsigned_sequoiadb`.`t1`.`a` at row 4
Warning	1292	Incorrect datetime value: '1' for column `func_cast_duoble_doubleunsigned_sequoiadb`.`t1`.`a` at row 5
Warning	1292	Incorrect datetime value: '1.01' for column `func_cast_duoble_doubleunsigned_sequoiadb`.`t1`.`a` at row 7
Warning	1292	Incorrect datetime value: '1.02' for column `func_cast_duoble_doubleunsigned_sequoiadb`.`t1`.`a` at row 6
Warning	1292	Incorrect datetime value: '12' for column `func_cast_duoble_doubleunsigned_sequoiadb`.`t1`.`a` at row 3
Warning	1292	Incorrect datetime value: '2' for column `func_cast_duoble_doubleunsigned_sequoiadb`.`t1`.`a` at row 2
Warning	1292	Incorrect datetime value: '2.010101' for column `func_cast_duoble_doubleunsigned_sequoiadb`.`t1`.`a` at row 13
Warning	1292	Incorrect datetime value: '2001.01' for column `func_cast_duoble_doubleunsigned_sequoiadb`.`t1`.`a` at row 8
Warning	1292	Incorrect datetime value: '2001.0101' for column `func_cast_duoble_doubleunsigned_sequoiadb`.`t1`.`a` at row 9
Warning	1292	Incorrect datetime value: '2019' for column `func_cast_duoble_doubleunsigned_sequoiadb`.`t1`.`a` at row 11
Warning	1292	Incorrect datetime value: '201901.01' for column `func_cast_duoble_doubleunsigned_sequoiadb`.`t1`.`a` at row 12
Warning	1292	Incorrect datetime value: '2147483647' for column `func_cast_duoble_doubleunsigned_sequoiadb`.`t1`.`a` at row 15
Warning	1292	Incorrect datetime value: '2147483647' for column `func_cast_duoble_doubleunsigned_sequoiadb`.`t1`.`a` at row 17
Warning	1292	Truncated incorrect datetime value: '10000.01.01 03:00:00'
Warnings:
SELECT * FROM t1 WHERE a < CAST(c AS DATETIME);
a	b	c
-2147483648	-9	2001-01-05
-2147483648	2	2001-01-02
1	3	2000-01-01
1	5	2013-01-01
1	9	2008-01-01
1.01	6	2009-11-01
1.02	7	2004-04-01
12	11	2002-01-01
2	1	2001-01-01
2.010101	13	2016-06-06
2001.01	13	2019-05-01
2001.0101	22	2006-02-01
20010101	10	2007-08-01
2019	21	2011-09-01
201901.01	16	2012-05-01
2147483647	-1	2001-01-03
2147483647	-13	2001-01-11
Warning	1292	Incorrect datetime value: '-2147483648' for column `func_cast_duoble_doubleunsigned_sequoiadb`.`t1`.`a` at row 14
Warning	1292	Incorrect datetime value: '-2147483648' for column `func_cast_duoble_doubleunsigned_sequoiadb`.`t1`.`a` at row 16
Warning	1292	Incorrect datetime value: '1' for column `func_cast_duoble_doubleunsigned_sequoiadb`.`t1`.`a` at row 1
Warning	1292	Incorrect datetime value: '1' for column `func_cast_duoble_doubleunsigned_sequoiadb`.`t1`.`a` at row 4
Warning	1292	Incorrect datetime value: '1' for column `func_cast_duoble_doubleunsigned_sequoiadb`.`t1`.`a` at row 5
Warning	1292	Incorrect datetime value: '1.01' for column `func_cast_duoble_doubleunsigned_sequoiadb`.`t1`.`a` at row 7
Warning	1292	Incorrect datetime value: '1.02' for column `func_cast_duoble_doubleunsigned_sequoiadb`.`t1`.`a` at row 6
Warning	1292	Incorrect datetime value: '12' for column `func_cast_duoble_doubleunsigned_sequoiadb`.`t1`.`a` at row 3
Warning	1292	Incorrect datetime value: '2' for column `func_cast_duoble_doubleunsigned_sequoiadb`.`t1`.`a` at row 2
Warning	1292	Incorrect datetime value: '2.010101' for column `func_cast_duoble_doubleunsigned_sequoiadb`.`t1`.`a` at row 13
Warning	1292	Incorrect datetime value: '2001.01' for column `func_cast_duoble_doubleunsigned_sequoiadb`.`t1`.`a` at row 8
Warning	1292	Incorrect datetime value: '2001.0101' for column `func_cast_duoble_doubleunsigned_sequoiadb`.`t1`.`a` at row 9
Warning	1292	Incorrect datetime value: '2019' for column `func_cast_duoble_doubleunsigned_sequoiadb`.`t1`.`a` at row 11
Warning	1292	Incorrect datetime value: '201901.01' for column `func_cast_duoble_doubleunsigned_sequoiadb`.`t1`.`a` at row 12
Warning	1292	Incorrect datetime value: '2147483647' for column `func_cast_duoble_doubleunsigned_sequoiadb`.`t1`.`a` at row 15
Warning	1292	Incorrect datetime value: '2147483647' for column `func_cast_duoble_doubleunsigned_sequoiadb`.`t1`.`a` at row 17
Warnings:
SELECT * FROM t1 WHERE a <= CAST(CURRENT_DATE() AS DATETIME);
a	b	c
-2147483648	-9	2001-01-05
-2147483648	2	2001-01-02
1	3	2000-01-01
1	5	2013-01-01
1	9	2008-01-01
1.01	6	2009-11-01
1.02	7	2004-04-01
12	11	2002-01-01
2	1	2001-01-01
2.010101	13	2016-06-06
2001.01	13	2019-05-01
2001.0101	22	2006-02-01
20010101	10	2007-08-01
2019	21	2011-09-01
201901.01	16	2012-05-01
2147483647	-1	2001-01-03
2147483647	-13	2001-01-11
Warning	1292	Incorrect datetime value: '-2147483648' for column `func_cast_duoble_doubleunsigned_sequoiadb`.`t1`.`a` at row 14
Warning	1292	Incorrect datetime value: '-2147483648' for column `func_cast_duoble_doubleunsigned_sequoiadb`.`t1`.`a` at row 16
Warning	1292	Incorrect datetime value: '1' for column `func_cast_duoble_doubleunsigned_sequoiadb`.`t1`.`a` at row 1
Warning	1292	Incorrect datetime value: '1' for column `func_cast_duoble_doubleunsigned_sequoiadb`.`t1`.`a` at row 4
Warning	1292	Incorrect datetime value: '1' for column `func_cast_duoble_doubleunsigned_sequoiadb`.`t1`.`a` at row 5
Warning	1292	Incorrect datetime value: '1.01' for column `func_cast_duoble_doubleunsigned_sequoiadb`.`t1`.`a` at row 7
Warning	1292	Incorrect datetime value: '1.02' for column `func_cast_duoble_doubleunsigned_sequoiadb`.`t1`.`a` at row 6
Warning	1292	Incorrect datetime value: '12' for column `func_cast_duoble_doubleunsigned_sequoiadb`.`t1`.`a` at row 3
Warning	1292	Incorrect datetime value: '2' for column `func_cast_duoble_doubleunsigned_sequoiadb`.`t1`.`a` at row 2
Warning	1292	Incorrect datetime value: '2.010101' for column `func_cast_duoble_doubleunsigned_sequoiadb`.`t1`.`a` at row 13
Warning	1292	Incorrect datetime value: '2001.01' for column `func_cast_duoble_doubleunsigned_sequoiadb`.`t1`.`a` at row 8
Warning	1292	Incorrect datetime value: '2001.0101' for column `func_cast_duoble_doubleunsigned_sequoiadb`.`t1`.`a` at row 9
Warning	1292	Incorrect datetime value: '2019' for column `func_cast_duoble_doubleunsigned_sequoiadb`.`t1`.`a` at row 11
Warning	1292	Incorrect datetime value: '201901.01' for column `func_cast_duoble_doubleunsigned_sequoiadb`.`t1`.`a` at row 12
Warning	1292	Incorrect datetime value: '2147483647' for column `func_cast_duoble_doubleunsigned_sequoiadb`.`t1`.`a` at row 15
Warning	1292	Incorrect datetime value: '2147483647' for column `func_cast_duoble_doubleunsigned_sequoiadb`.`t1`.`a` at row 17
Warnings:
SELECT * FROM t1 WHERE a = CAST('1' AS TIME);
a	b	c
1	3	2000-01-01
1	5	2013-01-01
1	9	2008-01-01
Warning	1292	Incorrect time value: '-2147483648' for column `func_cast_duoble_doubleunsigned_sequoiadb`.`t1`.`a` at row 14
Warning	1292	Incorrect time value: '-2147483648' for column `func_cast_duoble_doubleunsigned_sequoiadb`.`t1`.`a` at row 16
Warning	1292	Incorrect time value: '2147483647' for column `func_cast_duoble_doubleunsigned_sequoiadb`.`t1`.`a` at row 15
Warning	1292	Incorrect time value: '2147483647' for column `func_cast_duoble_doubleunsigned_sequoiadb`.`t1`.`a` at row 17
Warnings:
SELECT * FROM t1 WHERE a >= CAST('2001-01-01 00:00:00' AS TIME);
a	b	c
1	3	2000-01-01
1	5	2013-01-01
1	9	2008-01-01
1.01	6	2009-11-01
1.02	7	2004-04-01
12	11	2002-01-01
2	1	2001-01-01
2.010101	13	2016-06-06
2001.01	13	2019-05-01
2001.0101	22	2006-02-01
20010101	10	2007-08-01
2019	21	2011-09-01
201901.01	16	2012-05-01
2147483647	-1	2001-01-03
2147483647	-13	2001-01-11
Warning	1292	Incorrect time value: '-2147483648' for column `func_cast_duoble_doubleunsigned_sequoiadb`.`t1`.`a` at row 14
Warning	1292	Incorrect time value: '-2147483648' for column `func_cast_duoble_doubleunsigned_sequoiadb`.`t1`.`a` at row 16
Warning	1292	Incorrect time value: '2147483647' for column `func_cast_duoble_doubleunsigned_sequoiadb`.`t1`.`a` at row 15
Warning	1292	Incorrect time value: '2147483647' for column `func_cast_duoble_doubleunsigned_sequoiadb`.`t1`.`a` at row 17
Warnings:
SELECT * FROM t1 WHERE a >= CAST('2001#01#01 23:59:00' AS TIME);
a	b	c
Warning	1292	Incorrect time value: '-2147483648' for column `func_cast_duoble_doubleunsigned_sequoiadb`.`t1`.`a` at row 14
Warning	1292	Incorrect time value: '-2147483648' for column `func_cast_duoble_doubleunsigned_sequoiadb`.`t1`.`a` at row 16
Warning	1292	Incorrect time value: '2147483647' for column `func_cast_duoble_doubleunsigned_sequoiadb`.`t1`.`a` at row 15
Warning	1292	Incorrect time value: '2147483647' for column `func_cast_duoble_doubleunsigned_sequoiadb`.`t1`.`a` at row 17
Warnings:
SELECT * FROM t1 WHERE a >= CAST('2001.01.01 01:00:00' AS TIME);
a	b	c
201901.01	16	2012-05-01
Warning	1292	Incorrect time value: '-2147483648' for column `func_cast_duoble_doubleunsigned_sequoiadb`.`t1`.`a` at row 14
Warning	1292	Incorrect time value: '-2147483648' for column `func_cast_duoble_doubleunsigned_sequoiadb`.`t1`.`a` at row 16
Warning	1292	Incorrect time value: '2147483647' for column `func_cast_duoble_doubleunsigned_sequoiadb`.`t1`.`a` at row 15
Warning	1292	Incorrect time value: '2147483647' for column `func_cast_duoble_doubleunsigned_sequoiadb`.`t1`.`a` at row 17
Warnings:
SELECT * FROM t1 WHERE a > CAST('10000.01.01 03:00:00' AS TIME);
a	b	c
1	3	2000-01-01
1	5	2013-01-01
1	9	2008-01-01
1.01	6	2009-11-01
1.02	7	2004-04-01
12	11	2002-01-01
2	1	2001-01-01
2.010101	13	2016-06-06
2001.01	13	2019-05-01
2001.0101	22	2006-02-01
2019	21	2011-09-01
201901.01	16	2012-05-01
SELECT * FROM t1 WHERE a > CAST('-839:59:59.0000' AS TIME);
a	b	c
1	3	2000-01-01
1	5	2013-01-01
1	9	2008-01-01
1.01	6	2009-11-01
1.02	7	2004-04-01
12	11	2002-01-01
2	1	2001-01-01
2.010101	13	2016-06-06
2001.01	13	2019-05-01
2001.0101	22	2006-02-01
20010101	10	2007-08-01
2019	21	2011-09-01
201901.01	16	2012-05-01
2147483647	-1	2001-01-03
2147483647	-13	2001-01-11
Warning	1292	Incorrect time value: '-2147483648' for column `func_cast_duoble_doubleunsigned_sequoiadb`.`t1`.`a` at row 14
Warning	1292	Incorrect time value: '-2147483648' for column `func_cast_duoble_doubleunsigned_sequoiadb`.`t1`.`a` at row 16
Warning	1292	Incorrect time value: '2147483647' for column `func_cast_duoble_doubleunsigned_sequoiadb`.`t1`.`a` at row 15
Warning	1292	Incorrect time value: '2147483647' for column `func_cast_duoble_doubleunsigned_sequoiadb`.`t1`.`a` at row 17
Warning	1292	Truncated incorrect time value: '-839:59:59.0000'
Warnings:
SELECT * FROM t1 WHERE a < CAST(c AS TIME);
a	b	c
-2147483648	-9	2001-01-05
-2147483648	2	2001-01-02
Warning	1292	Incorrect time value: '-2147483648' for column `func_cast_duoble_doubleunsigned_sequoiadb`.`t1`.`a` at row 14
Warning	1292	Incorrect time value: '-2147483648' for column `func_cast_duoble_doubleunsigned_sequoiadb`.`t1`.`a` at row 16
Warning	1292	Incorrect time value: '2147483647' for column `func_cast_duoble_doubleunsigned_sequoiadb`.`t1`.`a` at row 15
Warning	1292	Incorrect time value: '2147483647' for column `func_cast_duoble_doubleunsigned_sequoiadb`.`t1`.`a` at row 17
Warnings:
ALTER TABLE t1 ADD INDEX aIdx(a);
SELECT * FROM t1 WHERE a = CAST('1' AS CHAR);
a	b	c
1	3	2000-01-01
1	5	2013-01-01
1	9	2008-01-01
SELECT * FROM t1 WHERE a = CAST(1.00 AS CHAR);
a	b	c
1	3	2000-01-01
1	5	2013-01-01
1	9	2008-01-01
SELECT * FROM t1 WHERE a > CAST(b AS CHAR);
a	b	c
12	11	2002-01-01
2	1	2001-01-01
2001.01	13	2019-05-01
2001.0101	22	2006-02-01
20010101	10	2007-08-01
2019	21	2011-09-01
201901.01	16	2012-05-01
2147483647	-1	2001-01-03
2147483647	-13	2001-01-11
SELECT * FROM t1 WHERE a > CAST(SUBSTRING('1234567abc', 5, 9) AS CHAR);
a	b	c
2001.01	13	2019-05-01
2001.0101	22	2006-02-01
20010101	10	2007-08-01
2019	21	2011-09-01
201901.01	16	2012-05-01
2147483647	-1	2001-01-03
2147483647	-13	2001-01-11
Warning	1292	Truncated incorrect DOUBLE value: '567abc'
Warning	1292	Truncated incorrect DOUBLE value: '567abc'
Warning	1292	Truncated incorrect DOUBLE value: '567abc'
Warnings:
SELECT * FROM t1 WHERE a = CAST('1.00' AS NCHAR);
a	b	c
1	3	2000-01-01
1	5	2013-01-01
1	9	2008-01-01
SELECT * FROM t1 WHERE a = CAST(1.01 AS NCHAR);
a	b	c
1.01	6	2009-11-01
SELECT * FROM t1 WHERE a < CAST(b AS NCHAR);
a	b	c
-2147483648	-9	2001-01-05
-2147483648	2	2001-01-02
1	3	2000-01-01
1	5	2013-01-01
1	9	2008-01-01
1.01	6	2009-11-01
1.02	7	2004-04-01
2.010101	13	2016-06-06
SELECT * FROM t1 WHERE a >= CAST(CONCAT('123','abc','456') AS NCHAR);
a	b	c
2001.01	13	2019-05-01
2001.0101	22	2006-02-01
20010101	10	2007-08-01
2019	21	2011-09-01
201901.01	16	2012-05-01
2147483647	-1	2001-01-03
2147483647	-13	2001-01-11
Warning	1292	Truncated incorrect DOUBLE value: '123abc456'
Warning	1292	Truncated incorrect DOUBLE value: '123abc456'
Warning	1292	Truncated incorrect DOUBLE value: '123abc456'
Warnings:
SELECT * FROM t1 WHERE a = CAST('1.01' AS BINARY);
a	b	c
1.01	6	2009-11-01
SELECT * FROM t1 WHERE a = CAST(1 AS BINARY);
a	b	c
1	3	2000-01-01
1	5	2013-01-01
1	9	2008-01-01
SELECT * FROM t1 WHERE a < CAST(b AS BINARY);
a	b	c
-2147483648	-9	2001-01-05
-2147483648	2	2001-01-02
1	3	2000-01-01
1	5	2013-01-01
1	9	2008-01-01
1.01	6	2009-11-01
1.02	7	2004-04-01
2.010101	13	2016-06-06
SELECT * FROM t1 WHERE a >= CAST(REPLACE('ab12c4','ab12','234') AS BINARY);
a	b	c
2001.01	13	2019-05-01
2001.0101	22	2006-02-01
20010101	10	2007-08-01
2019	21	2011-09-01
201901.01	16	2012-05-01
2147483647	-1	2001-01-03
2147483647	-13	2001-01-11
Warning	1292	Truncated incorrect DOUBLE value: '234c4'
Warning	1292	Truncated incorrect DOUBLE value: '234c4'
Warning	1292	Truncated incorrect DOUBLE value: '234c4'
Warnings:
SELECT * FROM t1 WHERE a = CAST('1.0' AS SIGNED);
a	b	c
1	3	2000-01-01
1	5	2013-01-01
1	9	2008-01-01
Warning	1292	Truncated incorrect INTEGER value: '1.0'
Warning	1292	Truncated incorrect INTEGER value: '1.0'
Warning	1292	Truncated incorrect INTEGER value: '1.0'
Warning	1292	Truncated incorrect INTEGER value: '1.0'
Warnings:
SELECT * FROM t1 WHERE a = CAST(1.000 AS SIGNED);
a	b	c
1	3	2000-01-01
1	5	2013-01-01
1	9	2008-01-01
SELECT * FROM t1 WHERE a < CAST(2147483647 AS SIGNED);
a	b	c
-2147483648	-9	2001-01-05
-2147483648	2	2001-01-02
1	3	2000-01-01
1	5	2013-01-01
1	9	2008-01-01
1.01	6	2009-11-01
1.02	7	2004-04-01
12	11	2002-01-01
2	1	2001-01-01
2.010101	13	2016-06-06
2001.01	13	2019-05-01
2001.0101	22	2006-02-01
20010101	10	2007-08-01
2019	21	2011-09-01
201901.01	16	2012-05-01
SELECT * FROM t1 WHERE a >= CAST(-2147483649 AS SIGNED);
a	b	c
-2147483648	-9	2001-01-05
-2147483648	2	2001-01-02
1	3	2000-01-01
1	5	2013-01-01
1	9	2008-01-01
1.01	6	2009-11-01
1.02	7	2004-04-01
12	11	2002-01-01
2	1	2001-01-01
2.010101	13	2016-06-06
2001.01	13	2019-05-01
2001.0101	22	2006-02-01
20010101	10	2007-08-01
2019	21	2011-09-01
201901.01	16	2012-05-01
2147483647	-1	2001-01-03
2147483647	-13	2001-01-11
SELECT * FROM t1 WHERE a < CAST(b AS SIGNED);
a	b	c
-2147483648	-9	2001-01-05
-2147483648	2	2001-01-02
1	3	2000-01-01
1	5	2013-01-01
1	9	2008-01-01
1.01	6	2009-11-01
1.02	7	2004-04-01
2.010101	13	2016-06-06
SELECT * FROM t1 WHERE a >= CAST(LENGTH('ab123cd456') AS SIGNED);
a	b	c
12	11	2002-01-01
2001.01	13	2019-05-01
2001.0101	22	2006-02-01
20010101	10	2007-08-01
2019	21	2011-09-01
201901.01	16	2012-05-01
2147483647	-1	2001-01-03
2147483647	-13	2001-01-11
SELECT * FROM t1 WHERE a = CAST('1' AS UNSIGNED);
a	b	c
1	3	2000-01-01
1	5	2013-01-01
1	9	2008-01-01
SELECT * FROM t1 WHERE a = CAST(1.01 AS UNSIGNED);
a	b	c
1	3	2000-01-01
1	5	2013-01-01
1	9	2008-01-01
SELECT * FROM t1 WHERE a < CAST(4294967297 AS UNSIGNED);
a	b	c
-2147483648	-9	2001-01-05
-2147483648	2	2001-01-02
1	3	2000-01-01
1	5	2013-01-01
1	9	2008-01-01
1.01	6	2009-11-01
1.02	7	2004-04-01
12	11	2002-01-01
2	1	2001-01-01
2.010101	13	2016-06-06
2001.01	13	2019-05-01
2001.0101	22	2006-02-01
20010101	10	2007-08-01
2019	21	2011-09-01
201901.01	16	2012-05-01
2147483647	-1	2001-01-03
2147483647	-13	2001-01-11
SELECT * FROM t1 WHERE a >= CAST(-4294967299 AS UNSIGNED);
a	b	c
Note	1105	Cast to unsigned converted negative integer to it's positive complement
Note	1105	Cast to unsigned converted negative integer to it's positive complement
Note	1105	Cast to unsigned converted negative integer to it's positive complement
Warnings:
SELECT * FROM t1 WHERE a < CAST(b AS UNSIGNED);
a	b	c
-2147483648	-9	2001-01-05
-2147483648	2	2001-01-02
1	3	2000-01-01
1	5	2013-01-01
1	9	2008-01-01
1.01	6	2009-11-01
1.02	7	2004-04-01
2.010101	13	2016-06-06
2147483647	-1	2001-01-03
2147483647	-13	2001-01-11
Note	1105	Cast to unsigned converted negative integer to it's positive complement
Note	1105	Cast to unsigned converted negative integer to it's positive complement
Note	1105	Cast to unsigned converted negative integer to it's positive complement
Warnings:
SELECT * FROM t1 WHERE a >= CAST(RPAD('123abc4567',7,'00') AS UNSIGNED);
a	b	c
2001.01	13	2019-05-01
2001.0101	22	2006-02-01
20010101	10	2007-08-01
2019	21	2011-09-01
201901.01	16	2012-05-01
2147483647	-1	2001-01-03
2147483647	-13	2001-01-11
Warning	1292	Truncated incorrect INTEGER value: '123abc4'
Warning	1292	Truncated incorrect INTEGER value: '123abc4'
Warning	1292	Truncated incorrect INTEGER value: '123abc4'
Warning	1292	Truncated incorrect INTEGER value: '123abc4'
Warnings:
SELECT * FROM t1 WHERE a = CAST('1' AS DECIMAL);
a	b	c
1	3	2000-01-01
1	5	2013-01-01
1	9	2008-01-01
SELECT * FROM t1 WHERE a = CAST(1.02 AS DECIMAL);
a	b	c
1	3	2000-01-01
1	5	2013-01-01
1	9	2008-01-01
SELECT * FROM t1 WHERE a <= CAST(922337203685477580800 AS DECIMAL);
a	b	c
-2147483648	-9	2001-01-05
-2147483648	2	2001-01-02
1	3	2000-01-01
1	5	2013-01-01
1	9	2008-01-01
1.01	6	2009-11-01
1.02	7	2004-04-01
12	11	2002-01-01
2	1	2001-01-01
2.010101	13	2016-06-06
2001.01	13	2019-05-01
2001.0101	22	2006-02-01
20010101	10	2007-08-01
2019	21	2011-09-01
201901.01	16	2012-05-01
2147483647	-1	2001-01-03
2147483647	-13	2001-01-11
Warning	1264	Out of range value for column '(null)' at row 1
Warning	1264	Out of range value for column '(null)' at row 1
Warning	1264	Out of range value for column '(null)' at row 1
Warnings:
SELECT * FROM t1 WHERE a < CAST(b AS DECIMAL);
a	b	c
-2147483648	-9	2001-01-05
-2147483648	2	2001-01-02
1	3	2000-01-01
1	5	2013-01-01
1	9	2008-01-01
1.01	6	2009-11-01
1.02	7	2004-04-01
2.010101	13	2016-06-06
SELECT * FROM t1 WHERE a >= CAST(LPAD('123abc4567',5,'00') AS DECIMAL);
a	b	c
2001.01	13	2019-05-01
2001.0101	22	2006-02-01
20010101	10	2007-08-01
2019	21	2011-09-01
201901.01	16	2012-05-01
2147483647	-1	2001-01-03
2147483647	-13	2001-01-11
Warning	1292	Truncated incorrect DECIMAL value: '123ab'
Warning	1292	Truncated incorrect DECIMAL value: '123ab'
Warning	1292	Truncated incorrect DECIMAL value: '123ab'
Warning	1292	Truncated incorrect DECIMAL value: '123ab'
Warnings:
SELECT * FROM t1 WHERE a = CAST('1' AS DATE);
a	b	c
-2147483648	-9	2001-01-05
-2147483648	2	2001-01-02
1	3	2000-01-01
1	5	2013-01-01
1	9	2008-01-01
1.01	6	2009-11-01
1.02	7	2004-04-01
12	11	2002-01-01
2	1	2001-01-01
2.010101	13	2016-06-06
2001.01	13	2019-05-01
2001.0101	22	2006-02-01
2019	21	2011-09-01
201901.01	16	2012-05-01
2147483647	-1	2001-01-03
2147483647	-13	2001-01-11
Warning	1292	Incorrect datetime value: '-2147483648' for column `func_cast_duoble_doubleunsigned_sequoiadb`.`t1`.`a` at row 14
Warning	1292	Incorrect datetime value: '-2147483648' for column `func_cast_duoble_doubleunsigned_sequoiadb`.`t1`.`a` at row 16
Warning	1292	Incorrect datetime value: '1' for column `func_cast_duoble_doubleunsigned_sequoiadb`.`t1`.`a` at row 1
Warning	1292	Incorrect datetime value: '1' for column `func_cast_duoble_doubleunsigned_sequoiadb`.`t1`.`a` at row 4
Warning	1292	Incorrect datetime value: '1' for column `func_cast_duoble_doubleunsigned_sequoiadb`.`t1`.`a` at row 5
Warning	1292	Incorrect datetime value: '1.01' for column `func_cast_duoble_doubleunsigned_sequoiadb`.`t1`.`a` at row 7
Warning	1292	Incorrect datetime value: '1.02' for column `func_cast_duoble_doubleunsigned_sequoiadb`.`t1`.`a` at row 6
Warning	1292	Incorrect datetime value: '12' for column `func_cast_duoble_doubleunsigned_sequoiadb`.`t1`.`a` at row 3
Warning	1292	Incorrect datetime value: '2' for column `func_cast_duoble_doubleunsigned_sequoiadb`.`t1`.`a` at row 2
Warning	1292	Incorrect datetime value: '2.010101' for column `func_cast_duoble_doubleunsigned_sequoiadb`.`t1`.`a` at row 13
Warning	1292	Incorrect datetime value: '2001.01' for column `func_cast_duoble_doubleunsigned_sequoiadb`.`t1`.`a` at row 8
Warning	1292	Incorrect datetime value: '2001.0101' for column `func_cast_duoble_doubleunsigned_sequoiadb`.`t1`.`a` at row 9
Warning	1292	Incorrect datetime value: '2019' for column `func_cast_duoble_doubleunsigned_sequoiadb`.`t1`.`a` at row 11
Warning	1292	Incorrect datetime value: '201901.01' for column `func_cast_duoble_doubleunsigned_sequoiadb`.`t1`.`a` at row 12
Warning	1292	Incorrect datetime value: '2147483647' for column `func_cast_duoble_doubleunsigned_sequoiadb`.`t1`.`a` at row 15
Warning	1292	Incorrect datetime value: '2147483647' for column `func_cast_duoble_doubleunsigned_sequoiadb`.`t1`.`a` at row 17
Warning	1292	Truncated incorrect datetime value: '1'
Warnings:
SELECT * FROM t1 WHERE a >= CAST('2001-01-01' AS DATE);
a	b	c
20010101	10	2007-08-01
Warning	1292	Incorrect datetime value: '-2147483648' for column `func_cast_duoble_doubleunsigned_sequoiadb`.`t1`.`a` at row 14
Warning	1292	Incorrect datetime value: '-2147483648' for column `func_cast_duoble_doubleunsigned_sequoiadb`.`t1`.`a` at row 16
Warning	1292	Incorrect datetime value: '1' for column `func_cast_duoble_doubleunsigned_sequoiadb`.`t1`.`a` at row 1
Warning	1292	Incorrect datetime value: '1' for column `func_cast_duoble_doubleunsigned_sequoiadb`.`t1`.`a` at row 4
Warning	1292	Incorrect datetime value: '1' for column `func_cast_duoble_doubleunsigned_sequoiadb`.`t1`.`a` at row 5
Warning	1292	Incorrect datetime value: '1.01' for column `func_cast_duoble_doubleunsigned_sequoiadb`.`t1`.`a` at row 7
Warning	1292	Incorrect datetime value: '1.02' for column `func_cast_duoble_doubleunsigned_sequoiadb`.`t1`.`a` at row 6
Warning	1292	Incorrect datetime value: '12' for column `func_cast_duoble_doubleunsigned_sequoiadb`.`t1`.`a` at row 3
Warning	1292	Incorrect datetime value: '2' for column `func_cast_duoble_doubleunsigned_sequoiadb`.`t1`.`a` at row 2
Warning	1292	Incorrect datetime value: '2.010101' for column `func_cast_duoble_doubleunsigned_sequoiadb`.`t1`.`a` at row 13
Warning	1292	Incorrect datetime value: '2001.01' for column `func_cast_duoble_doubleunsigned_sequoiadb`.`t1`.`a` at row 8
Warning	1292	Incorrect datetime value: '2001.0101' for column `func_cast_duoble_doubleunsigned_sequoiadb`.`t1`.`a` at row 9
Warning	1292	Incorrect datetime value: '2019' for column `func_cast_duoble_doubleunsigned_sequoiadb`.`t1`.`a` at row 11
Warning	1292	Incorrect datetime value: '201901.01' for column `func_cast_duoble_doubleunsigned_sequoiadb`.`t1`.`a` at row 12
Warning	1292	Incorrect datetime value: '2147483647' for column `func_cast_duoble_doubleunsigned_sequoiadb`.`t1`.`a` at row 15
Warning	1292	Incorrect datetime value: '2147483647' for column `func_cast_duoble_doubleunsigned_sequoiadb`.`t1`.`a` at row 17
Warnings:
SELECT * FROM t1 WHERE a >= CAST('2001#01#01' AS DATE);
a	b	c
20010101	10	2007-08-01
Warning	1292	Incorrect datetime value: '-2147483648' for column `func_cast_duoble_doubleunsigned_sequoiadb`.`t1`.`a` at row 14
Warning	1292	Incorrect datetime value: '-2147483648' for column `func_cast_duoble_doubleunsigned_sequoiadb`.`t1`.`a` at row 16
Warning	1292	Incorrect datetime value: '1' for column `func_cast_duoble_doubleunsigned_sequoiadb`.`t1`.`a` at row 1
Warning	1292	Incorrect datetime value: '1' for column `func_cast_duoble_doubleunsigned_sequoiadb`.`t1`.`a` at row 4
Warning	1292	Incorrect datetime value: '1' for column `func_cast_duoble_doubleunsigned_sequoiadb`.`t1`.`a` at row 5
Warning	1292	Incorrect datetime value: '1.01' for column `func_cast_duoble_doubleunsigned_sequoiadb`.`t1`.`a` at row 7
Warning	1292	Incorrect datetime value: '1.02' for column `func_cast_duoble_doubleunsigned_sequoiadb`.`t1`.`a` at row 6
Warning	1292	Incorrect datetime value: '12' for column `func_cast_duoble_doubleunsigned_sequoiadb`.`t1`.`a` at row 3
Warning	1292	Incorrect datetime value: '2' for column `func_cast_duoble_doubleunsigned_sequoiadb`.`t1`.`a` at row 2
Warning	1292	Incorrect datetime value: '2.010101' for column `func_cast_duoble_doubleunsigned_sequoiadb`.`t1`.`a` at row 13
Warning	1292	Incorrect datetime value: '2001.01' for column `func_cast_duoble_doubleunsigned_sequoiadb`.`t1`.`a` at row 8
Warning	1292	Incorrect datetime value: '2001.0101' for column `func_cast_duoble_doubleunsigned_sequoiadb`.`t1`.`a` at row 9
Warning	1292	Incorrect datetime value: '2019' for column `func_cast_duoble_doubleunsigned_sequoiadb`.`t1`.`a` at row 11
Warning	1292	Incorrect datetime value: '201901.01' for column `func_cast_duoble_doubleunsigned_sequoiadb`.`t1`.`a` at row 12
Warning	1292	Incorrect datetime value: '2147483647' for column `func_cast_duoble_doubleunsigned_sequoiadb`.`t1`.`a` at row 15
Warning	1292	Incorrect datetime value: '2147483647' for column `func_cast_duoble_doubleunsigned_sequoiadb`.`t1`.`a` at row 17
Warnings:
SELECT * FROM t1 WHERE a >= CAST('2001.01.01' AS DATE);
a	b	c
20010101	10	2007-08-01
Warning	1292	Incorrect datetime value: '-2147483648' for column `func_cast_duoble_doubleunsigned_sequoiadb`.`t1`.`a` at row 14
Warning	1292	Incorrect datetime value: '-2147483648' for column `func_cast_duoble_doubleunsigned_sequoiadb`.`t1`.`a` at row 16
Warning	1292	Incorrect datetime value: '1' for column `func_cast_duoble_doubleunsigned_sequoiadb`.`t1`.`a` at row 1
Warning	1292	Incorrect datetime value: '1' for column `func_cast_duoble_doubleunsigned_sequoiadb`.`t1`.`a` at row 4
Warning	1292	Incorrect datetime value: '1' for column `func_cast_duoble_doubleunsigned_sequoiadb`.`t1`.`a` at row 5
Warning	1292	Incorrect datetime value: '1.01' for column `func_cast_duoble_doubleunsigned_sequoiadb`.`t1`.`a` at row 7
Warning	1292	Incorrect datetime value: '1.02' for column `func_cast_duoble_doubleunsigned_sequoiadb`.`t1`.`a` at row 6
Warning	1292	Incorrect datetime value: '12' for column `func_cast_duoble_doubleunsigned_sequoiadb`.`t1`.`a` at row 3
Warning	1292	Incorrect datetime value: '2' for column `func_cast_duoble_doubleunsigned_sequoiadb`.`t1`.`a` at row 2
Warning	1292	Incorrect datetime value: '2.010101' for column `func_cast_duoble_doubleunsigned_sequoiadb`.`t1`.`a` at row 13
Warning	1292	Incorrect datetime value: '2001.01' for column `func_cast_duoble_doubleunsigned_sequoiadb`.`t1`.`a` at row 8
Warning	1292	Incorrect datetime value: '2001.0101' for column `func_cast_duoble_doubleunsigned_sequoiadb`.`t1`.`a` at row 9
Warning	1292	Incorrect datetime value: '2019' for column `func_cast_duoble_doubleunsigned_sequoiadb`.`t1`.`a` at row 11
Warning	1292	Incorrect datetime value: '201901.01' for column `func_cast_duoble_doubleunsigned_sequoiadb`.`t1`.`a` at row 12
Warning	1292	Incorrect datetime value: '2147483647' for column `func_cast_duoble_doubleunsigned_sequoiadb`.`t1`.`a` at row 15
Warning	1292	Incorrect datetime value: '2147483647' for column `func_cast_duoble_doubleunsigned_sequoiadb`.`t1`.`a` at row 17
Warnings:
SELECT * FROM t1 WHERE a > CAST('10000.01.01' AS DATE);
a	b	c
20010101	10	2007-08-01
Warning	1292	Incorrect datetime value: '-2147483648' for column `func_cast_duoble_doubleunsigned_sequoiadb`.`t1`.`a` at row 14
Warning	1292	Incorrect datetime value: '-2147483648' for column `func_cast_duoble_doubleunsigned_sequoiadb`.`t1`.`a` at row 16
Warning	1292	Incorrect datetime value: '1' for column `func_cast_duoble_doubleunsigned_sequoiadb`.`t1`.`a` at row 1
Warning	1292	Incorrect datetime value: '1' for column `func_cast_duoble_doubleunsigned_sequoiadb`.`t1`.`a` at row 4
Warning	1292	Incorrect datetime value: '1' for column `func_cast_duoble_doubleunsigned_sequoiadb`.`t1`.`a` at row 5
Warning	1292	Incorrect datetime value: '1.01' for column `func_cast_duoble_doubleunsigned_sequoiadb`.`t1`.`a` at row 7
Warning	1292	Incorrect datetime value: '1.02' for column `func_cast_duoble_doubleunsigned_sequoiadb`.`t1`.`a` at row 6
Warning	1292	Incorrect datetime value: '12' for column `func_cast_duoble_doubleunsigned_sequoiadb`.`t1`.`a` at row 3
Warning	1292	Incorrect datetime value: '2' for column `func_cast_duoble_doubleunsigned_sequoiadb`.`t1`.`a` at row 2
Warning	1292	Incorrect datetime value: '2.010101' for column `func_cast_duoble_doubleunsigned_sequoiadb`.`t1`.`a` at row 13
Warning	1292	Incorrect datetime value: '2001.01' for column `func_cast_duoble_doubleunsigned_sequoiadb`.`t1`.`a` at row 8
Warning	1292	Incorrect datetime value: '2001.0101' for column `func_cast_duoble_doubleunsigned_sequoiadb`.`t1`.`a` at row 9
Warning	1292	Incorrect datetime value: '2019' for column `func_cast_duoble_doubleunsigned_sequoiadb`.`t1`.`a` at row 11
Warning	1292	Incorrect datetime value: '201901.01' for column `func_cast_duoble_doubleunsigned_sequoiadb`.`t1`.`a` at row 12
Warning	1292	Incorrect datetime value: '2147483647' for column `func_cast_duoble_doubleunsigned_sequoiadb`.`t1`.`a` at row 15
Warning	1292	Incorrect datetime value: '2147483647' for column `func_cast_duoble_doubleunsigned_sequoiadb`.`t1`.`a` at row 17
Warning	1292	Truncated incorrect datetime value: '10000.01.01'
Warnings:
SELECT * FROM t1 WHERE a < CAST(c AS DATE);
a	b	c
-2147483648	-9	2001-01-05
-2147483648	2	2001-01-02
1	3	2000-01-01
1	5	2013-01-01
1	9	2008-01-01
1.01	6	2009-11-01
1.02	7	2004-04-01
12	11	2002-01-01
2	1	2001-01-01
2.010101	13	2016-06-06
2001.01	13	2019-05-01
2001.0101	22	2006-02-01
20010101	10	2007-08-01
2019	21	2011-09-01
201901.01	16	2012-05-01
2147483647	-1	2001-01-03
2147483647	-13	2001-01-11
Warning	1292	Incorrect datetime value: '-2147483648' for column `func_cast_duoble_doubleunsigned_sequoiadb`.`t1`.`a` at row 14
Warning	1292	Incorrect datetime value: '-2147483648' for column `func_cast_duoble_doubleunsigned_sequoiadb`.`t1`.`a` at row 16
Warning	1292	Incorrect datetime value: '1' for column `func_cast_duoble_doubleunsigned_sequoiadb`.`t1`.`a` at row 1
Warning	1292	Incorrect datetime value: '1' for column `func_cast_duoble_doubleunsigned_sequoiadb`.`t1`.`a` at row 4
Warning	1292	Incorrect datetime value: '1' for column `func_cast_duoble_doubleunsigned_sequoiadb`.`t1`.`a` at row 5
Warning	1292	Incorrect datetime value: '1.01' for column `func_cast_duoble_doubleunsigned_sequoiadb`.`t1`.`a` at row 7
Warning	1292	Incorrect datetime value: '1.02' for column `func_cast_duoble_doubleunsigned_sequoiadb`.`t1`.`a` at row 6
Warning	1292	Incorrect datetime value: '12' for column `func_cast_duoble_doubleunsigned_sequoiadb`.`t1`.`a` at row 3
Warning	1292	Incorrect datetime value: '2' for column `func_cast_duoble_doubleunsigned_sequoiadb`.`t1`.`a` at row 2
Warning	1292	Incorrect datetime value: '2.010101' for column `func_cast_duoble_doubleunsigned_sequoiadb`.`t1`.`a` at row 13
Warning	1292	Incorrect datetime value: '2001.01' for column `func_cast_duoble_doubleunsigned_sequoiadb`.`t1`.`a` at row 8
Warning	1292	Incorrect datetime value: '2001.0101' for column `func_cast_duoble_doubleunsigned_sequoiadb`.`t1`.`a` at row 9
Warning	1292	Incorrect datetime value: '2019' for column `func_cast_duoble_doubleunsigned_sequoiadb`.`t1`.`a` at row 11
Warning	1292	Incorrect datetime value: '201901.01' for column `func_cast_duoble_doubleunsigned_sequoiadb`.`t1`.`a` at row 12
Warning	1292	Incorrect datetime value: '2147483647' for column `func_cast_duoble_doubleunsigned_sequoiadb`.`t1`.`a` at row 15
Warning	1292	Incorrect datetime value: '2147483647' for column `func_cast_duoble_doubleunsigned_sequoiadb`.`t1`.`a` at row 17
Warnings:
SELECT * FROM t1 WHERE a <= CAST(NOW() AS DATE);
a	b	c
-2147483648	-9	2001-01-05
-2147483648	2	2001-01-02
1	3	2000-01-01
1	5	2013-01-01
1	9	2008-01-01
1.01	6	2009-11-01
1.02	7	2004-04-01
12	11	2002-01-01
2	1	2001-01-01
2.010101	13	2016-06-06
2001.01	13	2019-05-01
2001.0101	22	2006-02-01
20010101	10	2007-08-01
2019	21	2011-09-01
201901.01	16	2012-05-01
2147483647	-1	2001-01-03
2147483647	-13	2001-01-11
Warning	1292	Incorrect datetime value: '-2147483648' for column `func_cast_duoble_doubleunsigned_sequoiadb`.`t1`.`a` at row 14
Warning	1292	Incorrect datetime value: '-2147483648' for column `func_cast_duoble_doubleunsigned_sequoiadb`.`t1`.`a` at row 16
Warning	1292	Incorrect datetime value: '1' for column `func_cast_duoble_doubleunsigned_sequoiadb`.`t1`.`a` at row 1
Warning	1292	Incorrect datetime value: '1' for column `func_cast_duoble_doubleunsigned_sequoiadb`.`t1`.`a` at row 4
Warning	1292	Incorrect datetime value: '1' for column `func_cast_duoble_doubleunsigned_sequoiadb`.`t1`.`a` at row 5
Warning	1292	Incorrect datetime value: '1.01' for column `func_cast_duoble_doubleunsigned_sequoiadb`.`t1`.`a` at row 7
Warning	1292	Incorrect datetime value: '1.02' for column `func_cast_duoble_doubleunsigned_sequoiadb`.`t1`.`a` at row 6
Warning	1292	Incorrect datetime value: '12' for column `func_cast_duoble_doubleunsigned_sequoiadb`.`t1`.`a` at row 3
Warning	1292	Incorrect datetime value: '2' for column `func_cast_duoble_doubleunsigned_sequoiadb`.`t1`.`a` at row 2
Warning	1292	Incorrect datetime value: '2.010101' for column `func_cast_duoble_doubleunsigned_sequoiadb`.`t1`.`a` at row 13
Warning	1292	Incorrect datetime value: '2001.01' for column `func_cast_duoble_doubleunsigned_sequoiadb`.`t1`.`a` at row 8
Warning	1292	Incorrect datetime value: '2001.0101' for column `func_cast_duoble_doubleunsigned_sequoiadb`.`t1`.`a` at row 9
Warning	1292	Incorrect datetime value: '2019' for column `func_cast_duoble_doubleunsigned_sequoiadb`.`t1`.`a` at row 11
Warning	1292	Incorrect datetime value: '201901.01' for column `func_cast_duoble_doubleunsigned_sequoiadb`.`t1`.`a` at row 12
Warning	1292	Incorrect datetime value: '2147483647' for column `func_cast_duoble_doubleunsigned_sequoiadb`.`t1`.`a` at row 15
Warning	1292	Incorrect datetime value: '2147483647' for column `func_cast_duoble_doubleunsigned_sequoiadb`.`t1`.`a` at row 17
Warnings:
SELECT * FROM t1 WHERE a = CAST('1' AS DATETIME);
a	b	c
-2147483648	-9	2001-01-05
-2147483648	2	2001-01-02
1	3	2000-01-01
1	5	2013-01-01
1	9	2008-01-01
1.01	6	2009-11-01
1.02	7	2004-04-01
12	11	2002-01-01
2	1	2001-01-01
2.010101	13	2016-06-06
2001.01	13	2019-05-01
2001.0101	22	2006-02-01
2019	21	2011-09-01
201901.01	16	2012-05-01
2147483647	-1	2001-01-03
2147483647	-13	2001-01-11
Warning	1292	Incorrect datetime value: '-2147483648' for column `func_cast_duoble_doubleunsigned_sequoiadb`.`t1`.`a` at row 14
Warning	1292	Incorrect datetime value: '-2147483648' for column `func_cast_duoble_doubleunsigned_sequoiadb`.`t1`.`a` at row 16
Warning	1292	Incorrect datetime value: '1' for column `func_cast_duoble_doubleunsigned_sequoiadb`.`t1`.`a` at row 1
Warning	1292	Incorrect datetime value: '1' for column `func_cast_duoble_doubleunsigned_sequoiadb`.`t1`.`a` at row 4
Warning	1292	Incorrect datetime value: '1' for column `func_cast_duoble_doubleunsigned_sequoiadb`.`t1`.`a` at row 5
Warning	1292	Incorrect datetime value: '1.01' for column `func_cast_duoble_doubleunsigned_sequoiadb`.`t1`.`a` at row 7
Warning	1292	Incorrect datetime value: '1.02' for column `func_cast_duoble_doubleunsigned_sequoiadb`.`t1`.`a` at row 6
Warning	1292	Incorrect datetime value: '12' for column `func_cast_duoble_doubleunsigned_sequoiadb`.`t1`.`a` at row 3
Warning	1292	Incorrect datetime value: '2' for column `func_cast_duoble_doubleunsigned_sequoiadb`.`t1`.`a` at row 2
Warning	1292	Incorrect datetime value: '2.010101' for column `func_cast_duoble_doubleunsigned_sequoiadb`.`t1`.`a` at row 13
Warning	1292	Incorrect datetime value: '2001.01' for column `func_cast_duoble_doubleunsigned_sequoiadb`.`t1`.`a` at row 8
Warning	1292	Incorrect datetime value: '2001.0101' for column `func_cast_duoble_doubleunsigned_sequoiadb`.`t1`.`a` at row 9
Warning	1292	Incorrect datetime value: '2019' for column `func_cast_duoble_doubleunsigned_sequoiadb`.`t1`.`a` at row 11
Warning	1292	Incorrect datetime value: '201901.01' for column `func_cast_duoble_doubleunsigned_sequoiadb`.`t1`.`a` at row 12
Warning	1292	Incorrect datetime value: '2147483647' for column `func_cast_duoble_doubleunsigned_sequoiadb`.`t1`.`a` at row 15
Warning	1292	Incorrect datetime value: '2147483647' for column `func_cast_duoble_doubleunsigned_sequoiadb`.`t1`.`a` at row 17
Warning	1292	Truncated incorrect datetime value: '1'
Warnings:
SELECT * FROM t1 WHERE a >= CAST('2001-01-01 00:00:00' AS DATETIME);
a	b	c
20010101	10	2007-08-01
Warning	1292	Incorrect datetime value: '-2147483648' for column `func_cast_duoble_doubleunsigned_sequoiadb`.`t1`.`a` at row 14
Warning	1292	Incorrect datetime value: '-2147483648' for column `func_cast_duoble_doubleunsigned_sequoiadb`.`t1`.`a` at row 16
Warning	1292	Incorrect datetime value: '1' for column `func_cast_duoble_doubleunsigned_sequoiadb`.`t1`.`a` at row 1
Warning	1292	Incorrect datetime value: '1' for column `func_cast_duoble_doubleunsigned_sequoiadb`.`t1`.`a` at row 4
Warning	1292	Incorrect datetime value: '1' for column `func_cast_duoble_doubleunsigned_sequoiadb`.`t1`.`a` at row 5
Warning	1292	Incorrect datetime value: '1.01' for column `func_cast_duoble_doubleunsigned_sequoiadb`.`t1`.`a` at row 7
Warning	1292	Incorrect datetime value: '1.02' for column `func_cast_duoble_doubleunsigned_sequoiadb`.`t1`.`a` at row 6
Warning	1292	Incorrect datetime value: '12' for column `func_cast_duoble_doubleunsigned_sequoiadb`.`t1`.`a` at row 3
Warning	1292	Incorrect datetime value: '2' for column `func_cast_duoble_doubleunsigned_sequoiadb`.`t1`.`a` at row 2
Warning	1292	Incorrect datetime value: '2.010101' for column `func_cast_duoble_doubleunsigned_sequoiadb`.`t1`.`a` at row 13
Warning	1292	Incorrect datetime value: '2001.01' for column `func_cast_duoble_doubleunsigned_sequoiadb`.`t1`.`a` at row 8
Warning	1292	Incorrect datetime value: '2001.0101' for column `func_cast_duoble_doubleunsigned_sequoiadb`.`t1`.`a` at row 9
Warning	1292	Incorrect datetime value: '2019' for column `func_cast_duoble_doubleunsigned_sequoiadb`.`t1`.`a` at row 11
Warning	1292	Incorrect datetime value: '201901.01' for column `func_cast_duoble_doubleunsigned_sequoiadb`.`t1`.`a` at row 12
Warning	1292	Incorrect datetime value: '2147483647' for column `func_cast_duoble_doubleunsigned_sequoiadb`.`t1`.`a` at row 15
Warning	1292	Incorrect datetime value: '2147483647' for column `func_cast_duoble_doubleunsigned_sequoiadb`.`t1`.`a` at row 17
Warnings:
SELECT * FROM t1 WHERE a >= CAST('2001#01#01 23:59:00' AS DATETIME);
a	b	c
Warning	1292	Incorrect datetime value: '-2147483648' for column `func_cast_duoble_doubleunsigned_sequoiadb`.`t1`.`a` at row 14
Warning	1292	Incorrect datetime value: '-2147483648' for column `func_cast_duoble_doubleunsigned_sequoiadb`.`t1`.`a` at row 16
Warning	1292	Incorrect datetime value: '1' for column `func_cast_duoble_doubleunsigned_sequoiadb`.`t1`.`a` at row 1
Warning	1292	Incorrect datetime value: '1' for column `func_cast_duoble_doubleunsigned_sequoiadb`.`t1`.`a` at row 4
Warning	1292	Incorrect datetime value: '1' for column `func_cast_duoble_doubleunsigned_sequoiadb`.`t1`.`a` at row 5
Warning	1292	Incorrect datetime value: '1.01' for column `func_cast_duoble_doubleunsigned_sequoiadb`.`t1`.`a` at row 7
Warning	1292	Incorrect datetime value: '1.02' for column `func_cast_duoble_doubleunsigned_sequoiadb`.`t1`.`a` at row 6
Warning	1292	Incorrect datetime value: '12' for column `func_cast_duoble_doubleunsigned_sequoiadb`.`t1`.`a` at row 3
Warning	1292	Incorrect datetime value: '2' for column `func_cast_duoble_doubleunsigned_sequoiadb`.`t1`.`a` at row 2
Warning	1292	Incorrect datetime value: '2.010101' for column `func_cast_duoble_doubleunsigned_sequoiadb`.`t1`.`a` at row 13
Warning	1292	Incorrect datetime value: '2001.01' for column `func_cast_duoble_doubleunsigned_sequoiadb`.`t1`.`a` at row 8
Warning	1292	Incorrect datetime value: '2001.0101' for column `func_cast_duoble_doubleunsigned_sequoiadb`.`t1`.`a` at row 9
Warning	1292	Incorrect datetime value: '2019' for column `func_cast_duoble_doubleunsigned_sequoiadb`.`t1`.`a` at row 11
Warning	1292	Incorrect datetime value: '201901.01' for column `func_cast_duoble_doubleunsigned_sequoiadb`.`t1`.`a` at row 12
Warning	1292	Incorrect datetime value: '2147483647' for column `func_cast_duoble_doubleunsigned_sequoiadb`.`t1`.`a` at row 15
Warning	1292	Incorrect datetime value: '2147483647' for column `func_cast_duoble_doubleunsigned_sequoiadb`.`t1`.`a` at row 17
Warnings:
SELECT * FROM t1 WHERE a >= CAST('2001.01.01 01:00:00' AS DATETIME);
a	b	c
Warning	1292	Incorrect datetime value: '-2147483648' for column `func_cast_duoble_doubleunsigned_sequoiadb`.`t1`.`a` at row 14
Warning	1292	Incorrect datetime value: '-2147483648' for column `func_cast_duoble_doubleunsigned_sequoiadb`.`t1`.`a` at row 16
Warning	1292	Incorrect datetime value: '1' for column `func_cast_duoble_doubleunsigned_sequoiadb`.`t1`.`a` at row 1
Warning	1292	Incorrect datetime value: '1' for column `func_cast_duoble_doubleunsigned_sequoiadb`.`t1`.`a` at row 4
Warning	1292	Incorrect datetime value: '1' for column `func_cast_duoble_doubleunsigned_sequoiadb`.`t1`.`a` at row 5
Warning	1292	Incorrect datetime value: '1.01' for column `func_cast_duoble_doubleunsigned_sequoiadb`.`t1`.`a` at row 7
Warning	1292	Incorrect datetime value: '1.02' for column `func_cast_duoble_doubleunsigned_sequoiadb`.`t1`.`a` at row 6
Warning	1292	Incorrect datetime value: '12' for column `func_cast_duoble_doubleunsigned_sequoiadb`.`t1`.`a` at row 3
Warning	1292	Incorrect datetime value: '2' for column `func_cast_duoble_doubleunsigned_sequoiadb`.`t1`.`a` at row 2
Warning	1292	Incorrect datetime value: '2.010101' for column `func_cast_duoble_doubleunsigned_sequoiadb`.`t1`.`a` at row 13
Warning	1292	Incorrect datetime value: '2001.01' for column `func_cast_duoble_doubleunsigned_sequoiadb`.`t1`.`a` at row 8
Warning	1292	Incorrect datetime value: '2001.0101' for column `func_cast_duoble_doubleunsigned_sequoiadb`.`t1`.`a` at row 9
Warning	1292	Incorrect datetime value: '2019' for column `func_cast_duoble_doubleunsigned_sequoiadb`.`t1`.`a` at row 11
Warning	1292	Incorrect datetime value: '201901.01' for column `func_cast_duoble_doubleunsigned_sequoiadb`.`t1`.`a` at row 12
Warning	1292	Incorrect datetime value: '2147483647' for column `func_cast_duoble_doubleunsigned_sequoiadb`.`t1`.`a` at row 15
Warning	1292	Incorrect datetime value: '2147483647' for column `func_cast_duoble_doubleunsigned_sequoiadb`.`t1`.`a` at row 17
Warnings:
SELECT * FROM t1 WHERE a > CAST('10000.01.01 03:00:00' AS DATETIME);
a	b	c
20010101	10	2007-08-01
Warning	1292	Incorrect datetime value: '-2147483648' for column `func_cast_duoble_doubleunsigned_sequoiadb`.`t1`.`a` at row 14
Warning	1292	Incorrect datetime value: '-2147483648' for column `func_cast_duoble_doubleunsigned_sequoiadb`.`t1`.`a` at row 16
Warning	1292	Incorrect datetime value: '1' for column `func_cast_duoble_doubleunsigned_sequoiadb`.`t1`.`a` at row 1
Warning	1292	Incorrect datetime value: '1' for column `func_cast_duoble_doubleunsigned_sequoiadb`.`t1`.`a` at row 4
Warning	1292	Incorrect datetime value: '1' for column `func_cast_duoble_doubleunsigned_sequoiadb`.`t1`.`a` at row 5
Warning	1292	Incorrect datetime value: '1.01' for column `func_cast_duoble_doubleunsigned_sequoiadb`.`t1`.`a` at row 7
Warning	1292	Incorrect datetime value: '1.02' for column `func_cast_duoble_doubleunsigned_sequoiadb`.`t1`.`a` at row 6
Warning	1292	Incorrect datetime value: '12' for column `func_cast_duoble_doubleunsigned_sequoiadb`.`t1`.`a` at row 3
Warning	1292	Incorrect datetime value: '2' for column `func_cast_duoble_doubleunsigned_sequoiadb`.`t1`.`a` at row 2
Warning	1292	Incorrect datetime value: '2.010101' for column `func_cast_duoble_doubleunsigned_sequoiadb`.`t1`.`a` at row 13
Warning	1292	Incorrect datetime value: '2001.01' for column `func_cast_duoble_doubleunsigned_sequoiadb`.`t1`.`a` at row 8
Warning	1292	Incorrect datetime value: '2001.0101' for column `func_cast_duoble_doubleunsigned_sequoiadb`.`t1`.`a` at row 9
Warning	1292	Incorrect datetime value: '2019' for column `func_cast_duoble_doubleunsigned_sequoiadb`.`t1`.`a` at row 11
Warning	1292	Incorrect datetime value: '201901.01' for column `func_cast_duoble_doubleunsigned_sequoiadb`.`t1`.`a` at row 12
Warning	1292	Incorrect datetime value: '2147483647' for column `func_cast_duoble_doubleunsigned_sequoiadb`.`t1`.`a` at row 15
Warning	1292	Incorrect datetime value: '2147483647' for column `func_cast_duoble_doubleunsigned_sequoiadb`.`t1`.`a` at row 17
Warning	1292	Truncated incorrect datetime value: '10000.01.01 03:00:00'
Warnings:
SELECT * FROM t1 WHERE a < CAST(c AS DATETIME);
a	b	c
-2147483648	-9	2001-01-05
-2147483648	2	2001-01-02
1	3	2000-01-01
1	5	2013-01-01
1	9	2008-01-01
1.01	6	2009-11-01
1.02	7	2004-04-01
12	11	2002-01-01
2	1	2001-01-01
2.010101	13	2016-06-06
2001.01	13	2019-05-01
2001.0101	22	2006-02-01
20010101	10	2007-08-01
2019	21	2011-09-01
201901.01	16	2012-05-01
2147483647	-1	2001-01-03
2147483647	-13	2001-01-11
Warning	1292	Incorrect datetime value: '-2147483648' for column `func_cast_duoble_doubleunsigned_sequoiadb`.`t1`.`a` at row 14
Warning	1292	Incorrect datetime value: '-2147483648' for column `func_cast_duoble_doubleunsigned_sequoiadb`.`t1`.`a` at row 16
Warning	1292	Incorrect datetime value: '1' for column `func_cast_duoble_doubleunsigned_sequoiadb`.`t1`.`a` at row 1
Warning	1292	Incorrect datetime value: '1' for column `func_cast_duoble_doubleunsigned_sequoiadb`.`t1`.`a` at row 4
Warning	1292	Incorrect datetime value: '1' for column `func_cast_duoble_doubleunsigned_sequoiadb`.`t1`.`a` at row 5
Warning	1292	Incorrect datetime value: '1.01' for column `func_cast_duoble_doubleunsigned_sequoiadb`.`t1`.`a` at row 7
Warning	1292	Incorrect datetime value: '1.02' for column `func_cast_duoble_doubleunsigned_sequoiadb`.`t1`.`a` at row 6
Warning	1292	Incorrect datetime value: '12' for column `func_cast_duoble_doubleunsigned_sequoiadb`.`t1`.`a` at row 3
Warning	1292	Incorrect datetime value: '2' for column `func_cast_duoble_doubleunsigned_sequoiadb`.`t1`.`a` at row 2
Warning	1292	Incorrect datetime value: '2.010101' for column `func_cast_duoble_doubleunsigned_sequoiadb`.`t1`.`a` at row 13
Warning	1292	Incorrect datetime value: '2001.01' for column `func_cast_duoble_doubleunsigned_sequoiadb`.`t1`.`a` at row 8
Warning	1292	Incorrect datetime value: '2001.0101' for column `func_cast_duoble_doubleunsigned_sequoiadb`.`t1`.`a` at row 9
Warning	1292	Incorrect datetime value: '2019' for column `func_cast_duoble_doubleunsigned_sequoiadb`.`t1`.`a` at row 11
Warning	1292	Incorrect datetime value: '201901.01' for column `func_cast_duoble_doubleunsigned_sequoiadb`.`t1`.`a` at row 12
Warning	1292	Incorrect datetime value: '2147483647' for column `func_cast_duoble_doubleunsigned_sequoiadb`.`t1`.`a` at row 15
Warning	1292	Incorrect datetime value: '2147483647' for column `func_cast_duoble_doubleunsigned_sequoiadb`.`t1`.`a` at row 17
Warnings:
SELECT * FROM t1 WHERE a <= CAST(CURRENT_DATE() AS DATETIME);
a	b	c
-2147483648	-9	2001-01-05
-2147483648	2	2001-01-02
1	3	2000-01-01
1	5	2013-01-01
1	9	2008-01-01
1.01	6	2009-11-01
1.02	7	2004-04-01
12	11	2002-01-01
2	1	2001-01-01
2.010101	13	2016-06-06
2001.01	13	2019-05-01
2001.0101	22	2006-02-01
20010101	10	2007-08-01
2019	21	2011-09-01
201901.01	16	2012-05-01
2147483647	-1	2001-01-03
2147483647	-13	2001-01-11
Warning	1292	Incorrect datetime value: '-2147483648' for column `func_cast_duoble_doubleunsigned_sequoiadb`.`t1`.`a` at row 14
Warning	1292	Incorrect datetime value: '-2147483648' for column `func_cast_duoble_doubleunsigned_sequoiadb`.`t1`.`a` at row 16
Warning	1292	Incorrect datetime value: '1' for column `func_cast_duoble_doubleunsigned_sequoiadb`.`t1`.`a` at row 1
Warning	1292	Incorrect datetime value: '1' for column `func_cast_duoble_doubleunsigned_sequoiadb`.`t1`.`a` at row 4
Warning	1292	Incorrect datetime value: '1' for column `func_cast_duoble_doubleunsigned_sequoiadb`.`t1`.`a` at row 5
Warning	1292	Incorrect datetime value: '1.01' for column `func_cast_duoble_doubleunsigned_sequoiadb`.`t1`.`a` at row 7
Warning	1292	Incorrect datetime value: '1.02' for column `func_cast_duoble_doubleunsigned_sequoiadb`.`t1`.`a` at row 6
Warning	1292	Incorrect datetime value: '12' for column `func_cast_duoble_doubleunsigned_sequoiadb`.`t1`.`a` at row 3
Warning	1292	Incorrect datetime value: '2' for column `func_cast_duoble_doubleunsigned_sequoiadb`.`t1`.`a` at row 2
Warning	1292	Incorrect datetime value: '2.010101' for column `func_cast_duoble_doubleunsigned_sequoiadb`.`t1`.`a` at row 13
Warning	1292	Incorrect datetime value: '2001.01' for column `func_cast_duoble_doubleunsigned_sequoiadb`.`t1`.`a` at row 8
Warning	1292	Incorrect datetime value: '2001.0101' for column `func_cast_duoble_doubleunsigned_sequoiadb`.`t1`.`a` at row 9
Warning	1292	Incorrect datetime value: '2019' for column `func_cast_duoble_doubleunsigned_sequoiadb`.`t1`.`a` at row 11
Warning	1292	Incorrect datetime value: '201901.01' for column `func_cast_duoble_doubleunsigned_sequoiadb`.`t1`.`a` at row 12
Warning	1292	Incorrect datetime value: '2147483647' for column `func_cast_duoble_doubleunsigned_sequoiadb`.`t1`.`a` at row 15
Warning	1292	Incorrect datetime value: '2147483647' for column `func_cast_duoble_doubleunsigned_sequoiadb`.`t1`.`a` at row 17
Warnings:
SELECT * FROM t1 WHERE a = CAST('1' AS TIME);
a	b	c
1	3	2000-01-01
1	5	2013-01-01
1	9	2008-01-01
Warning	1292	Incorrect time value: '-2147483648' for column `func_cast_duoble_doubleunsigned_sequoiadb`.`t1`.`a` at row 14
Warning	1292	Incorrect time value: '-2147483648' for column `func_cast_duoble_doubleunsigned_sequoiadb`.`t1`.`a` at row 16
Warning	1292	Incorrect time value: '2147483647' for column `func_cast_duoble_doubleunsigned_sequoiadb`.`t1`.`a` at row 15
Warning	1292	Incorrect time value: '2147483647' for column `func_cast_duoble_doubleunsigned_sequoiadb`.`t1`.`a` at row 17
Warnings:
SELECT * FROM t1 WHERE a >= CAST('2001-01-01 00:00:00' AS TIME);
a	b	c
1	3	2000-01-01
1	5	2013-01-01
1	9	2008-01-01
1.01	6	2009-11-01
1.02	7	2004-04-01
12	11	2002-01-01
2	1	2001-01-01
2.010101	13	2016-06-06
2001.01	13	2019-05-01
2001.0101	22	2006-02-01
20010101	10	2007-08-01
2019	21	2011-09-01
201901.01	16	2012-05-01
2147483647	-1	2001-01-03
2147483647	-13	2001-01-11
Warning	1292	Incorrect time value: '-2147483648' for column `func_cast_duoble_doubleunsigned_sequoiadb`.`t1`.`a` at row 14
Warning	1292	Incorrect time value: '-2147483648' for column `func_cast_duoble_doubleunsigned_sequoiadb`.`t1`.`a` at row 16
Warning	1292	Incorrect time value: '2147483647' for column `func_cast_duoble_doubleunsigned_sequoiadb`.`t1`.`a` at row 15
Warning	1292	Incorrect time value: '2147483647' for column `func_cast_duoble_doubleunsigned_sequoiadb`.`t1`.`a` at row 17
Warnings:
SELECT * FROM t1 WHERE a >= CAST('2001#01#01 23:59:00' AS TIME);
a	b	c
Warning	1292	Incorrect time value: '-2147483648' for column `func_cast_duoble_doubleunsigned_sequoiadb`.`t1`.`a` at row 14
Warning	1292	Incorrect time value: '-2147483648' for column `func_cast_duoble_doubleunsigned_sequoiadb`.`t1`.`a` at row 16
Warning	1292	Incorrect time value: '2147483647' for column `func_cast_duoble_doubleunsigned_sequoiadb`.`t1`.`a` at row 15
Warning	1292	Incorrect time value: '2147483647' for column `func_cast_duoble_doubleunsigned_sequoiadb`.`t1`.`a` at row 17
Warnings:
SELECT * FROM t1 WHERE a >= CAST('2001.01.01 01:00:00' AS TIME);
a	b	c
201901.01	16	2012-05-01
Warning	1292	Incorrect time value: '-2147483648' for column `func_cast_duoble_doubleunsigned_sequoiadb`.`t1`.`a` at row 14
Warning	1292	Incorrect time value: '-2147483648' for column `func_cast_duoble_doubleunsigned_sequoiadb`.`t1`.`a` at row 16
Warning	1292	Incorrect time value: '2147483647' for column `func_cast_duoble_doubleunsigned_sequoiadb`.`t1`.`a` at row 15
Warning	1292	Incorrect time value: '2147483647' for column `func_cast_duoble_doubleunsigned_sequoiadb`.`t1`.`a` at row 17
Warnings:
SELECT * FROM t1 WHERE a > CAST('10000.01.01 03:00:00' AS TIME);
a	b	c
1	3	2000-01-01
1	5	2013-01-01
1	9	2008-01-01
1.01	6	2009-11-01
1.02	7	2004-04-01
12	11	2002-01-01
2	1	2001-01-01
2.010101	13	2016-06-06
2001.01	13	2019-05-01
2001.0101	22	2006-02-01
2019	21	2011-09-01
201901.01	16	2012-05-01
SELECT * FROM t1 WHERE a > CAST('-839:59:59.0000' AS TIME);
a	b	c
1	3	2000-01-01
1	5	2013-01-01
1	9	2008-01-01
1.01	6	2009-11-01
1.02	7	2004-04-01
12	11	2002-01-01
2	1	2001-01-01
2.010101	13	2016-06-06
2001.01	13	2019-05-01
2001.0101	22	2006-02-01
20010101	10	2007-08-01
2019	21	2011-09-01
201901.01	16	2012-05-01
2147483647	-1	2001-01-03
2147483647	-13	2001-01-11
Warning	1292	Incorrect time value: '-2147483648' for column `func_cast_duoble_doubleunsigned_sequoiadb`.`t1`.`a` at row 14
Warning	1292	Incorrect time value: '-2147483648' for column `func_cast_duoble_doubleunsigned_sequoiadb`.`t1`.`a` at row 16
Warning	1292	Incorrect time value: '2147483647' for column `func_cast_duoble_doubleunsigned_sequoiadb`.`t1`.`a` at row 15
Warning	1292	Incorrect time value: '2147483647' for column `func_cast_duoble_doubleunsigned_sequoiadb`.`t1`.`a` at row 17
Warning	1292	Truncated incorrect time value: '-839:59:59.0000'
Warnings:
SELECT * FROM t1 WHERE a < CAST(c AS TIME);
a	b	c
-2147483648	-9	2001-01-05
-2147483648	2	2001-01-02
Warning	1292	Incorrect time value: '-2147483648' for column `func_cast_duoble_doubleunsigned_sequoiadb`.`t1`.`a` at row 14
Warning	1292	Incorrect time value: '-2147483648' for column `func_cast_duoble_doubleunsigned_sequoiadb`.`t1`.`a` at row 16
Warning	1292	Incorrect time value: '2147483647' for column `func_cast_duoble_doubleunsigned_sequoiadb`.`t1`.`a` at row 15
Warning	1292	Incorrect time value: '2147483647' for column `func_cast_duoble_doubleunsigned_sequoiadb`.`t1`.`a` at row 17
Warnings:
DROP TABLE t1;
CREATE TABLE t1(a DOUBLE UNSIGNED, b INT, c DATE);
INSERT INTO t1 VALUES (1,3, '2000-01-01'),(2,1,'2001-01-01'),('12',11,'2002-01-01'),('1',9,'2008-01-01'),(1.00,5,'2013-01-01'),(1.02,7,'2004-04-01'), ('1.01',6,'2009-11-01'), ('2001.01',13,'2019-05-01'), ('2001.0101',22,'2006-02-01'),('20010101',10,'2007-08-01'),('2019',21,'2011-09-01'),('201901.01',16,'2012-05-01'),('2.010101',13,'2016-06-06'),('4294967294',2,'2001-01-02'),('4294967294',-1,'2001-01-03'),(4294967294,-9,'2001-01-05'),(4294967294,-13,'2001-01-11');
SELECT * FROM t1 WHERE a = CAST('1' AS CHAR);
a	b	c
1	3	2000-01-01
1	5	2013-01-01
1	9	2008-01-01
SELECT * FROM t1 WHERE a = CAST(1.00 AS CHAR);
a	b	c
1	3	2000-01-01
1	5	2013-01-01
1	9	2008-01-01
SELECT * FROM t1 WHERE a > CAST(b AS CHAR);
a	b	c
12	11	2002-01-01
2	1	2001-01-01
2001.01	13	2019-05-01
2001.0101	22	2006-02-01
20010101	10	2007-08-01
2019	21	2011-09-01
201901.01	16	2012-05-01
4294967294	-1	2001-01-03
4294967294	-13	2001-01-11
4294967294	-9	2001-01-05
4294967294	2	2001-01-02
SELECT * FROM t1 WHERE a > CAST(SUBSTRING('1234567abc', 5, 9) AS CHAR);
a	b	c
2001.01	13	2019-05-01
2001.0101	22	2006-02-01
20010101	10	2007-08-01
2019	21	2011-09-01
201901.01	16	2012-05-01
4294967294	-1	2001-01-03
4294967294	-13	2001-01-11
4294967294	-9	2001-01-05
4294967294	2	2001-01-02
Warning	1292	Truncated incorrect DOUBLE value: '567abc'
Warning	1292	Truncated incorrect DOUBLE value: '567abc'
Warnings:
SELECT * FROM t1 WHERE a = CAST('1.00' AS NCHAR);
a	b	c
1	3	2000-01-01
1	5	2013-01-01
1	9	2008-01-01
SELECT * FROM t1 WHERE a = CAST(1.01 AS NCHAR);
a	b	c
1.01	6	2009-11-01
SELECT * FROM t1 WHERE a < CAST(b AS NCHAR);
a	b	c
1	3	2000-01-01
1	5	2013-01-01
1	9	2008-01-01
1.01	6	2009-11-01
1.02	7	2004-04-01
2.010101	13	2016-06-06
SELECT * FROM t1 WHERE a >= CAST(CONCAT('123','abc','456') AS NCHAR);
a	b	c
2001.01	13	2019-05-01
2001.0101	22	2006-02-01
20010101	10	2007-08-01
2019	21	2011-09-01
201901.01	16	2012-05-01
4294967294	-1	2001-01-03
4294967294	-13	2001-01-11
4294967294	-9	2001-01-05
4294967294	2	2001-01-02
Warning	1292	Truncated incorrect DOUBLE value: '123abc456'
Warning	1292	Truncated incorrect DOUBLE value: '123abc456'
Warnings:
SELECT * FROM t1 WHERE a = CAST('1.01' AS BINARY);
a	b	c
1.01	6	2009-11-01
SELECT * FROM t1 WHERE a = CAST(1 AS BINARY);
a	b	c
1	3	2000-01-01
1	5	2013-01-01
1	9	2008-01-01
SELECT * FROM t1 WHERE a < CAST(b AS BINARY);
a	b	c
1	3	2000-01-01
1	5	2013-01-01
1	9	2008-01-01
1.01	6	2009-11-01
1.02	7	2004-04-01
2.010101	13	2016-06-06
SELECT * FROM t1 WHERE a >= CAST(REPLACE('ab12c4','ab12','234') AS BINARY);
a	b	c
2001.01	13	2019-05-01
2001.0101	22	2006-02-01
20010101	10	2007-08-01
2019	21	2011-09-01
201901.01	16	2012-05-01
4294967294	-1	2001-01-03
4294967294	-13	2001-01-11
4294967294	-9	2001-01-05
4294967294	2	2001-01-02
Warning	1292	Truncated incorrect DOUBLE value: '234c4'
Warning	1292	Truncated incorrect DOUBLE value: '234c4'
Warnings:
SELECT * FROM t1 WHERE a = CAST('1.0' AS SIGNED);
a	b	c
1	3	2000-01-01
1	5	2013-01-01
1	9	2008-01-01
Warning	1292	Truncated incorrect INTEGER value: '1.0'
Warning	1292	Truncated incorrect INTEGER value: '1.0'
Warnings:
SELECT * FROM t1 WHERE a = CAST(1.000 AS SIGNED);
a	b	c
1	3	2000-01-01
1	5	2013-01-01
1	9	2008-01-01
SELECT * FROM t1 WHERE a < CAST(2147483647 AS SIGNED);
a	b	c
1	3	2000-01-01
1	5	2013-01-01
1	9	2008-01-01
1.01	6	2009-11-01
1.02	7	2004-04-01
12	11	2002-01-01
2	1	2001-01-01
2.010101	13	2016-06-06
2001.01	13	2019-05-01
2001.0101	22	2006-02-01
20010101	10	2007-08-01
2019	21	2011-09-01
201901.01	16	2012-05-01
SELECT * FROM t1 WHERE a >= CAST(-2147483649 AS SIGNED);
a	b	c
1	3	2000-01-01
1	5	2013-01-01
1	9	2008-01-01
1.01	6	2009-11-01
1.02	7	2004-04-01
12	11	2002-01-01
2	1	2001-01-01
2.010101	13	2016-06-06
2001.01	13	2019-05-01
2001.0101	22	2006-02-01
20010101	10	2007-08-01
2019	21	2011-09-01
201901.01	16	2012-05-01
4294967294	-1	2001-01-03
4294967294	-13	2001-01-11
4294967294	-9	2001-01-05
4294967294	2	2001-01-02
SELECT * FROM t1 WHERE a < CAST(b AS SIGNED);
a	b	c
1	3	2000-01-01
1	5	2013-01-01
1	9	2008-01-01
1.01	6	2009-11-01
1.02	7	2004-04-01
2.010101	13	2016-06-06
SELECT * FROM t1 WHERE a >= CAST(LENGTH('ab123cd456') AS SIGNED);
a	b	c
12	11	2002-01-01
2001.01	13	2019-05-01
2001.0101	22	2006-02-01
20010101	10	2007-08-01
2019	21	2011-09-01
201901.01	16	2012-05-01
4294967294	-1	2001-01-03
4294967294	-13	2001-01-11
4294967294	-9	2001-01-05
4294967294	2	2001-01-02
SELECT * FROM t1 WHERE a = CAST('1' AS UNSIGNED);
a	b	c
1	3	2000-01-01
1	5	2013-01-01
1	9	2008-01-01
SELECT * FROM t1 WHERE a = CAST(1.01 AS UNSIGNED);
a	b	c
1	3	2000-01-01
1	5	2013-01-01
1	9	2008-01-01
SELECT * FROM t1 WHERE a < CAST(4294967297 AS UNSIGNED);
a	b	c
1	3	2000-01-01
1	5	2013-01-01
1	9	2008-01-01
1.01	6	2009-11-01
1.02	7	2004-04-01
12	11	2002-01-01
2	1	2001-01-01
2.010101	13	2016-06-06
2001.01	13	2019-05-01
2001.0101	22	2006-02-01
20010101	10	2007-08-01
2019	21	2011-09-01
201901.01	16	2012-05-01
4294967294	-1	2001-01-03
4294967294	-13	2001-01-11
4294967294	-9	2001-01-05
4294967294	2	2001-01-02
SELECT * FROM t1 WHERE a >= CAST(-4294967299 AS UNSIGNED);
a	b	c
Note	1105	Cast to unsigned converted negative integer to it's positive complement
Warnings:
SELECT * FROM t1 WHERE a < CAST(b AS UNSIGNED);
a	b	c
1	3	2000-01-01
1	5	2013-01-01
1	9	2008-01-01
1.01	6	2009-11-01
1.02	7	2004-04-01
2.010101	13	2016-06-06
4294967294	-1	2001-01-03
4294967294	-13	2001-01-11
4294967294	-9	2001-01-05
Note	1105	Cast to unsigned converted negative integer to it's positive complement
Note	1105	Cast to unsigned converted negative integer to it's positive complement
Note	1105	Cast to unsigned converted negative integer to it's positive complement
Warnings:
SELECT * FROM t1 WHERE a >= CAST(RPAD('123abc4567',7,'00') AS UNSIGNED);
a	b	c
2001.01	13	2019-05-01
2001.0101	22	2006-02-01
20010101	10	2007-08-01
2019	21	2011-09-01
201901.01	16	2012-05-01
4294967294	-1	2001-01-03
4294967294	-13	2001-01-11
4294967294	-9	2001-01-05
4294967294	2	2001-01-02
Warning	1292	Truncated incorrect INTEGER value: '123abc4'
Warning	1292	Truncated incorrect INTEGER value: '123abc4'
Warnings:
SELECT * FROM t1 WHERE a = CAST('1' AS DECIMAL);
a	b	c
1	3	2000-01-01
1	5	2013-01-01
1	9	2008-01-01
SELECT * FROM t1 WHERE a = CAST(1.02 AS DECIMAL);
a	b	c
1	3	2000-01-01
1	5	2013-01-01
1	9	2008-01-01
SELECT * FROM t1 WHERE a <= CAST(922337203685477580800 AS DECIMAL);
a	b	c
1	3	2000-01-01
1	5	2013-01-01
1	9	2008-01-01
1.01	6	2009-11-01
1.02	7	2004-04-01
12	11	2002-01-01
2	1	2001-01-01
2.010101	13	2016-06-06
2001.01	13	2019-05-01
2001.0101	22	2006-02-01
20010101	10	2007-08-01
2019	21	2011-09-01
201901.01	16	2012-05-01
4294967294	-1	2001-01-03
4294967294	-13	2001-01-11
4294967294	-9	2001-01-05
4294967294	2	2001-01-02
Warning	1264	Out of range value for column '(null)' at row 1
Warning	1264	Out of range value for column '(null)' at row 1
Warnings:
SELECT * FROM t1 WHERE a < CAST(b AS DECIMAL);
a	b	c
1	3	2000-01-01
1	5	2013-01-01
1	9	2008-01-01
1.01	6	2009-11-01
1.02	7	2004-04-01
2.010101	13	2016-06-06
SELECT * FROM t1 WHERE a >= CAST(LPAD('123abc4567',5,'00') AS DECIMAL);
a	b	c
2001.01	13	2019-05-01
2001.0101	22	2006-02-01
20010101	10	2007-08-01
2019	21	2011-09-01
201901.01	16	2012-05-01
4294967294	-1	2001-01-03
4294967294	-13	2001-01-11
4294967294	-9	2001-01-05
4294967294	2	2001-01-02
Warning	1292	Truncated incorrect DECIMAL value: '123ab'
Warning	1292	Truncated incorrect DECIMAL value: '123ab'
Warnings:
SELECT * FROM t1 WHERE a = CAST('1' AS DATE);
a	b	c
1	3	2000-01-01
1	5	2013-01-01
1	9	2008-01-01
1.01	6	2009-11-01
1.02	7	2004-04-01
12	11	2002-01-01
2	1	2001-01-01
2.010101	13	2016-06-06
2001.01	13	2019-05-01
2001.0101	22	2006-02-01
2019	21	2011-09-01
201901.01	16	2012-05-01
4294967294	-1	2001-01-03
4294967294	-13	2001-01-11
4294967294	-9	2001-01-05
4294967294	2	2001-01-02
Warning	1292	Incorrect datetime value: '1' for column `func_cast_duoble_doubleunsigned_sequoiadb`.`t1`.`a` at row 1
Warning	1292	Incorrect datetime value: '1' for column `func_cast_duoble_doubleunsigned_sequoiadb`.`t1`.`a` at row 4
Warning	1292	Incorrect datetime value: '1' for column `func_cast_duoble_doubleunsigned_sequoiadb`.`t1`.`a` at row 5
Warning	1292	Incorrect datetime value: '1.01' for column `func_cast_duoble_doubleunsigned_sequoiadb`.`t1`.`a` at row 7
Warning	1292	Incorrect datetime value: '1.02' for column `func_cast_duoble_doubleunsigned_sequoiadb`.`t1`.`a` at row 6
Warning	1292	Incorrect datetime value: '12' for column `func_cast_duoble_doubleunsigned_sequoiadb`.`t1`.`a` at row 3
Warning	1292	Incorrect datetime value: '2' for column `func_cast_duoble_doubleunsigned_sequoiadb`.`t1`.`a` at row 2
Warning	1292	Incorrect datetime value: '2.010101' for column `func_cast_duoble_doubleunsigned_sequoiadb`.`t1`.`a` at row 13
Warning	1292	Incorrect datetime value: '2001.01' for column `func_cast_duoble_doubleunsigned_sequoiadb`.`t1`.`a` at row 8
Warning	1292	Incorrect datetime value: '2001.0101' for column `func_cast_duoble_doubleunsigned_sequoiadb`.`t1`.`a` at row 9
Warning	1292	Incorrect datetime value: '2019' for column `func_cast_duoble_doubleunsigned_sequoiadb`.`t1`.`a` at row 11
Warning	1292	Incorrect datetime value: '201901.01' for column `func_cast_duoble_doubleunsigned_sequoiadb`.`t1`.`a` at row 12
Warning	1292	Incorrect datetime value: '4294967294' for column `func_cast_duoble_doubleunsigned_sequoiadb`.`t1`.`a` at row 14
Warning	1292	Incorrect datetime value: '4294967294' for column `func_cast_duoble_doubleunsigned_sequoiadb`.`t1`.`a` at row 15
Warning	1292	Incorrect datetime value: '4294967294' for column `func_cast_duoble_doubleunsigned_sequoiadb`.`t1`.`a` at row 16
Warning	1292	Incorrect datetime value: '4294967294' for column `func_cast_duoble_doubleunsigned_sequoiadb`.`t1`.`a` at row 17
Warning	1292	Truncated incorrect datetime value: '1'
Warnings:
SELECT * FROM t1 WHERE a >= CAST('2001-01-01' AS DATE);
a	b	c
20010101	10	2007-08-01
Warning	1292	Incorrect datetime value: '1' for column `func_cast_duoble_doubleunsigned_sequoiadb`.`t1`.`a` at row 1
Warning	1292	Incorrect datetime value: '1' for column `func_cast_duoble_doubleunsigned_sequoiadb`.`t1`.`a` at row 4
Warning	1292	Incorrect datetime value: '1' for column `func_cast_duoble_doubleunsigned_sequoiadb`.`t1`.`a` at row 5
Warning	1292	Incorrect datetime value: '1.01' for column `func_cast_duoble_doubleunsigned_sequoiadb`.`t1`.`a` at row 7
Warning	1292	Incorrect datetime value: '1.02' for column `func_cast_duoble_doubleunsigned_sequoiadb`.`t1`.`a` at row 6
Warning	1292	Incorrect datetime value: '12' for column `func_cast_duoble_doubleunsigned_sequoiadb`.`t1`.`a` at row 3
Warning	1292	Incorrect datetime value: '2' for column `func_cast_duoble_doubleunsigned_sequoiadb`.`t1`.`a` at row 2
Warning	1292	Incorrect datetime value: '2.010101' for column `func_cast_duoble_doubleunsigned_sequoiadb`.`t1`.`a` at row 13
Warning	1292	Incorrect datetime value: '2001.01' for column `func_cast_duoble_doubleunsigned_sequoiadb`.`t1`.`a` at row 8
Warning	1292	Incorrect datetime value: '2001.0101' for column `func_cast_duoble_doubleunsigned_sequoiadb`.`t1`.`a` at row 9
Warning	1292	Incorrect datetime value: '2019' for column `func_cast_duoble_doubleunsigned_sequoiadb`.`t1`.`a` at row 11
Warning	1292	Incorrect datetime value: '201901.01' for column `func_cast_duoble_doubleunsigned_sequoiadb`.`t1`.`a` at row 12
Warning	1292	Incorrect datetime value: '4294967294' for column `func_cast_duoble_doubleunsigned_sequoiadb`.`t1`.`a` at row 14
Warning	1292	Incorrect datetime value: '4294967294' for column `func_cast_duoble_doubleunsigned_sequoiadb`.`t1`.`a` at row 15
Warning	1292	Incorrect datetime value: '4294967294' for column `func_cast_duoble_doubleunsigned_sequoiadb`.`t1`.`a` at row 16
Warning	1292	Incorrect datetime value: '4294967294' for column `func_cast_duoble_doubleunsigned_sequoiadb`.`t1`.`a` at row 17
Warnings:
SELECT * FROM t1 WHERE a >= CAST('2001#01#01' AS DATE);
a	b	c
20010101	10	2007-08-01
Warning	1292	Incorrect datetime value: '1' for column `func_cast_duoble_doubleunsigned_sequoiadb`.`t1`.`a` at row 1
Warning	1292	Incorrect datetime value: '1' for column `func_cast_duoble_doubleunsigned_sequoiadb`.`t1`.`a` at row 4
Warning	1292	Incorrect datetime value: '1' for column `func_cast_duoble_doubleunsigned_sequoiadb`.`t1`.`a` at row 5
Warning	1292	Incorrect datetime value: '1.01' for column `func_cast_duoble_doubleunsigned_sequoiadb`.`t1`.`a` at row 7
Warning	1292	Incorrect datetime value: '1.02' for column `func_cast_duoble_doubleunsigned_sequoiadb`.`t1`.`a` at row 6
Warning	1292	Incorrect datetime value: '12' for column `func_cast_duoble_doubleunsigned_sequoiadb`.`t1`.`a` at row 3
Warning	1292	Incorrect datetime value: '2' for column `func_cast_duoble_doubleunsigned_sequoiadb`.`t1`.`a` at row 2
Warning	1292	Incorrect datetime value: '2.010101' for column `func_cast_duoble_doubleunsigned_sequoiadb`.`t1`.`a` at row 13
Warning	1292	Incorrect datetime value: '2001.01' for column `func_cast_duoble_doubleunsigned_sequoiadb`.`t1`.`a` at row 8
Warning	1292	Incorrect datetime value: '2001.0101' for column `func_cast_duoble_doubleunsigned_sequoiadb`.`t1`.`a` at row 9
Warning	1292	Incorrect datetime value: '2019' for column `func_cast_duoble_doubleunsigned_sequoiadb`.`t1`.`a` at row 11
Warning	1292	Incorrect datetime value: '201901.01' for column `func_cast_duoble_doubleunsigned_sequoiadb`.`t1`.`a` at row 12
Warning	1292	Incorrect datetime value: '4294967294' for column `func_cast_duoble_doubleunsigned_sequoiadb`.`t1`.`a` at row 14
Warning	1292	Incorrect datetime value: '4294967294' for column `func_cast_duoble_doubleunsigned_sequoiadb`.`t1`.`a` at row 15
Warning	1292	Incorrect datetime value: '4294967294' for column `func_cast_duoble_doubleunsigned_sequoiadb`.`t1`.`a` at row 16
Warning	1292	Incorrect datetime value: '4294967294' for column `func_cast_duoble_doubleunsigned_sequoiadb`.`t1`.`a` at row 17
Warnings:
SELECT * FROM t1 WHERE a >= CAST('2001.01.01' AS DATE);
a	b	c
20010101	10	2007-08-01
Warning	1292	Incorrect datetime value: '1' for column `func_cast_duoble_doubleunsigned_sequoiadb`.`t1`.`a` at row 1
Warning	1292	Incorrect datetime value: '1' for column `func_cast_duoble_doubleunsigned_sequoiadb`.`t1`.`a` at row 4
Warning	1292	Incorrect datetime value: '1' for column `func_cast_duoble_doubleunsigned_sequoiadb`.`t1`.`a` at row 5
Warning	1292	Incorrect datetime value: '1.01' for column `func_cast_duoble_doubleunsigned_sequoiadb`.`t1`.`a` at row 7
Warning	1292	Incorrect datetime value: '1.02' for column `func_cast_duoble_doubleunsigned_sequoiadb`.`t1`.`a` at row 6
Warning	1292	Incorrect datetime value: '12' for column `func_cast_duoble_doubleunsigned_sequoiadb`.`t1`.`a` at row 3
Warning	1292	Incorrect datetime value: '2' for column `func_cast_duoble_doubleunsigned_sequoiadb`.`t1`.`a` at row 2
Warning	1292	Incorrect datetime value: '2.010101' for column `func_cast_duoble_doubleunsigned_sequoiadb`.`t1`.`a` at row 13
Warning	1292	Incorrect datetime value: '2001.01' for column `func_cast_duoble_doubleunsigned_sequoiadb`.`t1`.`a` at row 8
Warning	1292	Incorrect datetime value: '2001.0101' for column `func_cast_duoble_doubleunsigned_sequoiadb`.`t1`.`a` at row 9
Warning	1292	Incorrect datetime value: '2019' for column `func_cast_duoble_doubleunsigned_sequoiadb`.`t1`.`a` at row 11
Warning	1292	Incorrect datetime value: '201901.01' for column `func_cast_duoble_doubleunsigned_sequoiadb`.`t1`.`a` at row 12
Warning	1292	Incorrect datetime value: '4294967294' for column `func_cast_duoble_doubleunsigned_sequoiadb`.`t1`.`a` at row 14
Warning	1292	Incorrect datetime value: '4294967294' for column `func_cast_duoble_doubleunsigned_sequoiadb`.`t1`.`a` at row 15
Warning	1292	Incorrect datetime value: '4294967294' for column `func_cast_duoble_doubleunsigned_sequoiadb`.`t1`.`a` at row 16
Warning	1292	Incorrect datetime value: '4294967294' for column `func_cast_duoble_doubleunsigned_sequoiadb`.`t1`.`a` at row 17
Warnings:
SELECT * FROM t1 WHERE a > CAST('10000.01.01' AS DATE);
a	b	c
20010101	10	2007-08-01
Warning	1292	Incorrect datetime value: '1' for column `func_cast_duoble_doubleunsigned_sequoiadb`.`t1`.`a` at row 1
Warning	1292	Incorrect datetime value: '1' for column `func_cast_duoble_doubleunsigned_sequoiadb`.`t1`.`a` at row 4
Warning	1292	Incorrect datetime value: '1' for column `func_cast_duoble_doubleunsigned_sequoiadb`.`t1`.`a` at row 5
Warning	1292	Incorrect datetime value: '1.01' for column `func_cast_duoble_doubleunsigned_sequoiadb`.`t1`.`a` at row 7
Warning	1292	Incorrect datetime value: '1.02' for column `func_cast_duoble_doubleunsigned_sequoiadb`.`t1`.`a` at row 6
Warning	1292	Incorrect datetime value: '12' for column `func_cast_duoble_doubleunsigned_sequoiadb`.`t1`.`a` at row 3
Warning	1292	Incorrect datetime value: '2' for column `func_cast_duoble_doubleunsigned_sequoiadb`.`t1`.`a` at row 2
Warning	1292	Incorrect datetime value: '2.010101' for column `func_cast_duoble_doubleunsigned_sequoiadb`.`t1`.`a` at row 13
Warning	1292	Incorrect datetime value: '2001.01' for column `func_cast_duoble_doubleunsigned_sequoiadb`.`t1`.`a` at row 8
Warning	1292	Incorrect datetime value: '2001.0101' for column `func_cast_duoble_doubleunsigned_sequoiadb`.`t1`.`a` at row 9
Warning	1292	Incorrect datetime value: '2019' for column `func_cast_duoble_doubleunsigned_sequoiadb`.`t1`.`a` at row 11
Warning	1292	Incorrect datetime value: '201901.01' for column `func_cast_duoble_doubleunsigned_sequoiadb`.`t1`.`a` at row 12
Warning	1292	Incorrect datetime value: '4294967294' for column `func_cast_duoble_doubleunsigned_sequoiadb`.`t1`.`a` at row 14
Warning	1292	Incorrect datetime value: '4294967294' for column `func_cast_duoble_doubleunsigned_sequoiadb`.`t1`.`a` at row 15
Warning	1292	Incorrect datetime value: '4294967294' for column `func_cast_duoble_doubleunsigned_sequoiadb`.`t1`.`a` at row 16
Warning	1292	Incorrect datetime value: '4294967294' for column `func_cast_duoble_doubleunsigned_sequoiadb`.`t1`.`a` at row 17
Warning	1292	Truncated incorrect datetime value: '10000.01.01'
Warnings:
SELECT * FROM t1 WHERE a < CAST(c AS DATE);
a	b	c
1	3	2000-01-01
1	5	2013-01-01
1	9	2008-01-01
1.01	6	2009-11-01
1.02	7	2004-04-01
12	11	2002-01-01
2	1	2001-01-01
2.010101	13	2016-06-06
2001.01	13	2019-05-01
2001.0101	22	2006-02-01
20010101	10	2007-08-01
2019	21	2011-09-01
201901.01	16	2012-05-01
4294967294	-1	2001-01-03
4294967294	-13	2001-01-11
4294967294	-9	2001-01-05
4294967294	2	2001-01-02
Warning	1292	Incorrect datetime value: '1' for column `func_cast_duoble_doubleunsigned_sequoiadb`.`t1`.`a` at row 1
Warning	1292	Incorrect datetime value: '1' for column `func_cast_duoble_doubleunsigned_sequoiadb`.`t1`.`a` at row 4
Warning	1292	Incorrect datetime value: '1' for column `func_cast_duoble_doubleunsigned_sequoiadb`.`t1`.`a` at row 5
Warning	1292	Incorrect datetime value: '1.01' for column `func_cast_duoble_doubleunsigned_sequoiadb`.`t1`.`a` at row 7
Warning	1292	Incorrect datetime value: '1.02' for column `func_cast_duoble_doubleunsigned_sequoiadb`.`t1`.`a` at row 6
Warning	1292	Incorrect datetime value: '12' for column `func_cast_duoble_doubleunsigned_sequoiadb`.`t1`.`a` at row 3
Warning	1292	Incorrect datetime value: '2' for column `func_cast_duoble_doubleunsigned_sequoiadb`.`t1`.`a` at row 2
Warning	1292	Incorrect datetime value: '2.010101' for column `func_cast_duoble_doubleunsigned_sequoiadb`.`t1`.`a` at row 13
Warning	1292	Incorrect datetime value: '2001.01' for column `func_cast_duoble_doubleunsigned_sequoiadb`.`t1`.`a` at row 8
Warning	1292	Incorrect datetime value: '2001.0101' for column `func_cast_duoble_doubleunsigned_sequoiadb`.`t1`.`a` at row 9
Warning	1292	Incorrect datetime value: '2019' for column `func_cast_duoble_doubleunsigned_sequoiadb`.`t1`.`a` at row 11
Warning	1292	Incorrect datetime value: '201901.01' for column `func_cast_duoble_doubleunsigned_sequoiadb`.`t1`.`a` at row 12
Warning	1292	Incorrect datetime value: '4294967294' for column `func_cast_duoble_doubleunsigned_sequoiadb`.`t1`.`a` at row 14
Warning	1292	Incorrect datetime value: '4294967294' for column `func_cast_duoble_doubleunsigned_sequoiadb`.`t1`.`a` at row 15
Warning	1292	Incorrect datetime value: '4294967294' for column `func_cast_duoble_doubleunsigned_sequoiadb`.`t1`.`a` at row 16
Warning	1292	Incorrect datetime value: '4294967294' for column `func_cast_duoble_doubleunsigned_sequoiadb`.`t1`.`a` at row 17
Warnings:
SELECT * FROM t1 WHERE a <= CAST(NOW() AS DATE);
a	b	c
1	3	2000-01-01
1	5	2013-01-01
1	9	2008-01-01
1.01	6	2009-11-01
1.02	7	2004-04-01
12	11	2002-01-01
2	1	2001-01-01
2.010101	13	2016-06-06
2001.01	13	2019-05-01
2001.0101	22	2006-02-01
20010101	10	2007-08-01
2019	21	2011-09-01
201901.01	16	2012-05-01
4294967294	-1	2001-01-03
4294967294	-13	2001-01-11
4294967294	-9	2001-01-05
4294967294	2	2001-01-02
Warning	1292	Incorrect datetime value: '1' for column `func_cast_duoble_doubleunsigned_sequoiadb`.`t1`.`a` at row 1
Warning	1292	Incorrect datetime value: '1' for column `func_cast_duoble_doubleunsigned_sequoiadb`.`t1`.`a` at row 4
Warning	1292	Incorrect datetime value: '1' for column `func_cast_duoble_doubleunsigned_sequoiadb`.`t1`.`a` at row 5
Warning	1292	Incorrect datetime value: '1.01' for column `func_cast_duoble_doubleunsigned_sequoiadb`.`t1`.`a` at row 7
Warning	1292	Incorrect datetime value: '1.02' for column `func_cast_duoble_doubleunsigned_sequoiadb`.`t1`.`a` at row 6
Warning	1292	Incorrect datetime value: '12' for column `func_cast_duoble_doubleunsigned_sequoiadb`.`t1`.`a` at row 3
Warning	1292	Incorrect datetime value: '2' for column `func_cast_duoble_doubleunsigned_sequoiadb`.`t1`.`a` at row 2
Warning	1292	Incorrect datetime value: '2.010101' for column `func_cast_duoble_doubleunsigned_sequoiadb`.`t1`.`a` at row 13
Warning	1292	Incorrect datetime value: '2001.01' for column `func_cast_duoble_doubleunsigned_sequoiadb`.`t1`.`a` at row 8
Warning	1292	Incorrect datetime value: '2001.0101' for column `func_cast_duoble_doubleunsigned_sequoiadb`.`t1`.`a` at row 9
Warning	1292	Incorrect datetime value: '2019' for column `func_cast_duoble_doubleunsigned_sequoiadb`.`t1`.`a` at row 11
Warning	1292	Incorrect datetime value: '201901.01' for column `func_cast_duoble_doubleunsigned_sequoiadb`.`t1`.`a` at row 12
Warning	1292	Incorrect datetime value: '4294967294' for column `func_cast_duoble_doubleunsigned_sequoiadb`.`t1`.`a` at row 14
Warning	1292	Incorrect datetime value: '4294967294' for column `func_cast_duoble_doubleunsigned_sequoiadb`.`t1`.`a` at row 15
Warning	1292	Incorrect datetime value: '4294967294' for column `func_cast_duoble_doubleunsigned_sequoiadb`.`t1`.`a` at row 16
Warning	1292	Incorrect datetime value: '4294967294' for column `func_cast_duoble_doubleunsigned_sequoiadb`.`t1`.`a` at row 17
Warnings:
SELECT * FROM t1 WHERE a = CAST('1' AS DATETIME);
a	b	c
1	3	2000-01-01
1	5	2013-01-01
1	9	2008-01-01
1.01	6	2009-11-01
1.02	7	2004-04-01
12	11	2002-01-01
2	1	2001-01-01
2.010101	13	2016-06-06
2001.01	13	2019-05-01
2001.0101	22	2006-02-01
2019	21	2011-09-01
201901.01	16	2012-05-01
4294967294	-1	2001-01-03
4294967294	-13	2001-01-11
4294967294	-9	2001-01-05
4294967294	2	2001-01-02
Warning	1292	Incorrect datetime value: '1' for column `func_cast_duoble_doubleunsigned_sequoiadb`.`t1`.`a` at row 1
Warning	1292	Incorrect datetime value: '1' for column `func_cast_duoble_doubleunsigned_sequoiadb`.`t1`.`a` at row 4
Warning	1292	Incorrect datetime value: '1' for column `func_cast_duoble_doubleunsigned_sequoiadb`.`t1`.`a` at row 5
Warning	1292	Incorrect datetime value: '1.01' for column `func_cast_duoble_doubleunsigned_sequoiadb`.`t1`.`a` at row 7
Warning	1292	Incorrect datetime value: '1.02' for column `func_cast_duoble_doubleunsigned_sequoiadb`.`t1`.`a` at row 6
Warning	1292	Incorrect datetime value: '12' for column `func_cast_duoble_doubleunsigned_sequoiadb`.`t1`.`a` at row 3
Warning	1292	Incorrect datetime value: '2' for column `func_cast_duoble_doubleunsigned_sequoiadb`.`t1`.`a` at row 2
Warning	1292	Incorrect datetime value: '2.010101' for column `func_cast_duoble_doubleunsigned_sequoiadb`.`t1`.`a` at row 13
Warning	1292	Incorrect datetime value: '2001.01' for column `func_cast_duoble_doubleunsigned_sequoiadb`.`t1`.`a` at row 8
Warning	1292	Incorrect datetime value: '2001.0101' for column `func_cast_duoble_doubleunsigned_sequoiadb`.`t1`.`a` at row 9
Warning	1292	Incorrect datetime value: '2019' for column `func_cast_duoble_doubleunsigned_sequoiadb`.`t1`.`a` at row 11
Warning	1292	Incorrect datetime value: '201901.01' for column `func_cast_duoble_doubleunsigned_sequoiadb`.`t1`.`a` at row 12
Warning	1292	Incorrect datetime value: '4294967294' for column `func_cast_duoble_doubleunsigned_sequoiadb`.`t1`.`a` at row 14
Warning	1292	Incorrect datetime value: '4294967294' for column `func_cast_duoble_doubleunsigned_sequoiadb`.`t1`.`a` at row 15
Warning	1292	Incorrect datetime value: '4294967294' for column `func_cast_duoble_doubleunsigned_sequoiadb`.`t1`.`a` at row 16
Warning	1292	Incorrect datetime value: '4294967294' for column `func_cast_duoble_doubleunsigned_sequoiadb`.`t1`.`a` at row 17
Warning	1292	Truncated incorrect datetime value: '1'
Warnings:
SELECT * FROM t1 WHERE a >= CAST('2001-01-01 00:00:00' AS DATETIME);
a	b	c
20010101	10	2007-08-01
Warning	1292	Incorrect datetime value: '1' for column `func_cast_duoble_doubleunsigned_sequoiadb`.`t1`.`a` at row 1
Warning	1292	Incorrect datetime value: '1' for column `func_cast_duoble_doubleunsigned_sequoiadb`.`t1`.`a` at row 4
Warning	1292	Incorrect datetime value: '1' for column `func_cast_duoble_doubleunsigned_sequoiadb`.`t1`.`a` at row 5
Warning	1292	Incorrect datetime value: '1.01' for column `func_cast_duoble_doubleunsigned_sequoiadb`.`t1`.`a` at row 7
Warning	1292	Incorrect datetime value: '1.02' for column `func_cast_duoble_doubleunsigned_sequoiadb`.`t1`.`a` at row 6
Warning	1292	Incorrect datetime value: '12' for column `func_cast_duoble_doubleunsigned_sequoiadb`.`t1`.`a` at row 3
Warning	1292	Incorrect datetime value: '2' for column `func_cast_duoble_doubleunsigned_sequoiadb`.`t1`.`a` at row 2
Warning	1292	Incorrect datetime value: '2.010101' for column `func_cast_duoble_doubleunsigned_sequoiadb`.`t1`.`a` at row 13
Warning	1292	Incorrect datetime value: '2001.01' for column `func_cast_duoble_doubleunsigned_sequoiadb`.`t1`.`a` at row 8
Warning	1292	Incorrect datetime value: '2001.0101' for column `func_cast_duoble_doubleunsigned_sequoiadb`.`t1`.`a` at row 9
Warning	1292	Incorrect datetime value: '2019' for column `func_cast_duoble_doubleunsigned_sequoiadb`.`t1`.`a` at row 11
Warning	1292	Incorrect datetime value: '201901.01' for column `func_cast_duoble_doubleunsigned_sequoiadb`.`t1`.`a` at row 12
Warning	1292	Incorrect datetime value: '4294967294' for column `func_cast_duoble_doubleunsigned_sequoiadb`.`t1`.`a` at row 14
Warning	1292	Incorrect datetime value: '4294967294' for column `func_cast_duoble_doubleunsigned_sequoiadb`.`t1`.`a` at row 15
Warning	1292	Incorrect datetime value: '4294967294' for column `func_cast_duoble_doubleunsigned_sequoiadb`.`t1`.`a` at row 16
Warning	1292	Incorrect datetime value: '4294967294' for column `func_cast_duoble_doubleunsigned_sequoiadb`.`t1`.`a` at row 17
Warnings:
SELECT * FROM t1 WHERE a >= CAST('2001#01#01 23:59:00' AS DATETIME);
a	b	c
Warning	1292	Incorrect datetime value: '1' for column `func_cast_duoble_doubleunsigned_sequoiadb`.`t1`.`a` at row 1
Warning	1292	Incorrect datetime value: '1' for column `func_cast_duoble_doubleunsigned_sequoiadb`.`t1`.`a` at row 4
Warning	1292	Incorrect datetime value: '1' for column `func_cast_duoble_doubleunsigned_sequoiadb`.`t1`.`a` at row 5
Warning	1292	Incorrect datetime value: '1.01' for column `func_cast_duoble_doubleunsigned_sequoiadb`.`t1`.`a` at row 7
Warning	1292	Incorrect datetime value: '1.02' for column `func_cast_duoble_doubleunsigned_sequoiadb`.`t1`.`a` at row 6
Warning	1292	Incorrect datetime value: '12' for column `func_cast_duoble_doubleunsigned_sequoiadb`.`t1`.`a` at row 3
Warning	1292	Incorrect datetime value: '2' for column `func_cast_duoble_doubleunsigned_sequoiadb`.`t1`.`a` at row 2
Warning	1292	Incorrect datetime value: '2.010101' for column `func_cast_duoble_doubleunsigned_sequoiadb`.`t1`.`a` at row 13
Warning	1292	Incorrect datetime value: '2001.01' for column `func_cast_duoble_doubleunsigned_sequoiadb`.`t1`.`a` at row 8
Warning	1292	Incorrect datetime value: '2001.0101' for column `func_cast_duoble_doubleunsigned_sequoiadb`.`t1`.`a` at row 9
Warning	1292	Incorrect datetime value: '2019' for column `func_cast_duoble_doubleunsigned_sequoiadb`.`t1`.`a` at row 11
Warning	1292	Incorrect datetime value: '201901.01' for column `func_cast_duoble_doubleunsigned_sequoiadb`.`t1`.`a` at row 12
Warning	1292	Incorrect datetime value: '4294967294' for column `func_cast_duoble_doubleunsigned_sequoiadb`.`t1`.`a` at row 14
Warning	1292	Incorrect datetime value: '4294967294' for column `func_cast_duoble_doubleunsigned_sequoiadb`.`t1`.`a` at row 15
Warning	1292	Incorrect datetime value: '4294967294' for column `func_cast_duoble_doubleunsigned_sequoiadb`.`t1`.`a` at row 16
Warning	1292	Incorrect datetime value: '4294967294' for column `func_cast_duoble_doubleunsigned_sequoiadb`.`t1`.`a` at row 17
Warnings:
SELECT * FROM t1 WHERE a >= CAST('2001.01.01 01:00:00' AS DATETIME);
a	b	c
Warning	1292	Incorrect datetime value: '1' for column `func_cast_duoble_doubleunsigned_sequoiadb`.`t1`.`a` at row 1
Warning	1292	Incorrect datetime value: '1' for column `func_cast_duoble_doubleunsigned_sequoiadb`.`t1`.`a` at row 4
Warning	1292	Incorrect datetime value: '1' for column `func_cast_duoble_doubleunsigned_sequoiadb`.`t1`.`a` at row 5
Warning	1292	Incorrect datetime value: '1.01' for column `func_cast_duoble_doubleunsigned_sequoiadb`.`t1`.`a` at row 7
Warning	1292	Incorrect datetime value: '1.02' for column `func_cast_duoble_doubleunsigned_sequoiadb`.`t1`.`a` at row 6
Warning	1292	Incorrect datetime value: '12' for column `func_cast_duoble_doubleunsigned_sequoiadb`.`t1`.`a` at row 3
Warning	1292	Incorrect datetime value: '2' for column `func_cast_duoble_doubleunsigned_sequoiadb`.`t1`.`a` at row 2
Warning	1292	Incorrect datetime value: '2.010101' for column `func_cast_duoble_doubleunsigned_sequoiadb`.`t1`.`a` at row 13
Warning	1292	Incorrect datetime value: '2001.01' for column `func_cast_duoble_doubleunsigned_sequoiadb`.`t1`.`a` at row 8
Warning	1292	Incorrect datetime value: '2001.0101' for column `func_cast_duoble_doubleunsigned_sequoiadb`.`t1`.`a` at row 9
Warning	1292	Incorrect datetime value: '2019' for column `func_cast_duoble_doubleunsigned_sequoiadb`.`t1`.`a` at row 11
Warning	1292	Incorrect datetime value: '201901.01' for column `func_cast_duoble_doubleunsigned_sequoiadb`.`t1`.`a` at row 12
Warning	1292	Incorrect datetime value: '4294967294' for column `func_cast_duoble_doubleunsigned_sequoiadb`.`t1`.`a` at row 14
Warning	1292	Incorrect datetime value: '4294967294' for column `func_cast_duoble_doubleunsigned_sequoiadb`.`t1`.`a` at row 15
Warning	1292	Incorrect datetime value: '4294967294' for column `func_cast_duoble_doubleunsigned_sequoiadb`.`t1`.`a` at row 16
Warning	1292	Incorrect datetime value: '4294967294' for column `func_cast_duoble_doubleunsigned_sequoiadb`.`t1`.`a` at row 17
Warnings:
SELECT * FROM t1 WHERE a > CAST('10000.01.01 03:00:00' AS DATETIME);
a	b	c
20010101	10	2007-08-01
Warning	1292	Incorrect datetime value: '1' for column `func_cast_duoble_doubleunsigned_sequoiadb`.`t1`.`a` at row 1
Warning	1292	Incorrect datetime value: '1' for column `func_cast_duoble_doubleunsigned_sequoiadb`.`t1`.`a` at row 4
Warning	1292	Incorrect datetime value: '1' for column `func_cast_duoble_doubleunsigned_sequoiadb`.`t1`.`a` at row 5
Warning	1292	Incorrect datetime value: '1.01' for column `func_cast_duoble_doubleunsigned_sequoiadb`.`t1`.`a` at row 7
Warning	1292	Incorrect datetime value: '1.02' for column `func_cast_duoble_doubleunsigned_sequoiadb`.`t1`.`a` at row 6
Warning	1292	Incorrect datetime value: '12' for column `func_cast_duoble_doubleunsigned_sequoiadb`.`t1`.`a` at row 3
Warning	1292	Incorrect datetime value: '2' for column `func_cast_duoble_doubleunsigned_sequoiadb`.`t1`.`a` at row 2
Warning	1292	Incorrect datetime value: '2.010101' for column `func_cast_duoble_doubleunsigned_sequoiadb`.`t1`.`a` at row 13
Warning	1292	Incorrect datetime value: '2001.01' for column `func_cast_duoble_doubleunsigned_sequoiadb`.`t1`.`a` at row 8
Warning	1292	Incorrect datetime value: '2001.0101' for column `func_cast_duoble_doubleunsigned_sequoiadb`.`t1`.`a` at row 9
Warning	1292	Incorrect datetime value: '2019' for column `func_cast_duoble_doubleunsigned_sequoiadb`.`t1`.`a` at row 11
Warning	1292	Incorrect datetime value: '201901.01' for column `func_cast_duoble_doubleunsigned_sequoiadb`.`t1`.`a` at row 12
Warning	1292	Incorrect datetime value: '4294967294' for column `func_cast_duoble_doubleunsigned_sequoiadb`.`t1`.`a` at row 14
Warning	1292	Incorrect datetime value: '4294967294' for column `func_cast_duoble_doubleunsigned_sequoiadb`.`t1`.`a` at row 15
Warning	1292	Incorrect datetime value: '4294967294' for column `func_cast_duoble_doubleunsigned_sequoiadb`.`t1`.`a` at row 16
Warning	1292	Incorrect datetime value: '4294967294' for column `func_cast_duoble_doubleunsigned_sequoiadb`.`t1`.`a` at row 17
Warning	1292	Truncated incorrect datetime value: '10000.01.01 03:00:00'
Warnings:
SELECT * FROM t1 WHERE a < CAST(c AS DATETIME);
a	b	c
1	3	2000-01-01
1	5	2013-01-01
1	9	2008-01-01
1.01	6	2009-11-01
1.02	7	2004-04-01
12	11	2002-01-01
2	1	2001-01-01
2.010101	13	2016-06-06
2001.01	13	2019-05-01
2001.0101	22	2006-02-01
20010101	10	2007-08-01
2019	21	2011-09-01
201901.01	16	2012-05-01
4294967294	-1	2001-01-03
4294967294	-13	2001-01-11
4294967294	-9	2001-01-05
4294967294	2	2001-01-02
Warning	1292	Incorrect datetime value: '1' for column `func_cast_duoble_doubleunsigned_sequoiadb`.`t1`.`a` at row 1
Warning	1292	Incorrect datetime value: '1' for column `func_cast_duoble_doubleunsigned_sequoiadb`.`t1`.`a` at row 4
Warning	1292	Incorrect datetime value: '1' for column `func_cast_duoble_doubleunsigned_sequoiadb`.`t1`.`a` at row 5
Warning	1292	Incorrect datetime value: '1.01' for column `func_cast_duoble_doubleunsigned_sequoiadb`.`t1`.`a` at row 7
Warning	1292	Incorrect datetime value: '1.02' for column `func_cast_duoble_doubleunsigned_sequoiadb`.`t1`.`a` at row 6
Warning	1292	Incorrect datetime value: '12' for column `func_cast_duoble_doubleunsigned_sequoiadb`.`t1`.`a` at row 3
Warning	1292	Incorrect datetime value: '2' for column `func_cast_duoble_doubleunsigned_sequoiadb`.`t1`.`a` at row 2
Warning	1292	Incorrect datetime value: '2.010101' for column `func_cast_duoble_doubleunsigned_sequoiadb`.`t1`.`a` at row 13
Warning	1292	Incorrect datetime value: '2001.01' for column `func_cast_duoble_doubleunsigned_sequoiadb`.`t1`.`a` at row 8
Warning	1292	Incorrect datetime value: '2001.0101' for column `func_cast_duoble_doubleunsigned_sequoiadb`.`t1`.`a` at row 9
Warning	1292	Incorrect datetime value: '2019' for column `func_cast_duoble_doubleunsigned_sequoiadb`.`t1`.`a` at row 11
Warning	1292	Incorrect datetime value: '201901.01' for column `func_cast_duoble_doubleunsigned_sequoiadb`.`t1`.`a` at row 12
Warning	1292	Incorrect datetime value: '4294967294' for column `func_cast_duoble_doubleunsigned_sequoiadb`.`t1`.`a` at row 14
Warning	1292	Incorrect datetime value: '4294967294' for column `func_cast_duoble_doubleunsigned_sequoiadb`.`t1`.`a` at row 15
Warning	1292	Incorrect datetime value: '4294967294' for column `func_cast_duoble_doubleunsigned_sequoiadb`.`t1`.`a` at row 16
Warning	1292	Incorrect datetime value: '4294967294' for column `func_cast_duoble_doubleunsigned_sequoiadb`.`t1`.`a` at row 17
Warnings:
SELECT * FROM t1 WHERE a <= CAST(CURRENT_DATE() AS DATETIME);
a	b	c
1	3	2000-01-01
1	5	2013-01-01
1	9	2008-01-01
1.01	6	2009-11-01
1.02	7	2004-04-01
12	11	2002-01-01
2	1	2001-01-01
2.010101	13	2016-06-06
2001.01	13	2019-05-01
2001.0101	22	2006-02-01
20010101	10	2007-08-01
2019	21	2011-09-01
201901.01	16	2012-05-01
4294967294	-1	2001-01-03
4294967294	-13	2001-01-11
4294967294	-9	2001-01-05
4294967294	2	2001-01-02
Warning	1292	Incorrect datetime value: '1' for column `func_cast_duoble_doubleunsigned_sequoiadb`.`t1`.`a` at row 1
Warning	1292	Incorrect datetime value: '1' for column `func_cast_duoble_doubleunsigned_sequoiadb`.`t1`.`a` at row 4
Warning	1292	Incorrect datetime value: '1' for column `func_cast_duoble_doubleunsigned_sequoiadb`.`t1`.`a` at row 5
Warning	1292	Incorrect datetime value: '1.01' for column `func_cast_duoble_doubleunsigned_sequoiadb`.`t1`.`a` at row 7
Warning	1292	Incorrect datetime value: '1.02' for column `func_cast_duoble_doubleunsigned_sequoiadb`.`t1`.`a` at row 6
Warning	1292	Incorrect datetime value: '12' for column `func_cast_duoble_doubleunsigned_sequoiadb`.`t1`.`a` at row 3
Warning	1292	Incorrect datetime value: '2' for column `func_cast_duoble_doubleunsigned_sequoiadb`.`t1`.`a` at row 2
Warning	1292	Incorrect datetime value: '2.010101' for column `func_cast_duoble_doubleunsigned_sequoiadb`.`t1`.`a` at row 13
Warning	1292	Incorrect datetime value: '2001.01' for column `func_cast_duoble_doubleunsigned_sequoiadb`.`t1`.`a` at row 8
Warning	1292	Incorrect datetime value: '2001.0101' for column `func_cast_duoble_doubleunsigned_sequoiadb`.`t1`.`a` at row 9
Warning	1292	Incorrect datetime value: '2019' for column `func_cast_duoble_doubleunsigned_sequoiadb`.`t1`.`a` at row 11
Warning	1292	Incorrect datetime value: '201901.01' for column `func_cast_duoble_doubleunsigned_sequoiadb`.`t1`.`a` at row 12
Warning	1292	Incorrect datetime value: '4294967294' for column `func_cast_duoble_doubleunsigned_sequoiadb`.`t1`.`a` at row 14
Warning	1292	Incorrect datetime value: '4294967294' for column `func_cast_duoble_doubleunsigned_sequoiadb`.`t1`.`a` at row 15
Warning	1292	Incorrect datetime value: '4294967294' for column `func_cast_duoble_doubleunsigned_sequoiadb`.`t1`.`a` at row 16
Warning	1292	Incorrect datetime value: '4294967294' for column `func_cast_duoble_doubleunsigned_sequoiadb`.`t1`.`a` at row 17
Warnings:
SELECT * FROM t1 WHERE a = CAST('1' AS TIME);
a	b	c
1	3	2000-01-01
1	5	2013-01-01
1	9	2008-01-01
Warning	1292	Incorrect time value: '4294967294' for column `func_cast_duoble_doubleunsigned_sequoiadb`.`t1`.`a` at row 14
Warning	1292	Incorrect time value: '4294967294' for column `func_cast_duoble_doubleunsigned_sequoiadb`.`t1`.`a` at row 15
Warning	1292	Incorrect time value: '4294967294' for column `func_cast_duoble_doubleunsigned_sequoiadb`.`t1`.`a` at row 16
Warning	1292	Incorrect time value: '4294967294' for column `func_cast_duoble_doubleunsigned_sequoiadb`.`t1`.`a` at row 17
Warnings:
SELECT * FROM t1 WHERE a >= CAST('2001-01-01 00:00:00' AS TIME);
a	b	c
1	3	2000-01-01
1	5	2013-01-01
1	9	2008-01-01
1.01	6	2009-11-01
1.02	7	2004-04-01
12	11	2002-01-01
2	1	2001-01-01
2.010101	13	2016-06-06
2001.01	13	2019-05-01
2001.0101	22	2006-02-01
20010101	10	2007-08-01
2019	21	2011-09-01
201901.01	16	2012-05-01
4294967294	-1	2001-01-03
4294967294	-13	2001-01-11
4294967294	-9	2001-01-05
4294967294	2	2001-01-02
Warning	1292	Incorrect time value: '4294967294' for column `func_cast_duoble_doubleunsigned_sequoiadb`.`t1`.`a` at row 14
Warning	1292	Incorrect time value: '4294967294' for column `func_cast_duoble_doubleunsigned_sequoiadb`.`t1`.`a` at row 15
Warning	1292	Incorrect time value: '4294967294' for column `func_cast_duoble_doubleunsigned_sequoiadb`.`t1`.`a` at row 16
Warning	1292	Incorrect time value: '4294967294' for column `func_cast_duoble_doubleunsigned_sequoiadb`.`t1`.`a` at row 17
Warnings:
SELECT * FROM t1 WHERE a >= CAST('2001#01#01 23:59:00' AS TIME);
a	b	c
Warning	1292	Incorrect time value: '4294967294' for column `func_cast_duoble_doubleunsigned_sequoiadb`.`t1`.`a` at row 14
Warning	1292	Incorrect time value: '4294967294' for column `func_cast_duoble_doubleunsigned_sequoiadb`.`t1`.`a` at row 15
Warning	1292	Incorrect time value: '4294967294' for column `func_cast_duoble_doubleunsigned_sequoiadb`.`t1`.`a` at row 16
Warning	1292	Incorrect time value: '4294967294' for column `func_cast_duoble_doubleunsigned_sequoiadb`.`t1`.`a` at row 17
Warnings:
SELECT * FROM t1 WHERE a >= CAST('2001.01.01 01:00:00' AS TIME);
a	b	c
201901.01	16	2012-05-01
Warning	1292	Incorrect time value: '4294967294' for column `func_cast_duoble_doubleunsigned_sequoiadb`.`t1`.`a` at row 14
Warning	1292	Incorrect time value: '4294967294' for column `func_cast_duoble_doubleunsigned_sequoiadb`.`t1`.`a` at row 15
Warning	1292	Incorrect time value: '4294967294' for column `func_cast_duoble_doubleunsigned_sequoiadb`.`t1`.`a` at row 16
Warning	1292	Incorrect time value: '4294967294' for column `func_cast_duoble_doubleunsigned_sequoiadb`.`t1`.`a` at row 17
Warnings:
SELECT * FROM t1 WHERE a > CAST('10000.01.01 03:00:00' AS TIME);
a	b	c
1	3	2000-01-01
1	5	2013-01-01
1	9	2008-01-01
1.01	6	2009-11-01
1.02	7	2004-04-01
12	11	2002-01-01
2	1	2001-01-01
2.010101	13	2016-06-06
2001.01	13	2019-05-01
2001.0101	22	2006-02-01
2019	21	2011-09-01
201901.01	16	2012-05-01
SELECT * FROM t1 WHERE a > CAST('-839:59:59.0000' AS TIME);
a	b	c
1	3	2000-01-01
1	5	2013-01-01
1	9	2008-01-01
1.01	6	2009-11-01
1.02	7	2004-04-01
12	11	2002-01-01
2	1	2001-01-01
2.010101	13	2016-06-06
2001.01	13	2019-05-01
2001.0101	22	2006-02-01
20010101	10	2007-08-01
2019	21	2011-09-01
201901.01	16	2012-05-01
4294967294	-1	2001-01-03
4294967294	-13	2001-01-11
4294967294	-9	2001-01-05
4294967294	2	2001-01-02
Warning	1292	Incorrect time value: '4294967294' for column `func_cast_duoble_doubleunsigned_sequoiadb`.`t1`.`a` at row 14
Warning	1292	Incorrect time value: '4294967294' for column `func_cast_duoble_doubleunsigned_sequoiadb`.`t1`.`a` at row 15
Warning	1292	Incorrect time value: '4294967294' for column `func_cast_duoble_doubleunsigned_sequoiadb`.`t1`.`a` at row 16
Warning	1292	Incorrect time value: '4294967294' for column `func_cast_duoble_doubleunsigned_sequoiadb`.`t1`.`a` at row 17
Warning	1292	Truncated incorrect time value: '-839:59:59.0000'
Warnings:
SELECT * FROM t1 WHERE a < CAST(c AS TIME);
a	b	c
Warning	1292	Incorrect time value: '4294967294' for column `func_cast_duoble_doubleunsigned_sequoiadb`.`t1`.`a` at row 14
Warning	1292	Incorrect time value: '4294967294' for column `func_cast_duoble_doubleunsigned_sequoiadb`.`t1`.`a` at row 15
Warning	1292	Incorrect time value: '4294967294' for column `func_cast_duoble_doubleunsigned_sequoiadb`.`t1`.`a` at row 16
Warning	1292	Incorrect time value: '4294967294' for column `func_cast_duoble_doubleunsigned_sequoiadb`.`t1`.`a` at row 17
Warnings:
ALTER TABLE t1 ADD INDEX aIdx(a);
SELECT * FROM t1 WHERE a = CAST('1' AS CHAR);
a	b	c
1	3	2000-01-01
1	5	2013-01-01
1	9	2008-01-01
SELECT * FROM t1 WHERE a = CAST(1.00 AS CHAR);
a	b	c
1	3	2000-01-01
1	5	2013-01-01
1	9	2008-01-01
SELECT * FROM t1 WHERE a > CAST(b AS CHAR);
a	b	c
12	11	2002-01-01
2	1	2001-01-01
2001.01	13	2019-05-01
2001.0101	22	2006-02-01
20010101	10	2007-08-01
2019	21	2011-09-01
201901.01	16	2012-05-01
4294967294	-1	2001-01-03
4294967294	-13	2001-01-11
4294967294	-9	2001-01-05
4294967294	2	2001-01-02
SELECT * FROM t1 WHERE a > CAST(SUBSTRING('1234567abc', 5, 9) AS CHAR);
a	b	c
2001.01	13	2019-05-01
2001.0101	22	2006-02-01
20010101	10	2007-08-01
2019	21	2011-09-01
201901.01	16	2012-05-01
4294967294	-1	2001-01-03
4294967294	-13	2001-01-11
4294967294	-9	2001-01-05
4294967294	2	2001-01-02
Warning	1292	Truncated incorrect DOUBLE value: '567abc'
Warning	1292	Truncated incorrect DOUBLE value: '567abc'
Warning	1292	Truncated incorrect DOUBLE value: '567abc'
Warnings:
SELECT * FROM t1 WHERE a = CAST('1.00' AS NCHAR);
a	b	c
1	3	2000-01-01
1	5	2013-01-01
1	9	2008-01-01
SELECT * FROM t1 WHERE a = CAST(1.01 AS NCHAR);
a	b	c
1.01	6	2009-11-01
SELECT * FROM t1 WHERE a < CAST(b AS NCHAR);
a	b	c
1	3	2000-01-01
1	5	2013-01-01
1	9	2008-01-01
1.01	6	2009-11-01
1.02	7	2004-04-01
2.010101	13	2016-06-06
SELECT * FROM t1 WHERE a >= CAST(CONCAT('123','abc','456') AS NCHAR);
a	b	c
2001.01	13	2019-05-01
2001.0101	22	2006-02-01
20010101	10	2007-08-01
2019	21	2011-09-01
201901.01	16	2012-05-01
4294967294	-1	2001-01-03
4294967294	-13	2001-01-11
4294967294	-9	2001-01-05
4294967294	2	2001-01-02
Warning	1292	Truncated incorrect DOUBLE value: '123abc456'
Warning	1292	Truncated incorrect DOUBLE value: '123abc456'
Warning	1292	Truncated incorrect DOUBLE value: '123abc456'
Warnings:
SELECT * FROM t1 WHERE a = CAST('1.01' AS BINARY);
a	b	c
1.01	6	2009-11-01
SELECT * FROM t1 WHERE a = CAST(1 AS BINARY);
a	b	c
1	3	2000-01-01
1	5	2013-01-01
1	9	2008-01-01
SELECT * FROM t1 WHERE a < CAST(b AS BINARY);
a	b	c
1	3	2000-01-01
1	5	2013-01-01
1	9	2008-01-01
1.01	6	2009-11-01
1.02	7	2004-04-01
2.010101	13	2016-06-06
SELECT * FROM t1 WHERE a >= CAST(REPLACE('ab12c4','ab12','234') AS BINARY);
a	b	c
2001.01	13	2019-05-01
2001.0101	22	2006-02-01
20010101	10	2007-08-01
2019	21	2011-09-01
201901.01	16	2012-05-01
4294967294	-1	2001-01-03
4294967294	-13	2001-01-11
4294967294	-9	2001-01-05
4294967294	2	2001-01-02
Warning	1292	Truncated incorrect DOUBLE value: '234c4'
Warning	1292	Truncated incorrect DOUBLE value: '234c4'
Warning	1292	Truncated incorrect DOUBLE value: '234c4'
Warnings:
SELECT * FROM t1 WHERE a = CAST('1.0' AS SIGNED);
a	b	c
1	3	2000-01-01
1	5	2013-01-01
1	9	2008-01-01
Warning	1292	Truncated incorrect INTEGER value: '1.0'
Warning	1292	Truncated incorrect INTEGER value: '1.0'
Warning	1292	Truncated incorrect INTEGER value: '1.0'
Warning	1292	Truncated incorrect INTEGER value: '1.0'
Warnings:
SELECT * FROM t1 WHERE a = CAST(1.000 AS SIGNED);
a	b	c
1	3	2000-01-01
1	5	2013-01-01
1	9	2008-01-01
SELECT * FROM t1 WHERE a < CAST(2147483647 AS SIGNED);
a	b	c
1	3	2000-01-01
1	5	2013-01-01
1	9	2008-01-01
1.01	6	2009-11-01
1.02	7	2004-04-01
12	11	2002-01-01
2	1	2001-01-01
2.010101	13	2016-06-06
2001.01	13	2019-05-01
2001.0101	22	2006-02-01
20010101	10	2007-08-01
2019	21	2011-09-01
201901.01	16	2012-05-01
SELECT * FROM t1 WHERE a >= CAST(-2147483649 AS SIGNED);
a	b	c
1	3	2000-01-01
1	5	2013-01-01
1	9	2008-01-01
1.01	6	2009-11-01
1.02	7	2004-04-01
12	11	2002-01-01
2	1	2001-01-01
2.010101	13	2016-06-06
2001.01	13	2019-05-01
2001.0101	22	2006-02-01
20010101	10	2007-08-01
2019	21	2011-09-01
201901.01	16	2012-05-01
4294967294	-1	2001-01-03
4294967294	-13	2001-01-11
4294967294	-9	2001-01-05
4294967294	2	2001-01-02
SELECT * FROM t1 WHERE a < CAST(b AS SIGNED);
a	b	c
1	3	2000-01-01
1	5	2013-01-01
1	9	2008-01-01
1.01	6	2009-11-01
1.02	7	2004-04-01
2.010101	13	2016-06-06
SELECT * FROM t1 WHERE a >= CAST(LENGTH('ab123cd456') AS SIGNED);
a	b	c
12	11	2002-01-01
2001.01	13	2019-05-01
2001.0101	22	2006-02-01
20010101	10	2007-08-01
2019	21	2011-09-01
201901.01	16	2012-05-01
4294967294	-1	2001-01-03
4294967294	-13	2001-01-11
4294967294	-9	2001-01-05
4294967294	2	2001-01-02
SELECT * FROM t1 WHERE a = CAST('1' AS UNSIGNED);
a	b	c
1	3	2000-01-01
1	5	2013-01-01
1	9	2008-01-01
SELECT * FROM t1 WHERE a = CAST(1.01 AS UNSIGNED);
a	b	c
1	3	2000-01-01
1	5	2013-01-01
1	9	2008-01-01
SELECT * FROM t1 WHERE a < CAST(4294967297 AS UNSIGNED);
a	b	c
1	3	2000-01-01
1	5	2013-01-01
1	9	2008-01-01
1.01	6	2009-11-01
1.02	7	2004-04-01
12	11	2002-01-01
2	1	2001-01-01
2.010101	13	2016-06-06
2001.01	13	2019-05-01
2001.0101	22	2006-02-01
20010101	10	2007-08-01
2019	21	2011-09-01
201901.01	16	2012-05-01
4294967294	-1	2001-01-03
4294967294	-13	2001-01-11
4294967294	-9	2001-01-05
4294967294	2	2001-01-02
SELECT * FROM t1 WHERE a >= CAST(-4294967299 AS UNSIGNED);
a	b	c
Note	1105	Cast to unsigned converted negative integer to it's positive complement
Note	1105	Cast to unsigned converted negative integer to it's positive complement
Note	1105	Cast to unsigned converted negative integer to it's positive complement
Warnings:
SELECT * FROM t1 WHERE a < CAST(b AS UNSIGNED);
a	b	c
1	3	2000-01-01
1	5	2013-01-01
1	9	2008-01-01
1.01	6	2009-11-01
1.02	7	2004-04-01
2.010101	13	2016-06-06
4294967294	-1	2001-01-03
4294967294	-13	2001-01-11
4294967294	-9	2001-01-05
Note	1105	Cast to unsigned converted negative integer to it's positive complement
Note	1105	Cast to unsigned converted negative integer to it's positive complement
Note	1105	Cast to unsigned converted negative integer to it's positive complement
Warnings:
SELECT * FROM t1 WHERE a >= CAST(RPAD('123abc4567',7,'00') AS UNSIGNED);
a	b	c
2001.01	13	2019-05-01
2001.0101	22	2006-02-01
20010101	10	2007-08-01
2019	21	2011-09-01
201901.01	16	2012-05-01
4294967294	-1	2001-01-03
4294967294	-13	2001-01-11
4294967294	-9	2001-01-05
4294967294	2	2001-01-02
Warning	1292	Truncated incorrect INTEGER value: '123abc4'
Warning	1292	Truncated incorrect INTEGER value: '123abc4'
Warning	1292	Truncated incorrect INTEGER value: '123abc4'
Warning	1292	Truncated incorrect INTEGER value: '123abc4'
Warnings:
SELECT * FROM t1 WHERE a = CAST('1' AS DECIMAL);
a	b	c
1	3	2000-01-01
1	5	2013-01-01
1	9	2008-01-01
SELECT * FROM t1 WHERE a = CAST(1.02 AS DECIMAL);
a	b	c
1	3	2000-01-01
1	5	2013-01-01
1	9	2008-01-01
SELECT * FROM t1 WHERE a <= CAST(922337203685477580800 AS DECIMAL);
a	b	c
1	3	2000-01-01
1	5	2013-01-01
1	9	2008-01-01
1.01	6	2009-11-01
1.02	7	2004-04-01
12	11	2002-01-01
2	1	2001-01-01
2.010101	13	2016-06-06
2001.01	13	2019-05-01
2001.0101	22	2006-02-01
20010101	10	2007-08-01
2019	21	2011-09-01
201901.01	16	2012-05-01
4294967294	-1	2001-01-03
4294967294	-13	2001-01-11
4294967294	-9	2001-01-05
4294967294	2	2001-01-02
Warning	1264	Out of range value for column '(null)' at row 1
Warning	1264	Out of range value for column '(null)' at row 1
Warning	1264	Out of range value for column '(null)' at row 1
Warnings:
SELECT * FROM t1 WHERE a < CAST(b AS DECIMAL);
a	b	c
1	3	2000-01-01
1	5	2013-01-01
1	9	2008-01-01
1.01	6	2009-11-01
1.02	7	2004-04-01
2.010101	13	2016-06-06
SELECT * FROM t1 WHERE a >= CAST(LPAD('123abc4567',5,'00') AS DECIMAL);
a	b	c
2001.01	13	2019-05-01
2001.0101	22	2006-02-01
20010101	10	2007-08-01
2019	21	2011-09-01
201901.01	16	2012-05-01
4294967294	-1	2001-01-03
4294967294	-13	2001-01-11
4294967294	-9	2001-01-05
4294967294	2	2001-01-02
Warning	1292	Truncated incorrect DECIMAL value: '123ab'
Warning	1292	Truncated incorrect DECIMAL value: '123ab'
Warning	1292	Truncated incorrect DECIMAL value: '123ab'
Warning	1292	Truncated incorrect DECIMAL value: '123ab'
Warnings:
SELECT * FROM t1 WHERE a = CAST('1' AS DATE);
a	b	c
1	3	2000-01-01
1	5	2013-01-01
1	9	2008-01-01
1.01	6	2009-11-01
1.02	7	2004-04-01
12	11	2002-01-01
2	1	2001-01-01
2.010101	13	2016-06-06
2001.01	13	2019-05-01
2001.0101	22	2006-02-01
2019	21	2011-09-01
201901.01	16	2012-05-01
4294967294	-1	2001-01-03
4294967294	-13	2001-01-11
4294967294	-9	2001-01-05
4294967294	2	2001-01-02
Warning	1292	Incorrect datetime value: '1' for column `func_cast_duoble_doubleunsigned_sequoiadb`.`t1`.`a` at row 1
Warning	1292	Incorrect datetime value: '1' for column `func_cast_duoble_doubleunsigned_sequoiadb`.`t1`.`a` at row 4
Warning	1292	Incorrect datetime value: '1' for column `func_cast_duoble_doubleunsigned_sequoiadb`.`t1`.`a` at row 5
Warning	1292	Incorrect datetime value: '1.01' for column `func_cast_duoble_doubleunsigned_sequoiadb`.`t1`.`a` at row 7
Warning	1292	Incorrect datetime value: '1.02' for column `func_cast_duoble_doubleunsigned_sequoiadb`.`t1`.`a` at row 6
Warning	1292	Incorrect datetime value: '12' for column `func_cast_duoble_doubleunsigned_sequoiadb`.`t1`.`a` at row 3
Warning	1292	Incorrect datetime value: '2' for column `func_cast_duoble_doubleunsigned_sequoiadb`.`t1`.`a` at row 2
Warning	1292	Incorrect datetime value: '2.010101' for column `func_cast_duoble_doubleunsigned_sequoiadb`.`t1`.`a` at row 13
Warning	1292	Incorrect datetime value: '2001.01' for column `func_cast_duoble_doubleunsigned_sequoiadb`.`t1`.`a` at row 8
Warning	1292	Incorrect datetime value: '2001.0101' for column `func_cast_duoble_doubleunsigned_sequoiadb`.`t1`.`a` at row 9
Warning	1292	Incorrect datetime value: '2019' for column `func_cast_duoble_doubleunsigned_sequoiadb`.`t1`.`a` at row 11
Warning	1292	Incorrect datetime value: '201901.01' for column `func_cast_duoble_doubleunsigned_sequoiadb`.`t1`.`a` at row 12
Warning	1292	Incorrect datetime value: '4294967294' for column `func_cast_duoble_doubleunsigned_sequoiadb`.`t1`.`a` at row 14
Warning	1292	Incorrect datetime value: '4294967294' for column `func_cast_duoble_doubleunsigned_sequoiadb`.`t1`.`a` at row 15
Warning	1292	Incorrect datetime value: '4294967294' for column `func_cast_duoble_doubleunsigned_sequoiadb`.`t1`.`a` at row 16
Warning	1292	Incorrect datetime value: '4294967294' for column `func_cast_duoble_doubleunsigned_sequoiadb`.`t1`.`a` at row 17
Warning	1292	Truncated incorrect datetime value: '1'
Warnings:
SELECT * FROM t1 WHERE a >= CAST('2001-01-01' AS DATE);
a	b	c
20010101	10	2007-08-01
Warning	1292	Incorrect datetime value: '1' for column `func_cast_duoble_doubleunsigned_sequoiadb`.`t1`.`a` at row 1
Warning	1292	Incorrect datetime value: '1' for column `func_cast_duoble_doubleunsigned_sequoiadb`.`t1`.`a` at row 4
Warning	1292	Incorrect datetime value: '1' for column `func_cast_duoble_doubleunsigned_sequoiadb`.`t1`.`a` at row 5
Warning	1292	Incorrect datetime value: '1.01' for column `func_cast_duoble_doubleunsigned_sequoiadb`.`t1`.`a` at row 7
Warning	1292	Incorrect datetime value: '1.02' for column `func_cast_duoble_doubleunsigned_sequoiadb`.`t1`.`a` at row 6
Warning	1292	Incorrect datetime value: '12' for column `func_cast_duoble_doubleunsigned_sequoiadb`.`t1`.`a` at row 3
Warning	1292	Incorrect datetime value: '2' for column `func_cast_duoble_doubleunsigned_sequoiadb`.`t1`.`a` at row 2
Warning	1292	Incorrect datetime value: '2.010101' for column `func_cast_duoble_doubleunsigned_sequoiadb`.`t1`.`a` at row 13
Warning	1292	Incorrect datetime value: '2001.01' for column `func_cast_duoble_doubleunsigned_sequoiadb`.`t1`.`a` at row 8
Warning	1292	Incorrect datetime value: '2001.0101' for column `func_cast_duoble_doubleunsigned_sequoiadb`.`t1`.`a` at row 9
Warning	1292	Incorrect datetime value: '2019' for column `func_cast_duoble_doubleunsigned_sequoiadb`.`t1`.`a` at row 11
Warning	1292	Incorrect datetime value: '201901.01' for column `func_cast_duoble_doubleunsigned_sequoiadb`.`t1`.`a` at row 12
Warning	1292	Incorrect datetime value: '4294967294' for column `func_cast_duoble_doubleunsigned_sequoiadb`.`t1`.`a` at row 14
Warning	1292	Incorrect datetime value: '4294967294' for column `func_cast_duoble_doubleunsigned_sequoiadb`.`t1`.`a` at row 15
Warning	1292	Incorrect datetime value: '4294967294' for column `func_cast_duoble_doubleunsigned_sequoiadb`.`t1`.`a` at row 16
Warning	1292	Incorrect datetime value: '4294967294' for column `func_cast_duoble_doubleunsigned_sequoiadb`.`t1`.`a` at row 17
Warnings:
SELECT * FROM t1 WHERE a >= CAST('2001#01#01' AS DATE);
a	b	c
20010101	10	2007-08-01
Warning	1292	Incorrect datetime value: '1' for column `func_cast_duoble_doubleunsigned_sequoiadb`.`t1`.`a` at row 1
Warning	1292	Incorrect datetime value: '1' for column `func_cast_duoble_doubleunsigned_sequoiadb`.`t1`.`a` at row 4
Warning	1292	Incorrect datetime value: '1' for column `func_cast_duoble_doubleunsigned_sequoiadb`.`t1`.`a` at row 5
Warning	1292	Incorrect datetime value: '1.01' for column `func_cast_duoble_doubleunsigned_sequoiadb`.`t1`.`a` at row 7
Warning	1292	Incorrect datetime value: '1.02' for column `func_cast_duoble_doubleunsigned_sequoiadb`.`t1`.`a` at row 6
Warning	1292	Incorrect datetime value: '12' for column `func_cast_duoble_doubleunsigned_sequoiadb`.`t1`.`a` at row 3
Warning	1292	Incorrect datetime value: '2' for column `func_cast_duoble_doubleunsigned_sequoiadb`.`t1`.`a` at row 2
Warning	1292	Incorrect datetime value: '2.010101' for column `func_cast_duoble_doubleunsigned_sequoiadb`.`t1`.`a` at row 13
Warning	1292	Incorrect datetime value: '2001.01' for column `func_cast_duoble_doubleunsigned_sequoiadb`.`t1`.`a` at row 8
Warning	1292	Incorrect datetime value: '2001.0101' for column `func_cast_duoble_doubleunsigned_sequoiadb`.`t1`.`a` at row 9
Warning	1292	Incorrect datetime value: '2019' for column `func_cast_duoble_doubleunsigned_sequoiadb`.`t1`.`a` at row 11
Warning	1292	Incorrect datetime value: '201901.01' for column `func_cast_duoble_doubleunsigned_sequoiadb`.`t1`.`a` at row 12
Warning	1292	Incorrect datetime value: '4294967294' for column `func_cast_duoble_doubleunsigned_sequoiadb`.`t1`.`a` at row 14
Warning	1292	Incorrect datetime value: '4294967294' for column `func_cast_duoble_doubleunsigned_sequoiadb`.`t1`.`a` at row 15
Warning	1292	Incorrect datetime value: '4294967294' for column `func_cast_duoble_doubleunsigned_sequoiadb`.`t1`.`a` at row 16
Warning	1292	Incorrect datetime value: '4294967294' for column `func_cast_duoble_doubleunsigned_sequoiadb`.`t1`.`a` at row 17
Warnings:
SELECT * FROM t1 WHERE a >= CAST('2001.01.01' AS DATE);
a	b	c
20010101	10	2007-08-01
Warning	1292	Incorrect datetime value: '1' for column `func_cast_duoble_doubleunsigned_sequoiadb`.`t1`.`a` at row 1
Warning	1292	Incorrect datetime value: '1' for column `func_cast_duoble_doubleunsigned_sequoiadb`.`t1`.`a` at row 4
Warning	1292	Incorrect datetime value: '1' for column `func_cast_duoble_doubleunsigned_sequoiadb`.`t1`.`a` at row 5
Warning	1292	Incorrect datetime value: '1.01' for column `func_cast_duoble_doubleunsigned_sequoiadb`.`t1`.`a` at row 7
Warning	1292	Incorrect datetime value: '1.02' for column `func_cast_duoble_doubleunsigned_sequoiadb`.`t1`.`a` at row 6
Warning	1292	Incorrect datetime value: '12' for column `func_cast_duoble_doubleunsigned_sequoiadb`.`t1`.`a` at row 3
Warning	1292	Incorrect datetime value: '2' for column `func_cast_duoble_doubleunsigned_sequoiadb`.`t1`.`a` at row 2
Warning	1292	Incorrect datetime value: '2.010101' for column `func_cast_duoble_doubleunsigned_sequoiadb`.`t1`.`a` at row 13
Warning	1292	Incorrect datetime value: '2001.01' for column `func_cast_duoble_doubleunsigned_sequoiadb`.`t1`.`a` at row 8
Warning	1292	Incorrect datetime value: '2001.0101' for column `func_cast_duoble_doubleunsigned_sequoiadb`.`t1`.`a` at row 9
Warning	1292	Incorrect datetime value: '2019' for column `func_cast_duoble_doubleunsigned_sequoiadb`.`t1`.`a` at row 11
Warning	1292	Incorrect datetime value: '201901.01' for column `func_cast_duoble_doubleunsigned_sequoiadb`.`t1`.`a` at row 12
Warning	1292	Incorrect datetime value: '4294967294' for column `func_cast_duoble_doubleunsigned_sequoiadb`.`t1`.`a` at row 14
Warning	1292	Incorrect datetime value: '4294967294' for column `func_cast_duoble_doubleunsigned_sequoiadb`.`t1`.`a` at row 15
Warning	1292	Incorrect datetime value: '4294967294' for column `func_cast_duoble_doubleunsigned_sequoiadb`.`t1`.`a` at row 16
Warning	1292	Incorrect datetime value: '4294967294' for column `func_cast_duoble_doubleunsigned_sequoiadb`.`t1`.`a` at row 17
Warnings:
SELECT * FROM t1 WHERE a > CAST('10000.01.01' AS DATE);
a	b	c
20010101	10	2007-08-01
Warning	1292	Incorrect datetime value: '1' for column `func_cast_duoble_doubleunsigned_sequoiadb`.`t1`.`a` at row 1
Warning	1292	Incorrect datetime value: '1' for column `func_cast_duoble_doubleunsigned_sequoiadb`.`t1`.`a` at row 4
Warning	1292	Incorrect datetime value: '1' for column `func_cast_duoble_doubleunsigned_sequoiadb`.`t1`.`a` at row 5
Warning	1292	Incorrect datetime value: '1.01' for column `func_cast_duoble_doubleunsigned_sequoiadb`.`t1`.`a` at row 7
Warning	1292	Incorrect datetime value: '1.02' for column `func_cast_duoble_doubleunsigned_sequoiadb`.`t1`.`a` at row 6
Warning	1292	Incorrect datetime value: '12' for column `func_cast_duoble_doubleunsigned_sequoiadb`.`t1`.`a` at row 3
Warning	1292	Incorrect datetime value: '2' for column `func_cast_duoble_doubleunsigned_sequoiadb`.`t1`.`a` at row 2
Warning	1292	Incorrect datetime value: '2.010101' for column `func_cast_duoble_doubleunsigned_sequoiadb`.`t1`.`a` at row 13
Warning	1292	Incorrect datetime value: '2001.01' for column `func_cast_duoble_doubleunsigned_sequoiadb`.`t1`.`a` at row 8
Warning	1292	Incorrect datetime value: '2001.0101' for column `func_cast_duoble_doubleunsigned_sequoiadb`.`t1`.`a` at row 9
Warning	1292	Incorrect datetime value: '2019' for column `func_cast_duoble_doubleunsigned_sequoiadb`.`t1`.`a` at row 11
Warning	1292	Incorrect datetime value: '201901.01' for column `func_cast_duoble_doubleunsigned_sequoiadb`.`t1`.`a` at row 12
Warning	1292	Incorrect datetime value: '4294967294' for column `func_cast_duoble_doubleunsigned_sequoiadb`.`t1`.`a` at row 14
Warning	1292	Incorrect datetime value: '4294967294' for column `func_cast_duoble_doubleunsigned_sequoiadb`.`t1`.`a` at row 15
Warning	1292	Incorrect datetime value: '4294967294' for column `func_cast_duoble_doubleunsigned_sequoiadb`.`t1`.`a` at row 16
Warning	1292	Incorrect datetime value: '4294967294' for column `func_cast_duoble_doubleunsigned_sequoiadb`.`t1`.`a` at row 17
Warning	1292	Truncated incorrect datetime value: '10000.01.01'
Warnings:
SELECT * FROM t1 WHERE a < CAST(c AS DATE);
a	b	c
1	3	2000-01-01
1	5	2013-01-01
1	9	2008-01-01
1.01	6	2009-11-01
1.02	7	2004-04-01
12	11	2002-01-01
2	1	2001-01-01
2.010101	13	2016-06-06
2001.01	13	2019-05-01
2001.0101	22	2006-02-01
20010101	10	2007-08-01
2019	21	2011-09-01
201901.01	16	2012-05-01
4294967294	-1	2001-01-03
4294967294	-13	2001-01-11
4294967294	-9	2001-01-05
4294967294	2	2001-01-02
Warning	1292	Incorrect datetime value: '1' for column `func_cast_duoble_doubleunsigned_sequoiadb`.`t1`.`a` at row 1
Warning	1292	Incorrect datetime value: '1' for column `func_cast_duoble_doubleunsigned_sequoiadb`.`t1`.`a` at row 4
Warning	1292	Incorrect datetime value: '1' for column `func_cast_duoble_doubleunsigned_sequoiadb`.`t1`.`a` at row 5
Warning	1292	Incorrect datetime value: '1.01' for column `func_cast_duoble_doubleunsigned_sequoiadb`.`t1`.`a` at row 7
Warning	1292	Incorrect datetime value: '1.02' for column `func_cast_duoble_doubleunsigned_sequoiadb`.`t1`.`a` at row 6
Warning	1292	Incorrect datetime value: '12' for column `func_cast_duoble_doubleunsigned_sequoiadb`.`t1`.`a` at row 3
Warning	1292	Incorrect datetime value: '2' for column `func_cast_duoble_doubleunsigned_sequoiadb`.`t1`.`a` at row 2
Warning	1292	Incorrect datetime value: '2.010101' for column `func_cast_duoble_doubleunsigned_sequoiadb`.`t1`.`a` at row 13
Warning	1292	Incorrect datetime value: '2001.01' for column `func_cast_duoble_doubleunsigned_sequoiadb`.`t1`.`a` at row 8
Warning	1292	Incorrect datetime value: '2001.0101' for column `func_cast_duoble_doubleunsigned_sequoiadb`.`t1`.`a` at row 9
Warning	1292	Incorrect datetime value: '2019' for column `func_cast_duoble_doubleunsigned_sequoiadb`.`t1`.`a` at row 11
Warning	1292	Incorrect datetime value: '201901.01' for column `func_cast_duoble_doubleunsigned_sequoiadb`.`t1`.`a` at row 12
Warning	1292	Incorrect datetime value: '4294967294' for column `func_cast_duoble_doubleunsigned_sequoiadb`.`t1`.`a` at row 14
Warning	1292	Incorrect datetime value: '4294967294' for column `func_cast_duoble_doubleunsigned_sequoiadb`.`t1`.`a` at row 15
Warning	1292	Incorrect datetime value: '4294967294' for column `func_cast_duoble_doubleunsigned_sequoiadb`.`t1`.`a` at row 16
Warning	1292	Incorrect datetime value: '4294967294' for column `func_cast_duoble_doubleunsigned_sequoiadb`.`t1`.`a` at row 17
Warnings:
SELECT * FROM t1 WHERE a <= CAST(NOW() AS DATE);
a	b	c
1	3	2000-01-01
1	5	2013-01-01
1	9	2008-01-01
1.01	6	2009-11-01
1.02	7	2004-04-01
12	11	2002-01-01
2	1	2001-01-01
2.010101	13	2016-06-06
2001.01	13	2019-05-01
2001.0101	22	2006-02-01
20010101	10	2007-08-01
2019	21	2011-09-01
201901.01	16	2012-05-01
4294967294	-1	2001-01-03
4294967294	-13	2001-01-11
4294967294	-9	2001-01-05
4294967294	2	2001-01-02
Warning	1292	Incorrect datetime value: '1' for column `func_cast_duoble_doubleunsigned_sequoiadb`.`t1`.`a` at row 1
Warning	1292	Incorrect datetime value: '1' for column `func_cast_duoble_doubleunsigned_sequoiadb`.`t1`.`a` at row 4
Warning	1292	Incorrect datetime value: '1' for column `func_cast_duoble_doubleunsigned_sequoiadb`.`t1`.`a` at row 5
Warning	1292	Incorrect datetime value: '1.01' for column `func_cast_duoble_doubleunsigned_sequoiadb`.`t1`.`a` at row 7
Warning	1292	Incorrect datetime value: '1.02' for column `func_cast_duoble_doubleunsigned_sequoiadb`.`t1`.`a` at row 6
Warning	1292	Incorrect datetime value: '12' for column `func_cast_duoble_doubleunsigned_sequoiadb`.`t1`.`a` at row 3
Warning	1292	Incorrect datetime value: '2' for column `func_cast_duoble_doubleunsigned_sequoiadb`.`t1`.`a` at row 2
Warning	1292	Incorrect datetime value: '2.010101' for column `func_cast_duoble_doubleunsigned_sequoiadb`.`t1`.`a` at row 13
Warning	1292	Incorrect datetime value: '2001.01' for column `func_cast_duoble_doubleunsigned_sequoiadb`.`t1`.`a` at row 8
Warning	1292	Incorrect datetime value: '2001.0101' for column `func_cast_duoble_doubleunsigned_sequoiadb`.`t1`.`a` at row 9
Warning	1292	Incorrect datetime value: '2019' for column `func_cast_duoble_doubleunsigned_sequoiadb`.`t1`.`a` at row 11
Warning	1292	Incorrect datetime value: '201901.01' for column `func_cast_duoble_doubleunsigned_sequoiadb`.`t1`.`a` at row 12
Warning	1292	Incorrect datetime value: '4294967294' for column `func_cast_duoble_doubleunsigned_sequoiadb`.`t1`.`a` at row 14
Warning	1292	Incorrect datetime value: '4294967294' for column `func_cast_duoble_doubleunsigned_sequoiadb`.`t1`.`a` at row 15
Warning	1292	Incorrect datetime value: '4294967294' for column `func_cast_duoble_doubleunsigned_sequoiadb`.`t1`.`a` at row 16
Warning	1292	Incorrect datetime value: '4294967294' for column `func_cast_duoble_doubleunsigned_sequoiadb`.`t1`.`a` at row 17
Warnings:
SELECT * FROM t1 WHERE a = CAST('1' AS DATETIME);
a	b	c
1	3	2000-01-01
1	5	2013-01-01
1	9	2008-01-01
1.01	6	2009-11-01
1.02	7	2004-04-01
12	11	2002-01-01
2	1	2001-01-01
2.010101	13	2016-06-06
2001.01	13	2019-05-01
2001.0101	22	2006-02-01
2019	21	2011-09-01
201901.01	16	2012-05-01
4294967294	-1	2001-01-03
4294967294	-13	2001-01-11
4294967294	-9	2001-01-05
4294967294	2	2001-01-02
Warning	1292	Incorrect datetime value: '1' for column `func_cast_duoble_doubleunsigned_sequoiadb`.`t1`.`a` at row 1
Warning	1292	Incorrect datetime value: '1' for column `func_cast_duoble_doubleunsigned_sequoiadb`.`t1`.`a` at row 4
Warning	1292	Incorrect datetime value: '1' for column `func_cast_duoble_doubleunsigned_sequoiadb`.`t1`.`a` at row 5
Warning	1292	Incorrect datetime value: '1.01' for column `func_cast_duoble_doubleunsigned_sequoiadb`.`t1`.`a` at row 7
Warning	1292	Incorrect datetime value: '1.02' for column `func_cast_duoble_doubleunsigned_sequoiadb`.`t1`.`a` at row 6
Warning	1292	Incorrect datetime value: '12' for column `func_cast_duoble_doubleunsigned_sequoiadb`.`t1`.`a` at row 3
Warning	1292	Incorrect datetime value: '2' for column `func_cast_duoble_doubleunsigned_sequoiadb`.`t1`.`a` at row 2
Warning	1292	Incorrect datetime value: '2.010101' for column `func_cast_duoble_doubleunsigned_sequoiadb`.`t1`.`a` at row 13
Warning	1292	Incorrect datetime value: '2001.01' for column `func_cast_duoble_doubleunsigned_sequoiadb`.`t1`.`a` at row 8
Warning	1292	Incorrect datetime value: '2001.0101' for column `func_cast_duoble_doubleunsigned_sequoiadb`.`t1`.`a` at row 9
Warning	1292	Incorrect datetime value: '2019' for column `func_cast_duoble_doubleunsigned_sequoiadb`.`t1`.`a` at row 11
Warning	1292	Incorrect datetime value: '201901.01' for column `func_cast_duoble_doubleunsigned_sequoiadb`.`t1`.`a` at row 12
Warning	1292	Incorrect datetime value: '4294967294' for column `func_cast_duoble_doubleunsigned_sequoiadb`.`t1`.`a` at row 14
Warning	1292	Incorrect datetime value: '4294967294' for column `func_cast_duoble_doubleunsigned_sequoiadb`.`t1`.`a` at row 15
Warning	1292	Incorrect datetime value: '4294967294' for column `func_cast_duoble_doubleunsigned_sequoiadb`.`t1`.`a` at row 16
Warning	1292	Incorrect datetime value: '4294967294' for column `func_cast_duoble_doubleunsigned_sequoiadb`.`t1`.`a` at row 17
Warning	1292	Truncated incorrect datetime value: '1'
Warnings:
SELECT * FROM t1 WHERE a >= CAST('2001-01-01 00:00:00' AS DATETIME);
a	b	c
20010101	10	2007-08-01
Warning	1292	Incorrect datetime value: '1' for column `func_cast_duoble_doubleunsigned_sequoiadb`.`t1`.`a` at row 1
Warning	1292	Incorrect datetime value: '1' for column `func_cast_duoble_doubleunsigned_sequoiadb`.`t1`.`a` at row 4
Warning	1292	Incorrect datetime value: '1' for column `func_cast_duoble_doubleunsigned_sequoiadb`.`t1`.`a` at row 5
Warning	1292	Incorrect datetime value: '1.01' for column `func_cast_duoble_doubleunsigned_sequoiadb`.`t1`.`a` at row 7
Warning	1292	Incorrect datetime value: '1.02' for column `func_cast_duoble_doubleunsigned_sequoiadb`.`t1`.`a` at row 6
Warning	1292	Incorrect datetime value: '12' for column `func_cast_duoble_doubleunsigned_sequoiadb`.`t1`.`a` at row 3
Warning	1292	Incorrect datetime value: '2' for column `func_cast_duoble_doubleunsigned_sequoiadb`.`t1`.`a` at row 2
Warning	1292	Incorrect datetime value: '2.010101' for column `func_cast_duoble_doubleunsigned_sequoiadb`.`t1`.`a` at row 13
Warning	1292	Incorrect datetime value: '2001.01' for column `func_cast_duoble_doubleunsigned_sequoiadb`.`t1`.`a` at row 8
Warning	1292	Incorrect datetime value: '2001.0101' for column `func_cast_duoble_doubleunsigned_sequoiadb`.`t1`.`a` at row 9
Warning	1292	Incorrect datetime value: '2019' for column `func_cast_duoble_doubleunsigned_sequoiadb`.`t1`.`a` at row 11
Warning	1292	Incorrect datetime value: '201901.01' for column `func_cast_duoble_doubleunsigned_sequoiadb`.`t1`.`a` at row 12
Warning	1292	Incorrect datetime value: '4294967294' for column `func_cast_duoble_doubleunsigned_sequoiadb`.`t1`.`a` at row 14
Warning	1292	Incorrect datetime value: '4294967294' for column `func_cast_duoble_doubleunsigned_sequoiadb`.`t1`.`a` at row 15
Warning	1292	Incorrect datetime value: '4294967294' for column `func_cast_duoble_doubleunsigned_sequoiadb`.`t1`.`a` at row 16
Warning	1292	Incorrect datetime value: '4294967294' for column `func_cast_duoble_doubleunsigned_sequoiadb`.`t1`.`a` at row 17
Warnings:
SELECT * FROM t1 WHERE a >= CAST('2001#01#01 23:59:00' AS DATETIME);
a	b	c
Warning	1292	Incorrect datetime value: '1' for column `func_cast_duoble_doubleunsigned_sequoiadb`.`t1`.`a` at row 1
Warning	1292	Incorrect datetime value: '1' for column `func_cast_duoble_doubleunsigned_sequoiadb`.`t1`.`a` at row 4
Warning	1292	Incorrect datetime value: '1' for column `func_cast_duoble_doubleunsigned_sequoiadb`.`t1`.`a` at row 5
Warning	1292	Incorrect datetime value: '1.01' for column `func_cast_duoble_doubleunsigned_sequoiadb`.`t1`.`a` at row 7
Warning	1292	Incorrect datetime value: '1.02' for column `func_cast_duoble_doubleunsigned_sequoiadb`.`t1`.`a` at row 6
Warning	1292	Incorrect datetime value: '12' for column `func_cast_duoble_doubleunsigned_sequoiadb`.`t1`.`a` at row 3
Warning	1292	Incorrect datetime value: '2' for column `func_cast_duoble_doubleunsigned_sequoiadb`.`t1`.`a` at row 2
Warning	1292	Incorrect datetime value: '2.010101' for column `func_cast_duoble_doubleunsigned_sequoiadb`.`t1`.`a` at row 13
Warning	1292	Incorrect datetime value: '2001.01' for column `func_cast_duoble_doubleunsigned_sequoiadb`.`t1`.`a` at row 8
Warning	1292	Incorrect datetime value: '2001.0101' for column `func_cast_duoble_doubleunsigned_sequoiadb`.`t1`.`a` at row 9
Warning	1292	Incorrect datetime value: '2019' for column `func_cast_duoble_doubleunsigned_sequoiadb`.`t1`.`a` at row 11
Warning	1292	Incorrect datetime value: '201901.01' for column `func_cast_duoble_doubleunsigned_sequoiadb`.`t1`.`a` at row 12
Warning	1292	Incorrect datetime value: '4294967294' for column `func_cast_duoble_doubleunsigned_sequoiadb`.`t1`.`a` at row 14
Warning	1292	Incorrect datetime value: '4294967294' for column `func_cast_duoble_doubleunsigned_sequoiadb`.`t1`.`a` at row 15
Warning	1292	Incorrect datetime value: '4294967294' for column `func_cast_duoble_doubleunsigned_sequoiadb`.`t1`.`a` at row 16
Warning	1292	Incorrect datetime value: '4294967294' for column `func_cast_duoble_doubleunsigned_sequoiadb`.`t1`.`a` at row 17
Warnings:
SELECT * FROM t1 WHERE a >= CAST('2001.01.01 01:00:00' AS DATETIME);
a	b	c
Warning	1292	Incorrect datetime value: '1' for column `func_cast_duoble_doubleunsigned_sequoiadb`.`t1`.`a` at row 1
Warning	1292	Incorrect datetime value: '1' for column `func_cast_duoble_doubleunsigned_sequoiadb`.`t1`.`a` at row 4
Warning	1292	Incorrect datetime value: '1' for column `func_cast_duoble_doubleunsigned_sequoiadb`.`t1`.`a` at row 5
Warning	1292	Incorrect datetime value: '1.01' for column `func_cast_duoble_doubleunsigned_sequoiadb`.`t1`.`a` at row 7
Warning	1292	Incorrect datetime value: '1.02' for column `func_cast_duoble_doubleunsigned_sequoiadb`.`t1`.`a` at row 6
Warning	1292	Incorrect datetime value: '12' for column `func_cast_duoble_doubleunsigned_sequoiadb`.`t1`.`a` at row 3
Warning	1292	Incorrect datetime value: '2' for column `func_cast_duoble_doubleunsigned_sequoiadb`.`t1`.`a` at row 2
Warning	1292	Incorrect datetime value: '2.010101' for column `func_cast_duoble_doubleunsigned_sequoiadb`.`t1`.`a` at row 13
Warning	1292	Incorrect datetime value: '2001.01' for column `func_cast_duoble_doubleunsigned_sequoiadb`.`t1`.`a` at row 8
Warning	1292	Incorrect datetime value: '2001.0101' for column `func_cast_duoble_doubleunsigned_sequoiadb`.`t1`.`a` at row 9
Warning	1292	Incorrect datetime value: '2019' for column `func_cast_duoble_doubleunsigned_sequoiadb`.`t1`.`a` at row 11
Warning	1292	Incorrect datetime value: '201901.01' for column `func_cast_duoble_doubleunsigned_sequoiadb`.`t1`.`a` at row 12
Warning	1292	Incorrect datetime value: '4294967294' for column `func_cast_duoble_doubleunsigned_sequoiadb`.`t1`.`a` at row 14
Warning	1292	Incorrect datetime value: '4294967294' for column `func_cast_duoble_doubleunsigned_sequoiadb`.`t1`.`a` at row 15
Warning	1292	Incorrect datetime value: '4294967294' for column `func_cast_duoble_doubleunsigned_sequoiadb`.`t1`.`a` at row 16
Warning	1292	Incorrect datetime value: '4294967294' for column `func_cast_duoble_doubleunsigned_sequoiadb`.`t1`.`a` at row 17
Warnings:
SELECT * FROM t1 WHERE a > CAST('10000.01.01 03:00:00' AS DATETIME);
a	b	c
20010101	10	2007-08-01
Warning	1292	Incorrect datetime value: '1' for column `func_cast_duoble_doubleunsigned_sequoiadb`.`t1`.`a` at row 1
Warning	1292	Incorrect datetime value: '1' for column `func_cast_duoble_doubleunsigned_sequoiadb`.`t1`.`a` at row 4
Warning	1292	Incorrect datetime value: '1' for column `func_cast_duoble_doubleunsigned_sequoiadb`.`t1`.`a` at row 5
Warning	1292	Incorrect datetime value: '1.01' for column `func_cast_duoble_doubleunsigned_sequoiadb`.`t1`.`a` at row 7
Warning	1292	Incorrect datetime value: '1.02' for column `func_cast_duoble_doubleunsigned_sequoiadb`.`t1`.`a` at row 6
Warning	1292	Incorrect datetime value: '12' for column `func_cast_duoble_doubleunsigned_sequoiadb`.`t1`.`a` at row 3
Warning	1292	Incorrect datetime value: '2' for column `func_cast_duoble_doubleunsigned_sequoiadb`.`t1`.`a` at row 2
Warning	1292	Incorrect datetime value: '2.010101' for column `func_cast_duoble_doubleunsigned_sequoiadb`.`t1`.`a` at row 13
Warning	1292	Incorrect datetime value: '2001.01' for column `func_cast_duoble_doubleunsigned_sequoiadb`.`t1`.`a` at row 8
Warning	1292	Incorrect datetime value: '2001.0101' for column `func_cast_duoble_doubleunsigned_sequoiadb`.`t1`.`a` at row 9
Warning	1292	Incorrect datetime value: '2019' for column `func_cast_duoble_doubleunsigned_sequoiadb`.`t1`.`a` at row 11
Warning	1292	Incorrect datetime value: '201901.01' for column `func_cast_duoble_doubleunsigned_sequoiadb`.`t1`.`a` at row 12
Warning	1292	Incorrect datetime value: '4294967294' for column `func_cast_duoble_doubleunsigned_sequoiadb`.`t1`.`a` at row 14
Warning	1292	Incorrect datetime value: '4294967294' for column `func_cast_duoble_doubleunsigned_sequoiadb`.`t1`.`a` at row 15
Warning	1292	Incorrect datetime value: '4294967294' for column `func_cast_duoble_doubleunsigned_sequoiadb`.`t1`.`a` at row 16
Warning	1292	Incorrect datetime value: '4294967294' for column `func_cast_duoble_doubleunsigned_sequoiadb`.`t1`.`a` at row 17
Warning	1292	Truncated incorrect datetime value: '10000.01.01 03:00:00'
Warnings:
SELECT * FROM t1 WHERE a < CAST(c AS DATETIME);
a	b	c
1	3	2000-01-01
1	5	2013-01-01
1	9	2008-01-01
1.01	6	2009-11-01
1.02	7	2004-04-01
12	11	2002-01-01
2	1	2001-01-01
2.010101	13	2016-06-06
2001.01	13	2019-05-01
2001.0101	22	2006-02-01
20010101	10	2007-08-01
2019	21	2011-09-01
201901.01	16	2012-05-01
4294967294	-1	2001-01-03
4294967294	-13	2001-01-11
4294967294	-9	2001-01-05
4294967294	2	2001-01-02
Warning	1292	Incorrect datetime value: '1' for column `func_cast_duoble_doubleunsigned_sequoiadb`.`t1`.`a` at row 1
Warning	1292	Incorrect datetime value: '1' for column `func_cast_duoble_doubleunsigned_sequoiadb`.`t1`.`a` at row 4
Warning	1292	Incorrect datetime value: '1' for column `func_cast_duoble_doubleunsigned_sequoiadb`.`t1`.`a` at row 5
Warning	1292	Incorrect datetime value: '1.01' for column `func_cast_duoble_doubleunsigned_sequoiadb`.`t1`.`a` at row 7
Warning	1292	Incorrect datetime value: '1.02' for column `func_cast_duoble_doubleunsigned_sequoiadb`.`t1`.`a` at row 6
Warning	1292	Incorrect datetime value: '12' for column `func_cast_duoble_doubleunsigned_sequoiadb`.`t1`.`a` at row 3
Warning	1292	Incorrect datetime value: '2' for column `func_cast_duoble_doubleunsigned_sequoiadb`.`t1`.`a` at row 2
Warning	1292	Incorrect datetime value: '2.010101' for column `func_cast_duoble_doubleunsigned_sequoiadb`.`t1`.`a` at row 13
Warning	1292	Incorrect datetime value: '2001.01' for column `func_cast_duoble_doubleunsigned_sequoiadb`.`t1`.`a` at row 8
Warning	1292	Incorrect datetime value: '2001.0101' for column `func_cast_duoble_doubleunsigned_sequoiadb`.`t1`.`a` at row 9
Warning	1292	Incorrect datetime value: '2019' for column `func_cast_duoble_doubleunsigned_sequoiadb`.`t1`.`a` at row 11
Warning	1292	Incorrect datetime value: '201901.01' for column `func_cast_duoble_doubleunsigned_sequoiadb`.`t1`.`a` at row 12
Warning	1292	Incorrect datetime value: '4294967294' for column `func_cast_duoble_doubleunsigned_sequoiadb`.`t1`.`a` at row 14
Warning	1292	Incorrect datetime value: '4294967294' for column `func_cast_duoble_doubleunsigned_sequoiadb`.`t1`.`a` at row 15
Warning	1292	Incorrect datetime value: '4294967294' for column `func_cast_duoble_doubleunsigned_sequoiadb`.`t1`.`a` at row 16
Warning	1292	Incorrect datetime value: '4294967294' for column `func_cast_duoble_doubleunsigned_sequoiadb`.`t1`.`a` at row 17
Warnings:
SELECT * FROM t1 WHERE a <= CAST(CURRENT_DATE() AS DATETIME);
a	b	c
1	3	2000-01-01
1	5	2013-01-01
1	9	2008-01-01
1.01	6	2009-11-01
1.02	7	2004-04-01
12	11	2002-01-01
2	1	2001-01-01
2.010101	13	2016-06-06
2001.01	13	2019-05-01
2001.0101	22	2006-02-01
20010101	10	2007-08-01
2019	21	2011-09-01
201901.01	16	2012-05-01
4294967294	-1	2001-01-03
4294967294	-13	2001-01-11
4294967294	-9	2001-01-05
4294967294	2	2001-01-02
Warning	1292	Incorrect datetime value: '1' for column `func_cast_duoble_doubleunsigned_sequoiadb`.`t1`.`a` at row 1
Warning	1292	Incorrect datetime value: '1' for column `func_cast_duoble_doubleunsigned_sequoiadb`.`t1`.`a` at row 4
Warning	1292	Incorrect datetime value: '1' for column `func_cast_duoble_doubleunsigned_sequoiadb`.`t1`.`a` at row 5
Warning	1292	Incorrect datetime value: '1.01' for column `func_cast_duoble_doubleunsigned_sequoiadb`.`t1`.`a` at row 7
Warning	1292	Incorrect datetime value: '1.02' for column `func_cast_duoble_doubleunsigned_sequoiadb`.`t1`.`a` at row 6
Warning	1292	Incorrect datetime value: '12' for column `func_cast_duoble_doubleunsigned_sequoiadb`.`t1`.`a` at row 3
Warning	1292	Incorrect datetime value: '2' for column `func_cast_duoble_doubleunsigned_sequoiadb`.`t1`.`a` at row 2
Warning	1292	Incorrect datetime value: '2.010101' for column `func_cast_duoble_doubleunsigned_sequoiadb`.`t1`.`a` at row 13
Warning	1292	Incorrect datetime value: '2001.01' for column `func_cast_duoble_doubleunsigned_sequoiadb`.`t1`.`a` at row 8
Warning	1292	Incorrect datetime value: '2001.0101' for column `func_cast_duoble_doubleunsigned_sequoiadb`.`t1`.`a` at row 9
Warning	1292	Incorrect datetime value: '2019' for column `func_cast_duoble_doubleunsigned_sequoiadb`.`t1`.`a` at row 11
Warning	1292	Incorrect datetime value: '201901.01' for column `func_cast_duoble_doubleunsigned_sequoiadb`.`t1`.`a` at row 12
Warning	1292	Incorrect datetime value: '4294967294' for column `func_cast_duoble_doubleunsigned_sequoiadb`.`t1`.`a` at row 14
Warning	1292	Incorrect datetime value: '4294967294' for column `func_cast_duoble_doubleunsigned_sequoiadb`.`t1`.`a` at row 15
Warning	1292	Incorrect datetime value: '4294967294' for column `func_cast_duoble_doubleunsigned_sequoiadb`.`t1`.`a` at row 16
Warning	1292	Incorrect datetime value: '4294967294' for column `func_cast_duoble_doubleunsigned_sequoiadb`.`t1`.`a` at row 17
Warnings:
SELECT * FROM t1 WHERE a = CAST('1' AS TIME);
a	b	c
1	3	2000-01-01
1	5	2013-01-01
1	9	2008-01-01
Warning	1292	Incorrect time value: '4294967294' for column `func_cast_duoble_doubleunsigned_sequoiadb`.`t1`.`a` at row 14
Warning	1292	Incorrect time value: '4294967294' for column `func_cast_duoble_doubleunsigned_sequoiadb`.`t1`.`a` at row 15
Warning	1292	Incorrect time value: '4294967294' for column `func_cast_duoble_doubleunsigned_sequoiadb`.`t1`.`a` at row 16
Warning	1292	Incorrect time value: '4294967294' for column `func_cast_duoble_doubleunsigned_sequoiadb`.`t1`.`a` at row 17
Warnings:
SELECT * FROM t1 WHERE a >= CAST('2001-01-01 00:00:00' AS TIME);
a	b	c
1	3	2000-01-01
1	5	2013-01-01
1	9	2008-01-01
1.01	6	2009-11-01
1.02	7	2004-04-01
12	11	2002-01-01
2	1	2001-01-01
2.010101	13	2016-06-06
2001.01	13	2019-05-01
2001.0101	22	2006-02-01
20010101	10	2007-08-01
2019	21	2011-09-01
201901.01	16	2012-05-01
4294967294	-1	2001-01-03
4294967294	-13	2001-01-11
4294967294	-9	2001-01-05
4294967294	2	2001-01-02
Warning	1292	Incorrect time value: '4294967294' for column `func_cast_duoble_doubleunsigned_sequoiadb`.`t1`.`a` at row 14
Warning	1292	Incorrect time value: '4294967294' for column `func_cast_duoble_doubleunsigned_sequoiadb`.`t1`.`a` at row 15
Warning	1292	Incorrect time value: '4294967294' for column `func_cast_duoble_doubleunsigned_sequoiadb`.`t1`.`a` at row 16
Warning	1292	Incorrect time value: '4294967294' for column `func_cast_duoble_doubleunsigned_sequoiadb`.`t1`.`a` at row 17
Warnings:
SELECT * FROM t1 WHERE a >= CAST('2001#01#01 23:59:00' AS TIME);
a	b	c
Warning	1292	Incorrect time value: '4294967294' for column `func_cast_duoble_doubleunsigned_sequoiadb`.`t1`.`a` at row 14
Warning	1292	Incorrect time value: '4294967294' for column `func_cast_duoble_doubleunsigned_sequoiadb`.`t1`.`a` at row 15
Warning	1292	Incorrect time value: '4294967294' for column `func_cast_duoble_doubleunsigned_sequoiadb`.`t1`.`a` at row 16
Warning	1292	Incorrect time value: '4294967294' for column `func_cast_duoble_doubleunsigned_sequoiadb`.`t1`.`a` at row 17
Warnings:
SELECT * FROM t1 WHERE a >= CAST('2001.01.01 01:00:00' AS TIME);
a	b	c
201901.01	16	2012-05-01
Warning	1292	Incorrect time value: '4294967294' for column `func_cast_duoble_doubleunsigned_sequoiadb`.`t1`.`a` at row 14
Warning	1292	Incorrect time value: '4294967294' for column `func_cast_duoble_doubleunsigned_sequoiadb`.`t1`.`a` at row 15
Warning	1292	Incorrect time value: '4294967294' for column `func_cast_duoble_doubleunsigned_sequoiadb`.`t1`.`a` at row 16
Warning	1292	Incorrect time value: '4294967294' for column `func_cast_duoble_doubleunsigned_sequoiadb`.`t1`.`a` at row 17
Warnings:
SELECT * FROM t1 WHERE a > CAST('10000.01.01 03:00:00' AS TIME);
a	b	c
1	3	2000-01-01
1	5	2013-01-01
1	9	2008-01-01
1.01	6	2009-11-01
1.02	7	2004-04-01
12	11	2002-01-01
2	1	2001-01-01
2.010101	13	2016-06-06
2001.01	13	2019-05-01
2001.0101	22	2006-02-01
2019	21	2011-09-01
201901.01	16	2012-05-01
SELECT * FROM t1 WHERE a > CAST('-839:59:59.0000' AS TIME);
a	b	c
1	3	2000-01-01
1	5	2013-01-01
1	9	2008-01-01
1.01	6	2009-11-01
1.02	7	2004-04-01
12	11	2002-01-01
2	1	2001-01-01
2.010101	13	2016-06-06
2001.01	13	2019-05-01
2001.0101	22	2006-02-01
20010101	10	2007-08-01
2019	21	2011-09-01
201901.01	16	2012-05-01
4294967294	-1	2001-01-03
4294967294	-13	2001-01-11
4294967294	-9	2001-01-05
4294967294	2	2001-01-02
Warning	1292	Incorrect time value: '4294967294' for column `func_cast_duoble_doubleunsigned_sequoiadb`.`t1`.`a` at row 14
Warning	1292	Incorrect time value: '4294967294' for column `func_cast_duoble_doubleunsigned_sequoiadb`.`t1`.`a` at row 15
Warning	1292	Incorrect time value: '4294967294' for column `func_cast_duoble_doubleunsigned_sequoiadb`.`t1`.`a` at row 16
Warning	1292	Incorrect time value: '4294967294' for column `func_cast_duoble_doubleunsigned_sequoiadb`.`t1`.`a` at row 17
Warning	1292	Truncated incorrect time value: '-839:59:59.0000'
Warnings:
SELECT * FROM t1 WHERE a < CAST(c AS TIME);
a	b	c
Warning	1292	Incorrect time value: '4294967294' for column `func_cast_duoble_doubleunsigned_sequoiadb`.`t1`.`a` at row 14
Warning	1292	Incorrect time value: '4294967294' for column `func_cast_duoble_doubleunsigned_sequoiadb`.`t1`.`a` at row 15
Warning	1292	Incorrect time value: '4294967294' for column `func_cast_duoble_doubleunsigned_sequoiadb`.`t1`.`a` at row 16
Warning	1292	Incorrect time value: '4294967294' for column `func_cast_duoble_doubleunsigned_sequoiadb`.`t1`.`a` at row 17
Warnings:
DROP TABLE t1;
drop database func_cast_duoble_doubleunsigned_sequoiadb;
