drop database if exists func_cast_binary_char_text_blob_sequoiadb;
create database func_cast_binary_char_text_blob_sequoiadb;
drop database func_cast_binary_char_text_blob_sequoiadb;
create database func_cast_binary_char_text_blob_sequoiadb;
use func_cast_binary_char_text_blob_sequoiadb;
CREATE TABLE t1(a BINARY(127), b INT, c DATE);
INSERT INTO t1 VALUES ('a',3, '2000-01-01'),('a1',1,'2001-01-01'),('b',11,'2002-01-01'),('1',9,'2008-01-01'),('1.00',5,'2013-01-01'),('1.02',7,'2004-04-01'), ('1.01',6,'2009-11-01'), ('2001-01-01',13,'2019-05-01'), ('2001#01#01',22,'2006-02-01'),('2001.01.01',10,'2007-08-01'),('2019-01-01',21,'2011-09-01'),('2019.01.01',16,'2012-05-01'),('2019#01#01',13,'2016-06-06'),('2147483647',2,'2001-01-02'),('4294967294',-1,'2001-01-03'),('-4294967299',-9,'2001-01-05'),('922337203685477807',-13,'2001-01-11');
SELECT * FROM t1 WHERE a = CAST('1' AS CHAR);
a	b	c
SELECT * FROM t1 WHERE a = CAST(1.00 AS CHAR);
a	b	c
SELECT * FROM t1 WHERE a > CAST(b AS CHAR);
a	b	c
a
SELECT * FROM t1 WHERE a > CAST(SUBSTRING('1234567abc', 5, 9) AS CHAR);
a	b	c
a
SELECT * FROM t1 WHERE a = CAST('1.00' AS NCHAR);
a	b	c
SELECT * FROM t1 WHERE a = CAST(1.01 AS NCHAR);
a	b	c
SELECT * FROM t1 WHERE a < CAST(b AS NCHAR);
a	b	c
1
SELECT * FROM t1 WHERE a >= CAST(CONCAT('123','abc','456') AS NCHAR);
a	b	c
a
SELECT * FROM t1 WHERE a = CAST('1.01' AS BINARY);
a	b	c
SELECT * FROM t1 WHERE a = CAST(1 AS BINARY);
a	b	c
SELECT * FROM t1 WHERE a < CAST(b AS BINARY);
a	b	c
1
SELECT * FROM t1 WHERE a >= CAST(REPLACE('ab12c4','ab12','234') AS BINARY);
a	b	c
a
SELECT * FROM t1 WHERE a = CAST('1.0' AS SIGNED);
a	b	c
1
SELECT * FROM t1 WHERE a = CAST(1.000 AS SIGNED);
a	b	c
1
SELECT * FROM t1 WHERE a < CAST(2147483647 AS SIGNED);
a	b	c
a
SELECT * FROM t1 WHERE a >= CAST(-2147483649 AS SIGNED);
a	b	c
a
SELECT * FROM t1 WHERE a < CAST(b AS SIGNED);
a	b	c
a
SELECT * FROM t1 WHERE a >= CAST(LENGTH('ab123cd456') AS SIGNED);
a	b	c
2001-01-01
SELECT * FROM t1 WHERE a = CAST('1' AS UNSIGNED);
a	b	c
1
SELECT * FROM t1 WHERE a = CAST(1.01 AS UNSIGNED);
a	b	c
1
SELECT * FROM t1 WHERE a < CAST(4294967297 AS UNSIGNED);
a	b	c
a
SELECT * FROM t1 WHERE a >= CAST(-4294967299 AS UNSIGNED);
a	b	c
Note	1105	Cast to unsigned converted negative integer to it's positive complement
Warning	1292	Truncated incorrect DOUBLE value: '-4294967299\x00\x00\x00\x00\x00\x00\x00\x00\x00\x00\x00\x00\x00\x00\x00\x00\x00\x00\x00\x00\x00\x00\x00\x00\x00\x00\x00\x00\x00\'
Warning	1292	Truncated incorrect DOUBLE value: '1.00\x00\x00\x00\x00\x00\x00\x00\x00\x00\x00\x00\x00\x00\x00\x00\x00\x00\x00\x00\x00\x00\x00\x00\x00\x00\x00\x00\x00\x00\x00\x00'
Warning	1292	Truncated incorrect DOUBLE value: '1.01\x00\x00\x00\x00\x00\x00\x00\x00\x00\x00\x00\x00\x00\x00\x00\x00\x00\x00\x00\x00\x00\x00\x00\x00\x00\x00\x00\x00\x00\x00\x00'
Warning	1292	Truncated incorrect DOUBLE value: '1.02\x00\x00\x00\x00\x00\x00\x00\x00\x00\x00\x00\x00\x00\x00\x00\x00\x00\x00\x00\x00\x00\x00\x00\x00\x00\x00\x00\x00\x00\x00\x00'
Warning	1292	Truncated incorrect DOUBLE value: '1\x00\x00\x00\x00\x00\x00\x00\x00\x00\x00\x00\x00\x00\x00\x00\x00\x00\x00\x00\x00\x00\x00\x00\x00\x00\x00\x00\x00\x00\x00\x00\x0'
Warning	1292	Truncated incorrect DOUBLE value: '2001#01#01\x00\x00\x00\x00\x00\x00\x00\x00\x00\x00\x00\x00\x00\x00\x00\x00\x00\x00\x00\x00\x00\x00\x00\x00\x00\x00\x00\x00\x00\x'
Warning	1292	Truncated incorrect DOUBLE value: '2001-01-01\x00\x00\x00\x00\x00\x00\x00\x00\x00\x00\x00\x00\x00\x00\x00\x00\x00\x00\x00\x00\x00\x00\x00\x00\x00\x00\x00\x00\x00\x'
Warning	1292	Truncated incorrect DOUBLE value: '2001.01.01\x00\x00\x00\x00\x00\x00\x00\x00\x00\x00\x00\x00\x00\x00\x00\x00\x00\x00\x00\x00\x00\x00\x00\x00\x00\x00\x00\x00\x00\x'
Warning	1292	Truncated incorrect DOUBLE value: '2019#01#01\x00\x00\x00\x00\x00\x00\x00\x00\x00\x00\x00\x00\x00\x00\x00\x00\x00\x00\x00\x00\x00\x00\x00\x00\x00\x00\x00\x00\x00\x'
Warning	1292	Truncated incorrect DOUBLE value: '2019-01-01\x00\x00\x00\x00\x00\x00\x00\x00\x00\x00\x00\x00\x00\x00\x00\x00\x00\x00\x00\x00\x00\x00\x00\x00\x00\x00\x00\x00\x00\x'
Warning	1292	Truncated incorrect DOUBLE value: '2019.01.01\x00\x00\x00\x00\x00\x00\x00\x00\x00\x00\x00\x00\x00\x00\x00\x00\x00\x00\x00\x00\x00\x00\x00\x00\x00\x00\x00\x00\x00\x'
Warning	1292	Truncated incorrect DOUBLE value: '2147483647\x00\x00\x00\x00\x00\x00\x00\x00\x00\x00\x00\x00\x00\x00\x00\x00\x00\x00\x00\x00\x00\x00\x00\x00\x00\x00\x00\x00\x00\x'
Warning	1292	Truncated incorrect DOUBLE value: '4294967294\x00\x00\x00\x00\x00\x00\x00\x00\x00\x00\x00\x00\x00\x00\x00\x00\x00\x00\x00\x00\x00\x00\x00\x00\x00\x00\x00\x00\x00\x'
Warning	1292	Truncated incorrect DOUBLE value: '922337203685477807\x00\x00\x00\x00\x00\x00\x00\x00\x00\x00\x00\x00\x00\x00\x00\x00\x00\x00\x00\x00\x00\x00\x00\x00\x00\x00\x00\x'
Warning	1292	Truncated incorrect DOUBLE value: 'a1\x00\x00\x00\x00\x00\x00\x00\x00\x00\x00\x00\x00\x00\x00\x00\x00\x00\x00\x00\x00\x00\x00\x00\x00\x00\x00\x00\x00\x00\x00\x00\x'
Warning	1292	Truncated incorrect DOUBLE value: 'a\x00\x00\x00\x00\x00\x00\x00\x00\x00\x00\x00\x00\x00\x00\x00\x00\x00\x00\x00\x00\x00\x00\x00\x00\x00\x00\x00\x00\x00\x00\x00\x0'
Warning	1292	Truncated incorrect DOUBLE value: 'b\x00\x00\x00\x00\x00\x00\x00\x00\x00\x00\x00\x00\x00\x00\x00\x00\x00\x00\x00\x00\x00\x00\x00\x00\x00\x00\x00\x00\x00\x00\x00\x0'
Warnings:
SELECT * FROM t1 WHERE a < CAST(b AS UNSIGNED);
a	b	c
a
SELECT * FROM t1 WHERE a >= CAST(RPAD('123abc4567',7,'00') AS UNSIGNED);
a	b	c
2001-01-01
SELECT * FROM t1 WHERE a = CAST('1' AS DECIMAL);
a	b	c
1
SELECT * FROM t1 WHERE a = CAST(1.02 AS DECIMAL);
a	b	c
1
SELECT * FROM t1 WHERE a <= CAST(922337203685477580800 AS DECIMAL);
a	b	c
a
SELECT * FROM t1 WHERE a < CAST(b AS DECIMAL);
a	b	c
a
SELECT * FROM t1 WHERE a >= CAST(LPAD('123abc4567',5,'00') AS DECIMAL);
a	b	c
2001-01-01
SELECT * FROM t1 WHERE a = CAST('1' AS DATE);
a	b	c
a
SELECT * FROM t1 WHERE a >= CAST('2001-01-01' AS DATE);
a	b	c
2001-01-01
SELECT * FROM t1 WHERE a >= CAST('2001#01#01' AS DATE);
a	b	c
2001-01-01
SELECT * FROM t1 WHERE a >= CAST('2001.01.01' AS DATE);
a	b	c
2001-01-01
SELECT * FROM t1 WHERE a > CAST('10000.01.01' AS DATE);
a	b	c
2001-01-01
SELECT * FROM t1 WHERE a < CAST(c AS DATE);
a	b	c
a
SELECT * FROM t1 WHERE a <= CAST(NOW() AS DATE);
a	b	c
a
SELECT * FROM t1 WHERE a = CAST('1' AS DATETIME);
a	b	c
a
SELECT * FROM t1 WHERE a >= CAST('2001-01-01 00:00:00' AS DATETIME);
a	b	c
2001-01-01
SELECT * FROM t1 WHERE a >= CAST('2001#01#01 23:59:00' AS DATETIME);
a	b	c
2019-01-01
SELECT * FROM t1 WHERE a >= CAST('2001.01.01 01:00:00' AS DATETIME);
a	b	c
2019-01-01
SELECT * FROM t1 WHERE a > CAST('10000.01.01 03:00:00' AS DATETIME);
a	b	c
2001-01-01
SELECT * FROM t1 WHERE a < CAST(c AS DATETIME);
a	b	c
a
SELECT * FROM t1 WHERE a <= CAST(CURRENT_DATE() AS DATETIME);
a	b	c
a
SELECT * FROM t1 WHERE a = CAST('1' AS TIME);
a	b	c
1
SELECT * FROM t1 WHERE a >= CAST('2001-01-01 00:00:00' AS TIME);
a	b	c
a
SELECT * FROM t1 WHERE a >= CAST('2001#01#01 23:59:00' AS TIME);
a	b	c
2147483647
SELECT * FROM t1 WHERE a >= CAST('2001.01.01 01:00:00' AS TIME);
a	b	c
2147483647
SELECT * FROM t1 WHERE a > CAST('10000.01.01 03:00:00' AS TIME);
a	b	c
1
SELECT * FROM t1 WHERE a > CAST('-839:59:59.0000' AS TIME);
a	b	c
a
SELECT * FROM t1 WHERE a < CAST(c AS TIME);
a	b	c
Warning	1292	Truncated incorrect time value: '-4294967299\x00\x00\x00\x00\x00\x00\x00\x00\x00\x00\x00\x00\x00\x00\x00\x00\x00\x00\x00\x00\x00\x00\x00\x00\x00\x00\x00\x00\x00\'
Warning	1292	Truncated incorrect time value: '1.00\x00\x00\x00\x00\x00\x00\x00\x00\x00\x00\x00\x00\x00\x00\x00\x00\x00\x00\x00\x00\x00\x00\x00\x00\x00\x00\x00\x00\x00\x00\x00'
Warning	1292	Truncated incorrect time value: '1.01\x00\x00\x00\x00\x00\x00\x00\x00\x00\x00\x00\x00\x00\x00\x00\x00\x00\x00\x00\x00\x00\x00\x00\x00\x00\x00\x00\x00\x00\x00\x00'
Warning	1292	Truncated incorrect time value: '1.02\x00\x00\x00\x00\x00\x00\x00\x00\x00\x00\x00\x00\x00\x00\x00\x00\x00\x00\x00\x00\x00\x00\x00\x00\x00\x00\x00\x00\x00\x00\x00'
Warning	1292	Truncated incorrect time value: '1\x00\x00\x00\x00\x00\x00\x00\x00\x00\x00\x00\x00\x00\x00\x00\x00\x00\x00\x00\x00\x00\x00\x00\x00\x00\x00\x00\x00\x00\x00\x00\x0'
Warning	1292	Truncated incorrect time value: '2001#01#01\x00\x00\x00\x00\x00\x00\x00\x00\x00\x00\x00\x00\x00\x00\x00\x00\x00\x00\x00\x00\x00\x00\x00\x00\x00\x00\x00\x00\x00\x'
Warning	1292	Truncated incorrect time value: '2001-01-01\x00\x00\x00\x00\x00\x00\x00\x00\x00\x00\x00\x00\x00\x00\x00\x00\x00\x00\x00\x00\x00\x00\x00\x00\x00\x00\x00\x00\x00\x'
Warning	1292	Truncated incorrect time value: '2001.01.01\x00\x00\x00\x00\x00\x00\x00\x00\x00\x00\x00\x00\x00\x00\x00\x00\x00\x00\x00\x00\x00\x00\x00\x00\x00\x00\x00\x00\x00\x'
Warning	1292	Truncated incorrect time value: '2019#01#01\x00\x00\x00\x00\x00\x00\x00\x00\x00\x00\x00\x00\x00\x00\x00\x00\x00\x00\x00\x00\x00\x00\x00\x00\x00\x00\x00\x00\x00\x'
Warning	1292	Truncated incorrect time value: '2019-01-01\x00\x00\x00\x00\x00\x00\x00\x00\x00\x00\x00\x00\x00\x00\x00\x00\x00\x00\x00\x00\x00\x00\x00\x00\x00\x00\x00\x00\x00\x'
Warning	1292	Truncated incorrect time value: '2019.01.01\x00\x00\x00\x00\x00\x00\x00\x00\x00\x00\x00\x00\x00\x00\x00\x00\x00\x00\x00\x00\x00\x00\x00\x00\x00\x00\x00\x00\x00\x'
Warning	1292	Truncated incorrect time value: '2147483647\x00\x00\x00\x00\x00\x00\x00\x00\x00\x00\x00\x00\x00\x00\x00\x00\x00\x00\x00\x00\x00\x00\x00\x00\x00\x00\x00\x00\x00\x'
Warning	1292	Truncated incorrect time value: '4294967294\x00\x00\x00\x00\x00\x00\x00\x00\x00\x00\x00\x00\x00\x00\x00\x00\x00\x00\x00\x00\x00\x00\x00\x00\x00\x00\x00\x00\x00\x'
Warning	1292	Truncated incorrect time value: '922337203685477807\x00\x00\x00\x00\x00\x00\x00\x00\x00\x00\x00\x00\x00\x00\x00\x00\x00\x00\x00\x00\x00\x00\x00\x00\x00\x00\x00\x'
Warning	1292	Truncated incorrect time value: 'a1\x00\x00\x00\x00\x00\x00\x00\x00\x00\x00\x00\x00\x00\x00\x00\x00\x00\x00\x00\x00\x00\x00\x00\x00\x00\x00\x00\x00\x00\x00\x00\x'
Warning	1292	Truncated incorrect time value: 'a\x00\x00\x00\x00\x00\x00\x00\x00\x00\x00\x00\x00\x00\x00\x00\x00\x00\x00\x00\x00\x00\x00\x00\x00\x00\x00\x00\x00\x00\x00\x00\x0'
Warning	1292	Truncated incorrect time value: 'b\x00\x00\x00\x00\x00\x00\x00\x00\x00\x00\x00\x00\x00\x00\x00\x00\x00\x00\x00\x00\x00\x00\x00\x00\x00\x00\x00\x00\x00\x00\x00\x0'
Warnings:
DROP TABLE t1;
CREATE TABLE t1(a CHAR(127), b INT, c DATE);
INSERT INTO t1 VALUES ('a',3, '2000-01-01'),('a1',1,'2001-01-01'),('b',11,'2002-01-01'),('1',9,'2008-01-01'),('1.00',5,'2013-01-01'),('1.02',7,'2004-04-01'), ('1.01',6,'2009-11-01'), ('2001-01-01',13,'2019-05-01'), ('2001#01#01',22,'2006-02-01'),('2001.01.01',10,'2007-08-01'),('2019-01-01',21,'2011-09-01'),('2019.01.01',16,'2012-05-01'),('2019#01#01',13,'2016-06-06'),('2147483647',2,'2001-01-02'),('4294967294',-1,'2001-01-03'),('-4294967299',-9,'2001-01-05'),('922337203685477807',-13,'2001-01-11');
SELECT * FROM t1 WHERE a = CAST('1' AS CHAR);
a	b	c
1	9	2008-01-01
SELECT * FROM t1 WHERE a = CAST(1.00 AS CHAR);
a	b	c
1.00	5	2013-01-01
SELECT * FROM t1 WHERE a > CAST(b AS CHAR);
a	b	c
2001-01-01	13	2019-05-01
2001.01.01	10	2007-08-01
2019#01#01	13	2016-06-06
2019.01.01	16	2012-05-01
2147483647	2	2001-01-02
4294967294	-1	2001-01-03
922337203685477807	-13	2001-01-11
a	3	2000-01-01
a1	1	2001-01-01
b	11	2002-01-01
SELECT * FROM t1 WHERE a > CAST(SUBSTRING('1234567abc', 5, 9) AS CHAR);
a	b	c
922337203685477807	-13	2001-01-11
a	3	2000-01-01
a1	1	2001-01-01
b	11	2002-01-01
SELECT * FROM t1 WHERE a = CAST('1.00' AS NCHAR);
a	b	c
1.00	5	2013-01-01
SELECT * FROM t1 WHERE a = CAST(1.01 AS NCHAR);
a	b	c
1.01	6	2009-11-01
SELECT * FROM t1 WHERE a < CAST(b AS NCHAR);
a	b	c
-4294967299	-9	2001-01-05
1	9	2008-01-01
1.00	5	2013-01-01
1.01	6	2009-11-01
1.02	7	2004-04-01
2001#01#01	22	2006-02-01
2019-01-01	21	2011-09-01
SELECT * FROM t1 WHERE a >= CAST(CONCAT('123','abc','456') AS NCHAR);
a	b	c
2001#01#01	22	2006-02-01
2001-01-01	13	2019-05-01
2001.01.01	10	2007-08-01
2019#01#01	13	2016-06-06
2019-01-01	21	2011-09-01
2019.01.01	16	2012-05-01
2147483647	2	2001-01-02
4294967294	-1	2001-01-03
922337203685477807	-13	2001-01-11
a	3	2000-01-01
a1	1	2001-01-01
b	11	2002-01-01
SELECT * FROM t1 WHERE a = CAST('1.01' AS BINARY);
a	b	c
1.01	6	2009-11-01
SELECT * FROM t1 WHERE a = CAST(1 AS BINARY);
a	b	c
1	9	2008-01-01
SELECT * FROM t1 WHERE a < CAST(b AS BINARY);
a	b	c
-4294967299	-9	2001-01-05
1	9	2008-01-01
1.00	5	2013-01-01
1.01	6	2009-11-01
1.02	7	2004-04-01
2001#01#01	22	2006-02-01
2019-01-01	21	2011-09-01
SELECT * FROM t1 WHERE a >= CAST(REPLACE('ab12c4','ab12','234') AS BINARY);
a	b	c
4294967294	-1	2001-01-03
922337203685477807	-13	2001-01-11
a	3	2000-01-01
a1	1	2001-01-01
b	11	2002-01-01
SELECT * FROM t1 WHERE a = CAST('1.0' AS SIGNED);
a	b	c
1	9	2008-01-01
1.00	5	2013-01-01
Warning	1292	Truncated incorrect DOUBLE value: '2001#01#01                                                                                                                     '
Warning	1292	Truncated incorrect DOUBLE value: '2001-01-01                                                                                                                     '
Warning	1292	Truncated incorrect DOUBLE value: '2001.01.01                                                                                                                     '
Warning	1292	Truncated incorrect DOUBLE value: '2019#01#01                                                                                                                     '
Warning	1292	Truncated incorrect DOUBLE value: '2019-01-01                                                                                                                     '
Warning	1292	Truncated incorrect DOUBLE value: '2019.01.01                                                                                                                     '
Warning	1292	Truncated incorrect DOUBLE value: 'a                                                                                                                              '
Warning	1292	Truncated incorrect DOUBLE value: 'a1                                                                                                                             '
Warning	1292	Truncated incorrect DOUBLE value: 'b                                                                                                                              '
Warning	1292	Truncated incorrect INTEGER value: '1.0'
Warnings:
SELECT * FROM t1 WHERE a = CAST(1.000 AS SIGNED);
a	b	c
1	9	2008-01-01
1.00	5	2013-01-01
Warning	1292	Truncated incorrect DOUBLE value: '2001#01#01                                                                                                                     '
Warning	1292	Truncated incorrect DOUBLE value: '2001-01-01                                                                                                                     '
Warning	1292	Truncated incorrect DOUBLE value: '2001.01.01                                                                                                                     '
Warning	1292	Truncated incorrect DOUBLE value: '2019#01#01                                                                                                                     '
Warning	1292	Truncated incorrect DOUBLE value: '2019-01-01                                                                                                                     '
Warning	1292	Truncated incorrect DOUBLE value: '2019.01.01                                                                                                                     '
Warning	1292	Truncated incorrect DOUBLE value: 'a                                                                                                                              '
Warning	1292	Truncated incorrect DOUBLE value: 'a1                                                                                                                             '
Warning	1292	Truncated incorrect DOUBLE value: 'b                                                                                                                              '
Warnings:
SELECT * FROM t1 WHERE a < CAST(2147483647 AS SIGNED);
a	b	c
-4294967299	-9	2001-01-05
1	9	2008-01-01
1.00	5	2013-01-01
1.01	6	2009-11-01
1.02	7	2004-04-01
2001#01#01	22	2006-02-01
2001-01-01	13	2019-05-01
2001.01.01	10	2007-08-01
2019#01#01	13	2016-06-06
2019-01-01	21	2011-09-01
2019.01.01	16	2012-05-01
Warning	1292	Truncated incorrect DOUBLE value: '2001#01#01                                                                                                                     '
Warning	1292	Truncated incorrect DOUBLE value: '2001-01-01                                                                                                                     '
Warning	1292	Truncated incorrect DOUBLE value: '2001.01.01                                                                                                                     '
Warning	1292	Truncated incorrect DOUBLE value: '2019#01#01                                                                                                                     '
Warning	1292	Truncated incorrect DOUBLE value: '2019-01-01                                                                                                                     '
Warning	1292	Truncated incorrect DOUBLE value: '2019.01.01                                                                                                                     '
Warning	1292	Truncated incorrect DOUBLE value: 'a                                                                                                                              '
Warning	1292	Truncated incorrect DOUBLE value: 'a1                                                                                                                             '
Warning	1292	Truncated incorrect DOUBLE value: 'b                                                                                                                              '
Warnings:
a	3	2000-01-01
a1	1	2001-01-01
b	11	2002-01-01
SELECT * FROM t1 WHERE a >= CAST(-2147483649 AS SIGNED);
a	b	c
1	9	2008-01-01
1.00	5	2013-01-01
1.01	6	2009-11-01
1.02	7	2004-04-01
2001#01#01	22	2006-02-01
2001-01-01	13	2019-05-01
2001.01.01	10	2007-08-01
2019#01#01	13	2016-06-06
2019-01-01	21	2011-09-01
2019.01.01	16	2012-05-01
2147483647	2	2001-01-02
4294967294	-1	2001-01-03
922337203685477807	-13	2001-01-11
Warning	1292	Truncated incorrect DOUBLE value: '2001#01#01                                                                                                                     '
Warning	1292	Truncated incorrect DOUBLE value: '2001-01-01                                                                                                                     '
Warning	1292	Truncated incorrect DOUBLE value: '2001.01.01                                                                                                                     '
Warning	1292	Truncated incorrect DOUBLE value: '2019#01#01                                                                                                                     '
Warning	1292	Truncated incorrect DOUBLE value: '2019-01-01                                                                                                                     '
Warning	1292	Truncated incorrect DOUBLE value: '2019.01.01                                                                                                                     '
Warning	1292	Truncated incorrect DOUBLE value: 'a                                                                                                                              '
Warning	1292	Truncated incorrect DOUBLE value: 'a1                                                                                                                             '
Warning	1292	Truncated incorrect DOUBLE value: 'b                                                                                                                              '
Warnings:
a	3	2000-01-01
a1	1	2001-01-01
b	11	2002-01-01
SELECT * FROM t1 WHERE a < CAST(b AS SIGNED);
a	b	c
-4294967299	-9	2001-01-05
1	9	2008-01-01
1.00	5	2013-01-01
1.01	6	2009-11-01
1.02	7	2004-04-01
Warning	1292	Truncated incorrect DOUBLE value: '2001#01#01                                                                                                                     '
Warning	1292	Truncated incorrect DOUBLE value: '2001-01-01                                                                                                                     '
Warning	1292	Truncated incorrect DOUBLE value: '2001.01.01                                                                                                                     '
Warning	1292	Truncated incorrect DOUBLE value: '2019#01#01                                                                                                                     '
Warning	1292	Truncated incorrect DOUBLE value: '2019-01-01                                                                                                                     '
Warning	1292	Truncated incorrect DOUBLE value: '2019.01.01                                                                                                                     '
Warning	1292	Truncated incorrect DOUBLE value: 'a                                                                                                                              '
Warning	1292	Truncated incorrect DOUBLE value: 'a1                                                                                                                             '
Warning	1292	Truncated incorrect DOUBLE value: 'b                                                                                                                              '
Warnings:
a	3	2000-01-01
a1	1	2001-01-01
b	11	2002-01-01
SELECT * FROM t1 WHERE a >= CAST(LENGTH('ab123cd456') AS SIGNED);
a	b	c
2001#01#01	22	2006-02-01
2001-01-01	13	2019-05-01
2001.01.01	10	2007-08-01
2019#01#01	13	2016-06-06
2019-01-01	21	2011-09-01
2019.01.01	16	2012-05-01
2147483647	2	2001-01-02
4294967294	-1	2001-01-03
922337203685477807	-13	2001-01-11
Warning	1292	Truncated incorrect DOUBLE value: '2001#01#01                                                                                                                     '
Warning	1292	Truncated incorrect DOUBLE value: '2001-01-01                                                                                                                     '
Warning	1292	Truncated incorrect DOUBLE value: '2001.01.01                                                                                                                     '
Warning	1292	Truncated incorrect DOUBLE value: '2019#01#01                                                                                                                     '
Warning	1292	Truncated incorrect DOUBLE value: '2019-01-01                                                                                                                     '
Warning	1292	Truncated incorrect DOUBLE value: '2019.01.01                                                                                                                     '
Warning	1292	Truncated incorrect DOUBLE value: 'a                                                                                                                              '
Warning	1292	Truncated incorrect DOUBLE value: 'a1                                                                                                                             '
Warning	1292	Truncated incorrect DOUBLE value: 'b                                                                                                                              '
Warnings:
SELECT * FROM t1 WHERE a = CAST('1' AS UNSIGNED);
a	b	c
1	9	2008-01-01
1.00	5	2013-01-01
Warning	1292	Truncated incorrect DOUBLE value: '2001#01#01                                                                                                                     '
Warning	1292	Truncated incorrect DOUBLE value: '2001-01-01                                                                                                                     '
Warning	1292	Truncated incorrect DOUBLE value: '2001.01.01                                                                                                                     '
Warning	1292	Truncated incorrect DOUBLE value: '2019#01#01                                                                                                                     '
Warning	1292	Truncated incorrect DOUBLE value: '2019-01-01                                                                                                                     '
Warning	1292	Truncated incorrect DOUBLE value: '2019.01.01                                                                                                                     '
Warning	1292	Truncated incorrect DOUBLE value: 'a                                                                                                                              '
Warning	1292	Truncated incorrect DOUBLE value: 'a1                                                                                                                             '
Warning	1292	Truncated incorrect DOUBLE value: 'b                                                                                                                              '
Warnings:
SELECT * FROM t1 WHERE a = CAST(1.01 AS UNSIGNED);
a	b	c
1	9	2008-01-01
1.00	5	2013-01-01
Warning	1292	Truncated incorrect DOUBLE value: '2001#01#01                                                                                                                     '
Warning	1292	Truncated incorrect DOUBLE value: '2001-01-01                                                                                                                     '
Warning	1292	Truncated incorrect DOUBLE value: '2001.01.01                                                                                                                     '
Warning	1292	Truncated incorrect DOUBLE value: '2019#01#01                                                                                                                     '
Warning	1292	Truncated incorrect DOUBLE value: '2019-01-01                                                                                                                     '
Warning	1292	Truncated incorrect DOUBLE value: '2019.01.01                                                                                                                     '
Warning	1292	Truncated incorrect DOUBLE value: 'a                                                                                                                              '
Warning	1292	Truncated incorrect DOUBLE value: 'a1                                                                                                                             '
Warning	1292	Truncated incorrect DOUBLE value: 'b                                                                                                                              '
Warnings:
SELECT * FROM t1 WHERE a < CAST(4294967297 AS UNSIGNED);
a	b	c
-4294967299	-9	2001-01-05
1	9	2008-01-01
1.00	5	2013-01-01
1.01	6	2009-11-01
1.02	7	2004-04-01
2001#01#01	22	2006-02-01
2001-01-01	13	2019-05-01
2001.01.01	10	2007-08-01
2019#01#01	13	2016-06-06
2019-01-01	21	2011-09-01
2019.01.01	16	2012-05-01
2147483647	2	2001-01-02
4294967294	-1	2001-01-03
Warning	1292	Truncated incorrect DOUBLE value: '2001#01#01                                                                                                                     '
Warning	1292	Truncated incorrect DOUBLE value: '2001-01-01                                                                                                                     '
Warning	1292	Truncated incorrect DOUBLE value: '2001.01.01                                                                                                                     '
Warning	1292	Truncated incorrect DOUBLE value: '2019#01#01                                                                                                                     '
Warning	1292	Truncated incorrect DOUBLE value: '2019-01-01                                                                                                                     '
Warning	1292	Truncated incorrect DOUBLE value: '2019.01.01                                                                                                                     '
Warning	1292	Truncated incorrect DOUBLE value: 'a                                                                                                                              '
Warning	1292	Truncated incorrect DOUBLE value: 'a1                                                                                                                             '
Warning	1292	Truncated incorrect DOUBLE value: 'b                                                                                                                              '
Warnings:
a	3	2000-01-01
a1	1	2001-01-01
b	11	2002-01-01
SELECT * FROM t1 WHERE a >= CAST(-4294967299 AS UNSIGNED);
a	b	c
Note	1105	Cast to unsigned converted negative integer to it's positive complement
Warning	1292	Truncated incorrect DOUBLE value: '2001#01#01                                                                                                                     '
Warning	1292	Truncated incorrect DOUBLE value: '2001-01-01                                                                                                                     '
Warning	1292	Truncated incorrect DOUBLE value: '2001.01.01                                                                                                                     '
Warning	1292	Truncated incorrect DOUBLE value: '2019#01#01                                                                                                                     '
Warning	1292	Truncated incorrect DOUBLE value: '2019-01-01                                                                                                                     '
Warning	1292	Truncated incorrect DOUBLE value: '2019.01.01                                                                                                                     '
Warning	1292	Truncated incorrect DOUBLE value: 'a                                                                                                                              '
Warning	1292	Truncated incorrect DOUBLE value: 'a1                                                                                                                             '
Warning	1292	Truncated incorrect DOUBLE value: 'b                                                                                                                              '
Warnings:
SELECT * FROM t1 WHERE a < CAST(b AS UNSIGNED);
a	b	c
-4294967299	-9	2001-01-05
1	9	2008-01-01
1.00	5	2013-01-01
1.01	6	2009-11-01
1.02	7	2004-04-01
4294967294	-1	2001-01-03
922337203685477807	-13	2001-01-11
Note	1105	Cast to unsigned converted negative integer to it's positive complement
Note	1105	Cast to unsigned converted negative integer to it's positive complement
Note	1105	Cast to unsigned converted negative integer to it's positive complement
Warning	1292	Truncated incorrect DOUBLE value: '2001#01#01                                                                                                                     '
Warning	1292	Truncated incorrect DOUBLE value: '2001-01-01                                                                                                                     '
Warning	1292	Truncated incorrect DOUBLE value: '2001.01.01                                                                                                                     '
Warning	1292	Truncated incorrect DOUBLE value: '2019#01#01                                                                                                                     '
Warning	1292	Truncated incorrect DOUBLE value: '2019-01-01                                                                                                                     '
Warning	1292	Truncated incorrect DOUBLE value: '2019.01.01                                                                                                                     '
Warning	1292	Truncated incorrect DOUBLE value: 'a                                                                                                                              '
Warning	1292	Truncated incorrect DOUBLE value: 'a1                                                                                                                             '
Warning	1292	Truncated incorrect DOUBLE value: 'b                                                                                                                              '
Warnings:
a	3	2000-01-01
a1	1	2001-01-01
b	11	2002-01-01
SELECT * FROM t1 WHERE a >= CAST(RPAD('123abc4567',7,'00') AS UNSIGNED);
a	b	c
2001#01#01	22	2006-02-01
2001-01-01	13	2019-05-01
2001.01.01	10	2007-08-01
2019#01#01	13	2016-06-06
2019-01-01	21	2011-09-01
2019.01.01	16	2012-05-01
2147483647	2	2001-01-02
4294967294	-1	2001-01-03
922337203685477807	-13	2001-01-11
Warning	1292	Truncated incorrect DOUBLE value: '2001#01#01                                                                                                                     '
Warning	1292	Truncated incorrect DOUBLE value: '2001-01-01                                                                                                                     '
Warning	1292	Truncated incorrect DOUBLE value: '2001.01.01                                                                                                                     '
Warning	1292	Truncated incorrect DOUBLE value: '2019#01#01                                                                                                                     '
Warning	1292	Truncated incorrect DOUBLE value: '2019-01-01                                                                                                                     '
Warning	1292	Truncated incorrect DOUBLE value: '2019.01.01                                                                                                                     '
Warning	1292	Truncated incorrect DOUBLE value: 'a                                                                                                                              '
Warning	1292	Truncated incorrect DOUBLE value: 'a1                                                                                                                             '
Warning	1292	Truncated incorrect DOUBLE value: 'b                                                                                                                              '
Warning	1292	Truncated incorrect INTEGER value: '123abc4'
Warnings:
SELECT * FROM t1 WHERE a = CAST('1' AS DECIMAL);
a	b	c
1	9	2008-01-01
1.00	5	2013-01-01
Warning	1292	Truncated incorrect DOUBLE value: '2001#01#01                                                                                                                     '
Warning	1292	Truncated incorrect DOUBLE value: '2001-01-01                                                                                                                     '
Warning	1292	Truncated incorrect DOUBLE value: '2001.01.01                                                                                                                     '
Warning	1292	Truncated incorrect DOUBLE value: '2019#01#01                                                                                                                     '
Warning	1292	Truncated incorrect DOUBLE value: '2019-01-01                                                                                                                     '
Warning	1292	Truncated incorrect DOUBLE value: '2019.01.01                                                                                                                     '
Warning	1292	Truncated incorrect DOUBLE value: 'a                                                                                                                              '
Warning	1292	Truncated incorrect DOUBLE value: 'a1                                                                                                                             '
Warning	1292	Truncated incorrect DOUBLE value: 'b                                                                                                                              '
Warnings:
SELECT * FROM t1 WHERE a = CAST(1.02 AS DECIMAL);
a	b	c
1	9	2008-01-01
1.00	5	2013-01-01
Warning	1292	Truncated incorrect DOUBLE value: '2001#01#01                                                                                                                     '
Warning	1292	Truncated incorrect DOUBLE value: '2001-01-01                                                                                                                     '
Warning	1292	Truncated incorrect DOUBLE value: '2001.01.01                                                                                                                     '
Warning	1292	Truncated incorrect DOUBLE value: '2019#01#01                                                                                                                     '
Warning	1292	Truncated incorrect DOUBLE value: '2019-01-01                                                                                                                     '
Warning	1292	Truncated incorrect DOUBLE value: '2019.01.01                                                                                                                     '
Warning	1292	Truncated incorrect DOUBLE value: 'a                                                                                                                              '
Warning	1292	Truncated incorrect DOUBLE value: 'a1                                                                                                                             '
Warning	1292	Truncated incorrect DOUBLE value: 'b                                                                                                                              '
Warnings:
SELECT * FROM t1 WHERE a <= CAST(922337203685477580800 AS DECIMAL);
a	b	c
-4294967299	-9	2001-01-05
1	9	2008-01-01
1.00	5	2013-01-01
1.01	6	2009-11-01
1.02	7	2004-04-01
2001#01#01	22	2006-02-01
2001-01-01	13	2019-05-01
2001.01.01	10	2007-08-01
2019#01#01	13	2016-06-06
2019-01-01	21	2011-09-01
2019.01.01	16	2012-05-01
2147483647	2	2001-01-02
4294967294	-1	2001-01-03
Warning	1264	Out of range value for column '(null)' at row 1
Warning	1292	Truncated incorrect DOUBLE value: '2001#01#01                                                                                                                     '
Warning	1292	Truncated incorrect DOUBLE value: '2001-01-01                                                                                                                     '
Warning	1292	Truncated incorrect DOUBLE value: '2001.01.01                                                                                                                     '
Warning	1292	Truncated incorrect DOUBLE value: '2019#01#01                                                                                                                     '
Warning	1292	Truncated incorrect DOUBLE value: '2019-01-01                                                                                                                     '
Warning	1292	Truncated incorrect DOUBLE value: '2019.01.01                                                                                                                     '
Warning	1292	Truncated incorrect DOUBLE value: 'a                                                                                                                              '
Warning	1292	Truncated incorrect DOUBLE value: 'a1                                                                                                                             '
Warning	1292	Truncated incorrect DOUBLE value: 'b                                                                                                                              '
Warnings:
a	3	2000-01-01
a1	1	2001-01-01
b	11	2002-01-01
SELECT * FROM t1 WHERE a < CAST(b AS DECIMAL);
a	b	c
-4294967299	-9	2001-01-05
1	9	2008-01-01
1.00	5	2013-01-01
1.01	6	2009-11-01
1.02	7	2004-04-01
Warning	1292	Truncated incorrect DOUBLE value: '2001#01#01                                                                                                                     '
Warning	1292	Truncated incorrect DOUBLE value: '2001-01-01                                                                                                                     '
Warning	1292	Truncated incorrect DOUBLE value: '2001.01.01                                                                                                                     '
Warning	1292	Truncated incorrect DOUBLE value: '2019#01#01                                                                                                                     '
Warning	1292	Truncated incorrect DOUBLE value: '2019-01-01                                                                                                                     '
Warning	1292	Truncated incorrect DOUBLE value: '2019.01.01                                                                                                                     '
Warning	1292	Truncated incorrect DOUBLE value: 'a                                                                                                                              '
Warning	1292	Truncated incorrect DOUBLE value: 'a1                                                                                                                             '
Warning	1292	Truncated incorrect DOUBLE value: 'b                                                                                                                              '
Warnings:
a	3	2000-01-01
a1	1	2001-01-01
b	11	2002-01-01
SELECT * FROM t1 WHERE a >= CAST(LPAD('123abc4567',5,'00') AS DECIMAL);
a	b	c
2001#01#01	22	2006-02-01
2001-01-01	13	2019-05-01
2001.01.01	10	2007-08-01
2019#01#01	13	2016-06-06
2019-01-01	21	2011-09-01
2019.01.01	16	2012-05-01
2147483647	2	2001-01-02
4294967294	-1	2001-01-03
922337203685477807	-13	2001-01-11
Warning	1292	Truncated incorrect DECIMAL value: '123ab'
Warning	1292	Truncated incorrect DOUBLE value: '2001#01#01                                                                                                                     '
Warning	1292	Truncated incorrect DOUBLE value: '2001-01-01                                                                                                                     '
Warning	1292	Truncated incorrect DOUBLE value: '2001.01.01                                                                                                                     '
Warning	1292	Truncated incorrect DOUBLE value: '2019#01#01                                                                                                                     '
Warning	1292	Truncated incorrect DOUBLE value: '2019-01-01                                                                                                                     '
Warning	1292	Truncated incorrect DOUBLE value: '2019.01.01                                                                                                                     '
Warning	1292	Truncated incorrect DOUBLE value: 'a                                                                                                                              '
Warning	1292	Truncated incorrect DOUBLE value: 'a1                                                                                                                             '
Warning	1292	Truncated incorrect DOUBLE value: 'b                                                                                                                              '
Warnings:
SELECT * FROM t1 WHERE a = CAST('1' AS DATE);
a	b	c
-4294967299	-9	2001-01-05
1	9	2008-01-01
1.00	5	2013-01-01
1.01	6	2009-11-01
1.02	7	2004-04-01
2147483647	2	2001-01-02
4294967294	-1	2001-01-03
922337203685477807	-13	2001-01-11
Warning	1292	Truncated incorrect datetime value: '-4294967299'
Warning	1292	Truncated incorrect datetime value: '1'
Warning	1292	Truncated incorrect datetime value: '1'
Warning	1292	Truncated incorrect datetime value: '1.00'
Warning	1292	Truncated incorrect datetime value: '1.01'
Warning	1292	Truncated incorrect datetime value: '1.02'
Warning	1292	Truncated incorrect datetime value: '2147483647'
Warning	1292	Truncated incorrect datetime value: '4294967294'
Warning	1292	Truncated incorrect datetime value: '922337203685477807'
Warning	1292	Truncated incorrect datetime value: 'a'
Warning	1292	Truncated incorrect datetime value: 'a1'
Warning	1292	Truncated incorrect datetime value: 'b'
Warnings:
a	3	2000-01-01
a1	1	2001-01-01
b	11	2002-01-01
SELECT * FROM t1 WHERE a >= CAST('2001-01-01' AS DATE);
a	b	c
2001#01#01	22	2006-02-01
2001-01-01	13	2019-05-01
2001.01.01	10	2007-08-01
2019#01#01	13	2016-06-06
2019-01-01	21	2011-09-01
2019.01.01	16	2012-05-01
Warning	1292	Truncated incorrect datetime value: '-4294967299'
Warning	1292	Truncated incorrect datetime value: '1'
Warning	1292	Truncated incorrect datetime value: '1.00'
Warning	1292	Truncated incorrect datetime value: '1.01'
Warning	1292	Truncated incorrect datetime value: '1.02'
Warning	1292	Truncated incorrect datetime value: '2147483647'
Warning	1292	Truncated incorrect datetime value: '4294967294'
Warning	1292	Truncated incorrect datetime value: '922337203685477807'
Warning	1292	Truncated incorrect datetime value: 'a'
Warning	1292	Truncated incorrect datetime value: 'a1'
Warning	1292	Truncated incorrect datetime value: 'b'
Warnings:
SELECT * FROM t1 WHERE a >= CAST('2001#01#01' AS DATE);
a	b	c
2001#01#01	22	2006-02-01
2001-01-01	13	2019-05-01
2001.01.01	10	2007-08-01
2019#01#01	13	2016-06-06
2019-01-01	21	2011-09-01
2019.01.01	16	2012-05-01
Warning	1292	Truncated incorrect datetime value: '-4294967299'
Warning	1292	Truncated incorrect datetime value: '1'
Warning	1292	Truncated incorrect datetime value: '1.00'
Warning	1292	Truncated incorrect datetime value: '1.01'
Warning	1292	Truncated incorrect datetime value: '1.02'
Warning	1292	Truncated incorrect datetime value: '2147483647'
Warning	1292	Truncated incorrect datetime value: '4294967294'
Warning	1292	Truncated incorrect datetime value: '922337203685477807'
Warning	1292	Truncated incorrect datetime value: 'a'
Warning	1292	Truncated incorrect datetime value: 'a1'
Warning	1292	Truncated incorrect datetime value: 'b'
Warnings:
SELECT * FROM t1 WHERE a >= CAST('2001.01.01' AS DATE);
a	b	c
2001#01#01	22	2006-02-01
2001-01-01	13	2019-05-01
2001.01.01	10	2007-08-01
2019#01#01	13	2016-06-06
2019-01-01	21	2011-09-01
2019.01.01	16	2012-05-01
Warning	1292	Truncated incorrect datetime value: '-4294967299'
Warning	1292	Truncated incorrect datetime value: '1'
Warning	1292	Truncated incorrect datetime value: '1.00'
Warning	1292	Truncated incorrect datetime value: '1.01'
Warning	1292	Truncated incorrect datetime value: '1.02'
Warning	1292	Truncated incorrect datetime value: '2147483647'
Warning	1292	Truncated incorrect datetime value: '4294967294'
Warning	1292	Truncated incorrect datetime value: '922337203685477807'
Warning	1292	Truncated incorrect datetime value: 'a'
Warning	1292	Truncated incorrect datetime value: 'a1'
Warning	1292	Truncated incorrect datetime value: 'b'
Warnings:
SELECT * FROM t1 WHERE a > CAST('10000.01.01' AS DATE);
a	b	c
2001#01#01	22	2006-02-01
2001-01-01	13	2019-05-01
2001.01.01	10	2007-08-01
2019#01#01	13	2016-06-06
2019-01-01	21	2011-09-01
2019.01.01	16	2012-05-01
Warning	1292	Truncated incorrect datetime value: '-4294967299'
Warning	1292	Truncated incorrect datetime value: '1'
Warning	1292	Truncated incorrect datetime value: '1.00'
Warning	1292	Truncated incorrect datetime value: '1.01'
Warning	1292	Truncated incorrect datetime value: '1.02'
Warning	1292	Truncated incorrect datetime value: '10000.01.01'
Warning	1292	Truncated incorrect datetime value: '2147483647'
Warning	1292	Truncated incorrect datetime value: '4294967294'
Warning	1292	Truncated incorrect datetime value: '922337203685477807'
Warning	1292	Truncated incorrect datetime value: 'a'
Warning	1292	Truncated incorrect datetime value: 'a1'
Warning	1292	Truncated incorrect datetime value: 'b'
Warnings:
SELECT * FROM t1 WHERE a < CAST(c AS DATE);
a	b	c
-4294967299	-9	2001-01-05
1	9	2008-01-01
1.00	5	2013-01-01
1.01	6	2009-11-01
1.02	7	2004-04-01
2001#01#01	22	2006-02-01
2001-01-01	13	2019-05-01
2001.01.01	10	2007-08-01
2147483647	2	2001-01-02
4294967294	-1	2001-01-03
922337203685477807	-13	2001-01-11
Warning	1292	Truncated incorrect datetime value: '-4294967299'
Warning	1292	Truncated incorrect datetime value: '1'
Warning	1292	Truncated incorrect datetime value: '1.00'
Warning	1292	Truncated incorrect datetime value: '1.01'
Warning	1292	Truncated incorrect datetime value: '1.02'
Warning	1292	Truncated incorrect datetime value: '2147483647'
Warning	1292	Truncated incorrect datetime value: '4294967294'
Warning	1292	Truncated incorrect datetime value: '922337203685477807'
Warning	1292	Truncated incorrect datetime value: 'a'
Warning	1292	Truncated incorrect datetime value: 'a1'
Warning	1292	Truncated incorrect datetime value: 'b'
Warnings:
a	3	2000-01-01
a1	1	2001-01-01
b	11	2002-01-01
SELECT * FROM t1 WHERE a <= CAST(NOW() AS DATE);
a	b	c
-4294967299	-9	2001-01-05
1	9	2008-01-01
1.00	5	2013-01-01
1.01	6	2009-11-01
1.02	7	2004-04-01
2001#01#01	22	2006-02-01
2001-01-01	13	2019-05-01
2001.01.01	10	2007-08-01
2019#01#01	13	2016-06-06
2019-01-01	21	2011-09-01
2019.01.01	16	2012-05-01
2147483647	2	2001-01-02
4294967294	-1	2001-01-03
922337203685477807	-13	2001-01-11
Warning	1292	Truncated incorrect datetime value: '-4294967299'
Warning	1292	Truncated incorrect datetime value: '1'
Warning	1292	Truncated incorrect datetime value: '1.00'
Warning	1292	Truncated incorrect datetime value: '1.01'
Warning	1292	Truncated incorrect datetime value: '1.02'
Warning	1292	Truncated incorrect datetime value: '2147483647'
Warning	1292	Truncated incorrect datetime value: '4294967294'
Warning	1292	Truncated incorrect datetime value: '922337203685477807'
Warning	1292	Truncated incorrect datetime value: 'a'
Warning	1292	Truncated incorrect datetime value: 'a1'
Warning	1292	Truncated incorrect datetime value: 'b'
Warnings:
a	3	2000-01-01
a1	1	2001-01-01
b	11	2002-01-01
SELECT * FROM t1 WHERE a = CAST('1' AS DATETIME);
a	b	c
-4294967299	-9	2001-01-05
1	9	2008-01-01
1.00	5	2013-01-01
1.01	6	2009-11-01
1.02	7	2004-04-01
2147483647	2	2001-01-02
4294967294	-1	2001-01-03
922337203685477807	-13	2001-01-11
Warning	1292	Truncated incorrect datetime value: '-4294967299'
Warning	1292	Truncated incorrect datetime value: '1'
Warning	1292	Truncated incorrect datetime value: '1'
Warning	1292	Truncated incorrect datetime value: '1.00'
Warning	1292	Truncated incorrect datetime value: '1.01'
Warning	1292	Truncated incorrect datetime value: '1.02'
Warning	1292	Truncated incorrect datetime value: '2147483647'
Warning	1292	Truncated incorrect datetime value: '4294967294'
Warning	1292	Truncated incorrect datetime value: '922337203685477807'
Warning	1292	Truncated incorrect datetime value: 'a'
Warning	1292	Truncated incorrect datetime value: 'a1'
Warning	1292	Truncated incorrect datetime value: 'b'
Warnings:
a	3	2000-01-01
a1	1	2001-01-01
b	11	2002-01-01
SELECT * FROM t1 WHERE a >= CAST('2001-01-01 00:00:00' AS DATETIME);
a	b	c
2001#01#01	22	2006-02-01
2001-01-01	13	2019-05-01
2001.01.01	10	2007-08-01
2019#01#01	13	2016-06-06
2019-01-01	21	2011-09-01
2019.01.01	16	2012-05-01
Warning	1292	Truncated incorrect datetime value: '-4294967299'
Warning	1292	Truncated incorrect datetime value: '1'
Warning	1292	Truncated incorrect datetime value: '1.00'
Warning	1292	Truncated incorrect datetime value: '1.01'
Warning	1292	Truncated incorrect datetime value: '1.02'
Warning	1292	Truncated incorrect datetime value: '2147483647'
Warning	1292	Truncated incorrect datetime value: '4294967294'
Warning	1292	Truncated incorrect datetime value: '922337203685477807'
Warning	1292	Truncated incorrect datetime value: 'a'
Warning	1292	Truncated incorrect datetime value: 'a1'
Warning	1292	Truncated incorrect datetime value: 'b'
Warnings:
SELECT * FROM t1 WHERE a >= CAST('2001#01#01 23:59:00' AS DATETIME);
a	b	c
2019#01#01	13	2016-06-06
2019-01-01	21	2011-09-01
2019.01.01	16	2012-05-01
Warning	1292	Truncated incorrect datetime value: '-4294967299'
Warning	1292	Truncated incorrect datetime value: '1'
Warning	1292	Truncated incorrect datetime value: '1.00'
Warning	1292	Truncated incorrect datetime value: '1.01'
Warning	1292	Truncated incorrect datetime value: '1.02'
Warning	1292	Truncated incorrect datetime value: '2147483647'
Warning	1292	Truncated incorrect datetime value: '4294967294'
Warning	1292	Truncated incorrect datetime value: '922337203685477807'
Warning	1292	Truncated incorrect datetime value: 'a'
Warning	1292	Truncated incorrect datetime value: 'a1'
Warning	1292	Truncated incorrect datetime value: 'b'
Warnings:
SELECT * FROM t1 WHERE a >= CAST('2001.01.01 01:00:00' AS DATETIME);
a	b	c
2019#01#01	13	2016-06-06
2019-01-01	21	2011-09-01
2019.01.01	16	2012-05-01
Warning	1292	Truncated incorrect datetime value: '-4294967299'
Warning	1292	Truncated incorrect datetime value: '1'
Warning	1292	Truncated incorrect datetime value: '1.00'
Warning	1292	Truncated incorrect datetime value: '1.01'
Warning	1292	Truncated incorrect datetime value: '1.02'
Warning	1292	Truncated incorrect datetime value: '2147483647'
Warning	1292	Truncated incorrect datetime value: '4294967294'
Warning	1292	Truncated incorrect datetime value: '922337203685477807'
Warning	1292	Truncated incorrect datetime value: 'a'
Warning	1292	Truncated incorrect datetime value: 'a1'
Warning	1292	Truncated incorrect datetime value: 'b'
Warnings:
SELECT * FROM t1 WHERE a > CAST('10000.01.01 03:00:00' AS DATETIME);
a	b	c
2001#01#01	22	2006-02-01
2001-01-01	13	2019-05-01
2001.01.01	10	2007-08-01
2019#01#01	13	2016-06-06
2019-01-01	21	2011-09-01
2019.01.01	16	2012-05-01
Warning	1292	Truncated incorrect datetime value: '-4294967299'
Warning	1292	Truncated incorrect datetime value: '1'
Warning	1292	Truncated incorrect datetime value: '1.00'
Warning	1292	Truncated incorrect datetime value: '1.01'
Warning	1292	Truncated incorrect datetime value: '1.02'
Warning	1292	Truncated incorrect datetime value: '10000.01.01 03:00:00'
Warning	1292	Truncated incorrect datetime value: '2147483647'
Warning	1292	Truncated incorrect datetime value: '4294967294'
Warning	1292	Truncated incorrect datetime value: '922337203685477807'
Warning	1292	Truncated incorrect datetime value: 'a'
Warning	1292	Truncated incorrect datetime value: 'a1'
Warning	1292	Truncated incorrect datetime value: 'b'
Warnings:
SELECT * FROM t1 WHERE a < CAST(c AS DATETIME);
a	b	c
-4294967299	-9	2001-01-05
1	9	2008-01-01
1.00	5	2013-01-01
1.01	6	2009-11-01
1.02	7	2004-04-01
2001#01#01	22	2006-02-01
2001-01-01	13	2019-05-01
2001.01.01	10	2007-08-01
2147483647	2	2001-01-02
4294967294	-1	2001-01-03
922337203685477807	-13	2001-01-11
Warning	1292	Truncated incorrect datetime value: '-4294967299'
Warning	1292	Truncated incorrect datetime value: '1'
Warning	1292	Truncated incorrect datetime value: '1.00'
Warning	1292	Truncated incorrect datetime value: '1.01'
Warning	1292	Truncated incorrect datetime value: '1.02'
Warning	1292	Truncated incorrect datetime value: '2147483647'
Warning	1292	Truncated incorrect datetime value: '4294967294'
Warning	1292	Truncated incorrect datetime value: '922337203685477807'
Warning	1292	Truncated incorrect datetime value: 'a'
Warning	1292	Truncated incorrect datetime value: 'a1'
Warning	1292	Truncated incorrect datetime value: 'b'
Warnings:
a	3	2000-01-01
a1	1	2001-01-01
b	11	2002-01-01
SELECT * FROM t1 WHERE a <= CAST(CURRENT_DATE() AS DATETIME);
a	b	c
-4294967299	-9	2001-01-05
1	9	2008-01-01
1.00	5	2013-01-01
1.01	6	2009-11-01
1.02	7	2004-04-01
2001#01#01	22	2006-02-01
2001-01-01	13	2019-05-01
2001.01.01	10	2007-08-01
2019#01#01	13	2016-06-06
2019-01-01	21	2011-09-01
2019.01.01	16	2012-05-01
2147483647	2	2001-01-02
4294967294	-1	2001-01-03
922337203685477807	-13	2001-01-11
Warning	1292	Truncated incorrect datetime value: '-4294967299'
Warning	1292	Truncated incorrect datetime value: '1'
Warning	1292	Truncated incorrect datetime value: '1.00'
Warning	1292	Truncated incorrect datetime value: '1.01'
Warning	1292	Truncated incorrect datetime value: '1.02'
Warning	1292	Truncated incorrect datetime value: '2147483647'
Warning	1292	Truncated incorrect datetime value: '4294967294'
Warning	1292	Truncated incorrect datetime value: '922337203685477807'
Warning	1292	Truncated incorrect datetime value: 'a'
Warning	1292	Truncated incorrect datetime value: 'a1'
Warning	1292	Truncated incorrect datetime value: 'b'
Warnings:
a	3	2000-01-01
a1	1	2001-01-01
b	11	2002-01-01
SELECT * FROM t1 WHERE a = CAST('1' AS TIME);
a	b	c
1	9	2008-01-01
1.00	5	2013-01-01
Warning	1292	Truncated incorrect time value: '-4294967299'
Warning	1292	Truncated incorrect time value: '2001#01#01'
Warning	1292	Truncated incorrect time value: '2001-01-01'
Warning	1292	Truncated incorrect time value: '2001.01.01'
Warning	1292	Truncated incorrect time value: '2019#01#01'
Warning	1292	Truncated incorrect time value: '2019-01-01'
Warning	1292	Truncated incorrect time value: '2019.01.01'
Warning	1292	Truncated incorrect time value: '2147483647'
Warning	1292	Truncated incorrect time value: '4294967294'
Warning	1292	Truncated incorrect time value: '922337203685477807'
Warning	1292	Truncated incorrect time value: 'a'
Warning	1292	Truncated incorrect time value: 'a1'
Warning	1292	Truncated incorrect time value: 'b'
Warnings:
SELECT * FROM t1 WHERE a >= CAST('2001-01-01 00:00:00' AS TIME);
a	b	c
-4294967299	-9	2001-01-05
1	9	2008-01-01
1.00	5	2013-01-01
1.01	6	2009-11-01
1.02	7	2004-04-01
2001#01#01	22	2006-02-01
2001-01-01	13	2019-05-01
2001.01.01	10	2007-08-01
2019#01#01	13	2016-06-06
2019-01-01	21	2011-09-01
2019.01.01	16	2012-05-01
2147483647	2	2001-01-02
4294967294	-1	2001-01-03
922337203685477807	-13	2001-01-11
Warning	1292	Truncated incorrect time value: '-4294967299'
Warning	1292	Truncated incorrect time value: '2001#01#01'
Warning	1292	Truncated incorrect time value: '2001-01-01'
Warning	1292	Truncated incorrect time value: '2001.01.01'
Warning	1292	Truncated incorrect time value: '2019#01#01'
Warning	1292	Truncated incorrect time value: '2019-01-01'
Warning	1292	Truncated incorrect time value: '2019.01.01'
Warning	1292	Truncated incorrect time value: '2147483647'
Warning	1292	Truncated incorrect time value: '4294967294'
Warning	1292	Truncated incorrect time value: '922337203685477807'
Warning	1292	Truncated incorrect time value: 'a'
Warning	1292	Truncated incorrect time value: 'a1'
Warning	1292	Truncated incorrect time value: 'b'
Warnings:
a	3	2000-01-01
a1	1	2001-01-01
b	11	2002-01-01
SELECT * FROM t1 WHERE a >= CAST('2001#01#01 23:59:00' AS TIME);
a	b	c
2147483647	2	2001-01-02
Warning	1292	Truncated incorrect time value: '-4294967299'
Warning	1292	Truncated incorrect time value: '2001#01#01'
Warning	1292	Truncated incorrect time value: '2001-01-01'
Warning	1292	Truncated incorrect time value: '2001.01.01'
Warning	1292	Truncated incorrect time value: '2019#01#01'
Warning	1292	Truncated incorrect time value: '2019-01-01'
Warning	1292	Truncated incorrect time value: '2019.01.01'
Warning	1292	Truncated incorrect time value: '2147483647'
Warning	1292	Truncated incorrect time value: '4294967294'
Warning	1292	Truncated incorrect time value: '922337203685477807'
Warning	1292	Truncated incorrect time value: 'a'
Warning	1292	Truncated incorrect time value: 'a1'
Warning	1292	Truncated incorrect time value: 'b'
Warnings:
SELECT * FROM t1 WHERE a >= CAST('2001.01.01 01:00:00' AS TIME);
a	b	c
2147483647	2	2001-01-02
Warning	1292	Truncated incorrect time value: '-4294967299'
Warning	1292	Truncated incorrect time value: '2001#01#01'
Warning	1292	Truncated incorrect time value: '2001-01-01'
Warning	1292	Truncated incorrect time value: '2001.01.01'
Warning	1292	Truncated incorrect time value: '2019#01#01'
Warning	1292	Truncated incorrect time value: '2019-01-01'
Warning	1292	Truncated incorrect time value: '2019.01.01'
Warning	1292	Truncated incorrect time value: '2147483647'
Warning	1292	Truncated incorrect time value: '4294967294'
Warning	1292	Truncated incorrect time value: '922337203685477807'
Warning	1292	Truncated incorrect time value: 'a'
Warning	1292	Truncated incorrect time value: 'a1'
Warning	1292	Truncated incorrect time value: 'b'
Warnings:
SELECT * FROM t1 WHERE a > CAST('10000.01.01 03:00:00' AS TIME);
a	b	c
1	9	2008-01-01
1.00	5	2013-01-01
1.01	6	2009-11-01
1.02	7	2004-04-01
2001#01#01	22	2006-02-01
2001-01-01	13	2019-05-01
2001.01.01	10	2007-08-01
2019#01#01	13	2016-06-06
2019-01-01	21	2011-09-01
2019.01.01	16	2012-05-01
2147483647	2	2001-01-02
SELECT * FROM t1 WHERE a > CAST('-839:59:59.0000' AS TIME);
a	b	c
-4294967299	-9	2001-01-05
1	9	2008-01-01
1.00	5	2013-01-01
1.01	6	2009-11-01
1.02	7	2004-04-01
2001#01#01	22	2006-02-01
2001-01-01	13	2019-05-01
2001.01.01	10	2007-08-01
2019#01#01	13	2016-06-06
2019-01-01	21	2011-09-01
2019.01.01	16	2012-05-01
2147483647	2	2001-01-02
4294967294	-1	2001-01-03
922337203685477807	-13	2001-01-11
Warning	1292	Truncated incorrect time value: '-4294967299'
Warning	1292	Truncated incorrect time value: '-839:59:59.0000'
Warning	1292	Truncated incorrect time value: '2001#01#01'
Warning	1292	Truncated incorrect time value: '2001-01-01'
Warning	1292	Truncated incorrect time value: '2001.01.01'
Warning	1292	Truncated incorrect time value: '2019#01#01'
Warning	1292	Truncated incorrect time value: '2019-01-01'
Warning	1292	Truncated incorrect time value: '2019.01.01'
Warning	1292	Truncated incorrect time value: '2147483647'
Warning	1292	Truncated incorrect time value: '4294967294'
Warning	1292	Truncated incorrect time value: '922337203685477807'
Warning	1292	Truncated incorrect time value: 'a'
Warning	1292	Truncated incorrect time value: 'a1'
Warning	1292	Truncated incorrect time value: 'b'
Warnings:
a	3	2000-01-01
a1	1	2001-01-01
b	11	2002-01-01
SELECT * FROM t1 WHERE a < CAST(c AS TIME);
a	b	c
Warning	1292	Truncated incorrect time value: '-4294967299'
Warning	1292	Truncated incorrect time value: '2001#01#01'
Warning	1292	Truncated incorrect time value: '2001-01-01'
Warning	1292	Truncated incorrect time value: '2001.01.01'
Warning	1292	Truncated incorrect time value: '2019#01#01'
Warning	1292	Truncated incorrect time value: '2019-01-01'
Warning	1292	Truncated incorrect time value: '2019.01.01'
Warning	1292	Truncated incorrect time value: '2147483647'
Warning	1292	Truncated incorrect time value: '4294967294'
Warning	1292	Truncated incorrect time value: '922337203685477807'
Warning	1292	Truncated incorrect time value: 'a'
Warning	1292	Truncated incorrect time value: 'a1'
Warning	1292	Truncated incorrect time value: 'b'
Warnings:
ALTER TABLE t1 ADD INDEX aIdx(a);
SELECT * FROM t1 WHERE a = CAST('1' AS CHAR);
a	b	c
1	9	2008-01-01
SELECT * FROM t1 WHERE a = CAST(1.00 AS CHAR);
a	b	c
1.00	5	2013-01-01
SELECT * FROM t1 WHERE a > CAST(b AS CHAR);
a	b	c
2001-01-01	13	2019-05-01
2001.01.01	10	2007-08-01
2019#01#01	13	2016-06-06
2019.01.01	16	2012-05-01
2147483647	2	2001-01-02
4294967294	-1	2001-01-03
922337203685477807	-13	2001-01-11
a	3	2000-01-01
a1	1	2001-01-01
b	11	2002-01-01
SELECT * FROM t1 WHERE a > CAST(SUBSTRING('1234567abc', 5, 9) AS CHAR);
a	b	c
922337203685477807	-13	2001-01-11
a	3	2000-01-01
a1	1	2001-01-01
b	11	2002-01-01
SELECT * FROM t1 WHERE a = CAST('1.00' AS NCHAR);
a	b	c
1.00	5	2013-01-01
SELECT * FROM t1 WHERE a = CAST(1.01 AS NCHAR);
a	b	c
1.01	6	2009-11-01
SELECT * FROM t1 WHERE a < CAST(b AS NCHAR);
a	b	c
-4294967299	-9	2001-01-05
1	9	2008-01-01
1.00	5	2013-01-01
1.01	6	2009-11-01
1.02	7	2004-04-01
2001#01#01	22	2006-02-01
2019-01-01	21	2011-09-01
SELECT * FROM t1 WHERE a >= CAST(CONCAT('123','abc','456') AS NCHAR);
a	b	c
2001#01#01	22	2006-02-01
2001-01-01	13	2019-05-01
2001.01.01	10	2007-08-01
2019#01#01	13	2016-06-06
2019-01-01	21	2011-09-01
2019.01.01	16	2012-05-01
2147483647	2	2001-01-02
4294967294	-1	2001-01-03
922337203685477807	-13	2001-01-11
a	3	2000-01-01
a1	1	2001-01-01
b	11	2002-01-01
SELECT * FROM t1 WHERE a = CAST('1.01' AS BINARY);
a	b	c
1.01	6	2009-11-01
SELECT * FROM t1 WHERE a = CAST(1 AS BINARY);
a	b	c
1	9	2008-01-01
SELECT * FROM t1 WHERE a < CAST(b AS BINARY);
a	b	c
-4294967299	-9	2001-01-05
1	9	2008-01-01
1.00	5	2013-01-01
1.01	6	2009-11-01
1.02	7	2004-04-01
2001#01#01	22	2006-02-01
2019-01-01	21	2011-09-01
SELECT * FROM t1 WHERE a >= CAST(REPLACE('ab12c4','ab12','234') AS BINARY);
a	b	c
4294967294	-1	2001-01-03
922337203685477807	-13	2001-01-11
a	3	2000-01-01
a1	1	2001-01-01
b	11	2002-01-01
SELECT * FROM t1 WHERE a = CAST('1.0' AS SIGNED);
a	b	c
1	9	2008-01-01
1.00	5	2013-01-01
Warning	1292	Truncated incorrect DOUBLE value: '2001#01#01                                                                                                                     '
Warning	1292	Truncated incorrect DOUBLE value: '2001-01-01                                                                                                                     '
Warning	1292	Truncated incorrect DOUBLE value: '2001.01.01                                                                                                                     '
Warning	1292	Truncated incorrect DOUBLE value: '2019#01#01                                                                                                                     '
Warning	1292	Truncated incorrect DOUBLE value: '2019-01-01                                                                                                                     '
Warning	1292	Truncated incorrect DOUBLE value: '2019.01.01                                                                                                                     '
Warning	1292	Truncated incorrect DOUBLE value: 'a                                                                                                                              '
Warning	1292	Truncated incorrect DOUBLE value: 'a1                                                                                                                             '
Warning	1292	Truncated incorrect DOUBLE value: 'b                                                                                                                              '
Warning	1292	Truncated incorrect INTEGER value: '1.0'
Warnings:
SELECT * FROM t1 WHERE a = CAST(1.000 AS SIGNED);
a	b	c
1	9	2008-01-01
1.00	5	2013-01-01
Warning	1292	Truncated incorrect DOUBLE value: '2001#01#01                                                                                                                     '
Warning	1292	Truncated incorrect DOUBLE value: '2001-01-01                                                                                                                     '
Warning	1292	Truncated incorrect DOUBLE value: '2001.01.01                                                                                                                     '
Warning	1292	Truncated incorrect DOUBLE value: '2019#01#01                                                                                                                     '
Warning	1292	Truncated incorrect DOUBLE value: '2019-01-01                                                                                                                     '
Warning	1292	Truncated incorrect DOUBLE value: '2019.01.01                                                                                                                     '
Warning	1292	Truncated incorrect DOUBLE value: 'a                                                                                                                              '
Warning	1292	Truncated incorrect DOUBLE value: 'a1                                                                                                                             '
Warning	1292	Truncated incorrect DOUBLE value: 'b                                                                                                                              '
Warnings:
SELECT * FROM t1 WHERE a < CAST(2147483647 AS SIGNED);
a	b	c
-4294967299	-9	2001-01-05
1	9	2008-01-01
1.00	5	2013-01-01
1.01	6	2009-11-01
1.02	7	2004-04-01
2001#01#01	22	2006-02-01
2001-01-01	13	2019-05-01
2001.01.01	10	2007-08-01
2019#01#01	13	2016-06-06
2019-01-01	21	2011-09-01
2019.01.01	16	2012-05-01
Warning	1292	Truncated incorrect DOUBLE value: '2001#01#01                                                                                                                     '
Warning	1292	Truncated incorrect DOUBLE value: '2001-01-01                                                                                                                     '
Warning	1292	Truncated incorrect DOUBLE value: '2001.01.01                                                                                                                     '
Warning	1292	Truncated incorrect DOUBLE value: '2019#01#01                                                                                                                     '
Warning	1292	Truncated incorrect DOUBLE value: '2019-01-01                                                                                                                     '
Warning	1292	Truncated incorrect DOUBLE value: '2019.01.01                                                                                                                     '
Warning	1292	Truncated incorrect DOUBLE value: 'a                                                                                                                              '
Warning	1292	Truncated incorrect DOUBLE value: 'a1                                                                                                                             '
Warning	1292	Truncated incorrect DOUBLE value: 'b                                                                                                                              '
Warnings:
a	3	2000-01-01
a1	1	2001-01-01
b	11	2002-01-01
SELECT * FROM t1 WHERE a >= CAST(-2147483649 AS SIGNED);
a	b	c
1	9	2008-01-01
1.00	5	2013-01-01
1.01	6	2009-11-01
1.02	7	2004-04-01
2001#01#01	22	2006-02-01
2001-01-01	13	2019-05-01
2001.01.01	10	2007-08-01
2019#01#01	13	2016-06-06
2019-01-01	21	2011-09-01
2019.01.01	16	2012-05-01
2147483647	2	2001-01-02
4294967294	-1	2001-01-03
922337203685477807	-13	2001-01-11
Warning	1292	Truncated incorrect DOUBLE value: '2001#01#01                                                                                                                     '
Warning	1292	Truncated incorrect DOUBLE value: '2001-01-01                                                                                                                     '
Warning	1292	Truncated incorrect DOUBLE value: '2001.01.01                                                                                                                     '
Warning	1292	Truncated incorrect DOUBLE value: '2019#01#01                                                                                                                     '
Warning	1292	Truncated incorrect DOUBLE value: '2019-01-01                                                                                                                     '
Warning	1292	Truncated incorrect DOUBLE value: '2019.01.01                                                                                                                     '
Warning	1292	Truncated incorrect DOUBLE value: 'a                                                                                                                              '
Warning	1292	Truncated incorrect DOUBLE value: 'a1                                                                                                                             '
Warning	1292	Truncated incorrect DOUBLE value: 'b                                                                                                                              '
Warnings:
a	3	2000-01-01
a1	1	2001-01-01
b	11	2002-01-01
SELECT * FROM t1 WHERE a < CAST(b AS SIGNED);
a	b	c
-4294967299	-9	2001-01-05
1	9	2008-01-01
1.00	5	2013-01-01
1.01	6	2009-11-01
1.02	7	2004-04-01
Warning	1292	Truncated incorrect DOUBLE value: '2001#01#01                                                                                                                     '
Warning	1292	Truncated incorrect DOUBLE value: '2001-01-01                                                                                                                     '
Warning	1292	Truncated incorrect DOUBLE value: '2001.01.01                                                                                                                     '
Warning	1292	Truncated incorrect DOUBLE value: '2019#01#01                                                                                                                     '
Warning	1292	Truncated incorrect DOUBLE value: '2019-01-01                                                                                                                     '
Warning	1292	Truncated incorrect DOUBLE value: '2019.01.01                                                                                                                     '
Warning	1292	Truncated incorrect DOUBLE value: 'a                                                                                                                              '
Warning	1292	Truncated incorrect DOUBLE value: 'a1                                                                                                                             '
Warning	1292	Truncated incorrect DOUBLE value: 'b                                                                                                                              '
Warnings:
a	3	2000-01-01
a1	1	2001-01-01
b	11	2002-01-01
SELECT * FROM t1 WHERE a >= CAST(LENGTH('ab123cd456') AS SIGNED);
a	b	c
2001#01#01	22	2006-02-01
2001-01-01	13	2019-05-01
2001.01.01	10	2007-08-01
2019#01#01	13	2016-06-06
2019-01-01	21	2011-09-01
2019.01.01	16	2012-05-01
2147483647	2	2001-01-02
4294967294	-1	2001-01-03
922337203685477807	-13	2001-01-11
Warning	1292	Truncated incorrect DOUBLE value: '2001#01#01                                                                                                                     '
Warning	1292	Truncated incorrect DOUBLE value: '2001-01-01                                                                                                                     '
Warning	1292	Truncated incorrect DOUBLE value: '2001.01.01                                                                                                                     '
Warning	1292	Truncated incorrect DOUBLE value: '2019#01#01                                                                                                                     '
Warning	1292	Truncated incorrect DOUBLE value: '2019-01-01                                                                                                                     '
Warning	1292	Truncated incorrect DOUBLE value: '2019.01.01                                                                                                                     '
Warning	1292	Truncated incorrect DOUBLE value: 'a                                                                                                                              '
Warning	1292	Truncated incorrect DOUBLE value: 'a1                                                                                                                             '
Warning	1292	Truncated incorrect DOUBLE value: 'b                                                                                                                              '
Warnings:
SELECT * FROM t1 WHERE a = CAST('1' AS UNSIGNED);
a	b	c
1	9	2008-01-01
1.00	5	2013-01-01
Warning	1292	Truncated incorrect DOUBLE value: '2001#01#01                                                                                                                     '
Warning	1292	Truncated incorrect DOUBLE value: '2001-01-01                                                                                                                     '
Warning	1292	Truncated incorrect DOUBLE value: '2001.01.01                                                                                                                     '
Warning	1292	Truncated incorrect DOUBLE value: '2019#01#01                                                                                                                     '
Warning	1292	Truncated incorrect DOUBLE value: '2019-01-01                                                                                                                     '
Warning	1292	Truncated incorrect DOUBLE value: '2019.01.01                                                                                                                     '
Warning	1292	Truncated incorrect DOUBLE value: 'a                                                                                                                              '
Warning	1292	Truncated incorrect DOUBLE value: 'a1                                                                                                                             '
Warning	1292	Truncated incorrect DOUBLE value: 'b                                                                                                                              '
Warnings:
SELECT * FROM t1 WHERE a = CAST(1.01 AS UNSIGNED);
a	b	c
1	9	2008-01-01
1.00	5	2013-01-01
Warning	1292	Truncated incorrect DOUBLE value: '2001#01#01                                                                                                                     '
Warning	1292	Truncated incorrect DOUBLE value: '2001-01-01                                                                                                                     '
Warning	1292	Truncated incorrect DOUBLE value: '2001.01.01                                                                                                                     '
Warning	1292	Truncated incorrect DOUBLE value: '2019#01#01                                                                                                                     '
Warning	1292	Truncated incorrect DOUBLE value: '2019-01-01                                                                                                                     '
Warning	1292	Truncated incorrect DOUBLE value: '2019.01.01                                                                                                                     '
Warning	1292	Truncated incorrect DOUBLE value: 'a                                                                                                                              '
Warning	1292	Truncated incorrect DOUBLE value: 'a1                                                                                                                             '
Warning	1292	Truncated incorrect DOUBLE value: 'b                                                                                                                              '
Warnings:
SELECT * FROM t1 WHERE a < CAST(4294967297 AS UNSIGNED);
a	b	c
-4294967299	-9	2001-01-05
1	9	2008-01-01
1.00	5	2013-01-01
1.01	6	2009-11-01
1.02	7	2004-04-01
2001#01#01	22	2006-02-01
2001-01-01	13	2019-05-01
2001.01.01	10	2007-08-01
2019#01#01	13	2016-06-06
2019-01-01	21	2011-09-01
2019.01.01	16	2012-05-01
2147483647	2	2001-01-02
4294967294	-1	2001-01-03
Warning	1292	Truncated incorrect DOUBLE value: '2001#01#01                                                                                                                     '
Warning	1292	Truncated incorrect DOUBLE value: '2001-01-01                                                                                                                     '
Warning	1292	Truncated incorrect DOUBLE value: '2001.01.01                                                                                                                     '
Warning	1292	Truncated incorrect DOUBLE value: '2019#01#01                                                                                                                     '
Warning	1292	Truncated incorrect DOUBLE value: '2019-01-01                                                                                                                     '
Warning	1292	Truncated incorrect DOUBLE value: '2019.01.01                                                                                                                     '
Warning	1292	Truncated incorrect DOUBLE value: 'a                                                                                                                              '
Warning	1292	Truncated incorrect DOUBLE value: 'a1                                                                                                                             '
Warning	1292	Truncated incorrect DOUBLE value: 'b                                                                                                                              '
Warnings:
a	3	2000-01-01
a1	1	2001-01-01
b	11	2002-01-01
SELECT * FROM t1 WHERE a >= CAST(-4294967299 AS UNSIGNED);
a	b	c
Note	1105	Cast to unsigned converted negative integer to it's positive complement
Warning	1292	Truncated incorrect DOUBLE value: '2001#01#01                                                                                                                     '
Warning	1292	Truncated incorrect DOUBLE value: '2001-01-01                                                                                                                     '
Warning	1292	Truncated incorrect DOUBLE value: '2001.01.01                                                                                                                     '
Warning	1292	Truncated incorrect DOUBLE value: '2019#01#01                                                                                                                     '
Warning	1292	Truncated incorrect DOUBLE value: '2019-01-01                                                                                                                     '
Warning	1292	Truncated incorrect DOUBLE value: '2019.01.01                                                                                                                     '
Warning	1292	Truncated incorrect DOUBLE value: 'a                                                                                                                              '
Warning	1292	Truncated incorrect DOUBLE value: 'a1                                                                                                                             '
Warning	1292	Truncated incorrect DOUBLE value: 'b                                                                                                                              '
Warnings:
SELECT * FROM t1 WHERE a < CAST(b AS UNSIGNED);
a	b	c
-4294967299	-9	2001-01-05
1	9	2008-01-01
1.00	5	2013-01-01
1.01	6	2009-11-01
1.02	7	2004-04-01
4294967294	-1	2001-01-03
922337203685477807	-13	2001-01-11
Note	1105	Cast to unsigned converted negative integer to it's positive complement
Note	1105	Cast to unsigned converted negative integer to it's positive complement
Note	1105	Cast to unsigned converted negative integer to it's positive complement
Warning	1292	Truncated incorrect DOUBLE value: '2001#01#01                                                                                                                     '
Warning	1292	Truncated incorrect DOUBLE value: '2001-01-01                                                                                                                     '
Warning	1292	Truncated incorrect DOUBLE value: '2001.01.01                                                                                                                     '
Warning	1292	Truncated incorrect DOUBLE value: '2019#01#01                                                                                                                     '
Warning	1292	Truncated incorrect DOUBLE value: '2019-01-01                                                                                                                     '
Warning	1292	Truncated incorrect DOUBLE value: '2019.01.01                                                                                                                     '
Warning	1292	Truncated incorrect DOUBLE value: 'a                                                                                                                              '
Warning	1292	Truncated incorrect DOUBLE value: 'a1                                                                                                                             '
Warning	1292	Truncated incorrect DOUBLE value: 'b                                                                                                                              '
Warnings:
a	3	2000-01-01
a1	1	2001-01-01
b	11	2002-01-01
SELECT * FROM t1 WHERE a >= CAST(RPAD('123abc4567',7,'00') AS UNSIGNED);
a	b	c
2001#01#01	22	2006-02-01
2001-01-01	13	2019-05-01
2001.01.01	10	2007-08-01
2019#01#01	13	2016-06-06
2019-01-01	21	2011-09-01
2019.01.01	16	2012-05-01
2147483647	2	2001-01-02
4294967294	-1	2001-01-03
922337203685477807	-13	2001-01-11
Warning	1292	Truncated incorrect DOUBLE value: '2001#01#01                                                                                                                     '
Warning	1292	Truncated incorrect DOUBLE value: '2001-01-01                                                                                                                     '
Warning	1292	Truncated incorrect DOUBLE value: '2001.01.01                                                                                                                     '
Warning	1292	Truncated incorrect DOUBLE value: '2019#01#01                                                                                                                     '
Warning	1292	Truncated incorrect DOUBLE value: '2019-01-01                                                                                                                     '
Warning	1292	Truncated incorrect DOUBLE value: '2019.01.01                                                                                                                     '
Warning	1292	Truncated incorrect DOUBLE value: 'a                                                                                                                              '
Warning	1292	Truncated incorrect DOUBLE value: 'a1                                                                                                                             '
Warning	1292	Truncated incorrect DOUBLE value: 'b                                                                                                                              '
Warning	1292	Truncated incorrect INTEGER value: '123abc4'
Warnings:
SELECT * FROM t1 WHERE a = CAST('1' AS DECIMAL);
a	b	c
1	9	2008-01-01
1.00	5	2013-01-01
Warning	1292	Truncated incorrect DOUBLE value: '2001#01#01                                                                                                                     '
Warning	1292	Truncated incorrect DOUBLE value: '2001-01-01                                                                                                                     '
Warning	1292	Truncated incorrect DOUBLE value: '2001.01.01                                                                                                                     '
Warning	1292	Truncated incorrect DOUBLE value: '2019#01#01                                                                                                                     '
Warning	1292	Truncated incorrect DOUBLE value: '2019-01-01                                                                                                                     '
Warning	1292	Truncated incorrect DOUBLE value: '2019.01.01                                                                                                                     '
Warning	1292	Truncated incorrect DOUBLE value: 'a                                                                                                                              '
Warning	1292	Truncated incorrect DOUBLE value: 'a1                                                                                                                             '
Warning	1292	Truncated incorrect DOUBLE value: 'b                                                                                                                              '
Warnings:
SELECT * FROM t1 WHERE a = CAST(1.02 AS DECIMAL);
a	b	c
1	9	2008-01-01
1.00	5	2013-01-01
Warning	1292	Truncated incorrect DOUBLE value: '2001#01#01                                                                                                                     '
Warning	1292	Truncated incorrect DOUBLE value: '2001-01-01                                                                                                                     '
Warning	1292	Truncated incorrect DOUBLE value: '2001.01.01                                                                                                                     '
Warning	1292	Truncated incorrect DOUBLE value: '2019#01#01                                                                                                                     '
Warning	1292	Truncated incorrect DOUBLE value: '2019-01-01                                                                                                                     '
Warning	1292	Truncated incorrect DOUBLE value: '2019.01.01                                                                                                                     '
Warning	1292	Truncated incorrect DOUBLE value: 'a                                                                                                                              '
Warning	1292	Truncated incorrect DOUBLE value: 'a1                                                                                                                             '
Warning	1292	Truncated incorrect DOUBLE value: 'b                                                                                                                              '
Warnings:
SELECT * FROM t1 WHERE a <= CAST(922337203685477580800 AS DECIMAL);
a	b	c
-4294967299	-9	2001-01-05
1	9	2008-01-01
1.00	5	2013-01-01
1.01	6	2009-11-01
1.02	7	2004-04-01
2001#01#01	22	2006-02-01
2001-01-01	13	2019-05-01
2001.01.01	10	2007-08-01
2019#01#01	13	2016-06-06
2019-01-01	21	2011-09-01
2019.01.01	16	2012-05-01
2147483647	2	2001-01-02
4294967294	-1	2001-01-03
Warning	1264	Out of range value for column '(null)' at row 1
Warning	1292	Truncated incorrect DOUBLE value: '2001#01#01                                                                                                                     '
Warning	1292	Truncated incorrect DOUBLE value: '2001-01-01                                                                                                                     '
Warning	1292	Truncated incorrect DOUBLE value: '2001.01.01                                                                                                                     '
Warning	1292	Truncated incorrect DOUBLE value: '2019#01#01                                                                                                                     '
Warning	1292	Truncated incorrect DOUBLE value: '2019-01-01                                                                                                                     '
Warning	1292	Truncated incorrect DOUBLE value: '2019.01.01                                                                                                                     '
Warning	1292	Truncated incorrect DOUBLE value: 'a                                                                                                                              '
Warning	1292	Truncated incorrect DOUBLE value: 'a1                                                                                                                             '
Warning	1292	Truncated incorrect DOUBLE value: 'b                                                                                                                              '
Warnings:
a	3	2000-01-01
a1	1	2001-01-01
b	11	2002-01-01
SELECT * FROM t1 WHERE a < CAST(b AS DECIMAL);
a	b	c
-4294967299	-9	2001-01-05
1	9	2008-01-01
1.00	5	2013-01-01
1.01	6	2009-11-01
1.02	7	2004-04-01
Warning	1292	Truncated incorrect DOUBLE value: '2001#01#01                                                                                                                     '
Warning	1292	Truncated incorrect DOUBLE value: '2001-01-01                                                                                                                     '
Warning	1292	Truncated incorrect DOUBLE value: '2001.01.01                                                                                                                     '
Warning	1292	Truncated incorrect DOUBLE value: '2019#01#01                                                                                                                     '
Warning	1292	Truncated incorrect DOUBLE value: '2019-01-01                                                                                                                     '
Warning	1292	Truncated incorrect DOUBLE value: '2019.01.01                                                                                                                     '
Warning	1292	Truncated incorrect DOUBLE value: 'a                                                                                                                              '
Warning	1292	Truncated incorrect DOUBLE value: 'a1                                                                                                                             '
Warning	1292	Truncated incorrect DOUBLE value: 'b                                                                                                                              '
Warnings:
a	3	2000-01-01
a1	1	2001-01-01
b	11	2002-01-01
SELECT * FROM t1 WHERE a >= CAST(LPAD('123abc4567',5,'00') AS DECIMAL);
a	b	c
2001#01#01	22	2006-02-01
2001-01-01	13	2019-05-01
2001.01.01	10	2007-08-01
2019#01#01	13	2016-06-06
2019-01-01	21	2011-09-01
2019.01.01	16	2012-05-01
2147483647	2	2001-01-02
4294967294	-1	2001-01-03
922337203685477807	-13	2001-01-11
Warning	1292	Truncated incorrect DECIMAL value: '123ab'
Warning	1292	Truncated incorrect DOUBLE value: '2001#01#01                                                                                                                     '
Warning	1292	Truncated incorrect DOUBLE value: '2001-01-01                                                                                                                     '
Warning	1292	Truncated incorrect DOUBLE value: '2001.01.01                                                                                                                     '
Warning	1292	Truncated incorrect DOUBLE value: '2019#01#01                                                                                                                     '
Warning	1292	Truncated incorrect DOUBLE value: '2019-01-01                                                                                                                     '
Warning	1292	Truncated incorrect DOUBLE value: '2019.01.01                                                                                                                     '
Warning	1292	Truncated incorrect DOUBLE value: 'a                                                                                                                              '
Warning	1292	Truncated incorrect DOUBLE value: 'a1                                                                                                                             '
Warning	1292	Truncated incorrect DOUBLE value: 'b                                                                                                                              '
Warnings:
SELECT * FROM t1 WHERE a = CAST('1' AS DATE);
a	b	c
-4294967299	-9	2001-01-05
1	9	2008-01-01
1.00	5	2013-01-01
1.01	6	2009-11-01
1.02	7	2004-04-01
2147483647	2	2001-01-02
4294967294	-1	2001-01-03
922337203685477807	-13	2001-01-11
Warning	1292	Truncated incorrect datetime value: '-4294967299'
Warning	1292	Truncated incorrect datetime value: '1'
Warning	1292	Truncated incorrect datetime value: '1'
Warning	1292	Truncated incorrect datetime value: '1.00'
Warning	1292	Truncated incorrect datetime value: '1.01'
Warning	1292	Truncated incorrect datetime value: '1.02'
Warning	1292	Truncated incorrect datetime value: '2147483647'
Warning	1292	Truncated incorrect datetime value: '4294967294'
Warning	1292	Truncated incorrect datetime value: '922337203685477807'
Warning	1292	Truncated incorrect datetime value: 'a'
Warning	1292	Truncated incorrect datetime value: 'a1'
Warning	1292	Truncated incorrect datetime value: 'b'
Warnings:
a	3	2000-01-01
a1	1	2001-01-01
b	11	2002-01-01
SELECT * FROM t1 WHERE a >= CAST('2001-01-01' AS DATE);
a	b	c
2001#01#01	22	2006-02-01
2001-01-01	13	2019-05-01
2001.01.01	10	2007-08-01
2019#01#01	13	2016-06-06
2019-01-01	21	2011-09-01
2019.01.01	16	2012-05-01
Warning	1292	Truncated incorrect datetime value: '-4294967299'
Warning	1292	Truncated incorrect datetime value: '1'
Warning	1292	Truncated incorrect datetime value: '1.00'
Warning	1292	Truncated incorrect datetime value: '1.01'
Warning	1292	Truncated incorrect datetime value: '1.02'
Warning	1292	Truncated incorrect datetime value: '2147483647'
Warning	1292	Truncated incorrect datetime value: '4294967294'
Warning	1292	Truncated incorrect datetime value: '922337203685477807'
Warning	1292	Truncated incorrect datetime value: 'a'
Warning	1292	Truncated incorrect datetime value: 'a1'
Warning	1292	Truncated incorrect datetime value: 'b'
Warnings:
SELECT * FROM t1 WHERE a >= CAST('2001#01#01' AS DATE);
a	b	c
2001#01#01	22	2006-02-01
2001-01-01	13	2019-05-01
2001.01.01	10	2007-08-01
2019#01#01	13	2016-06-06
2019-01-01	21	2011-09-01
2019.01.01	16	2012-05-01
Warning	1292	Truncated incorrect datetime value: '-4294967299'
Warning	1292	Truncated incorrect datetime value: '1'
Warning	1292	Truncated incorrect datetime value: '1.00'
Warning	1292	Truncated incorrect datetime value: '1.01'
Warning	1292	Truncated incorrect datetime value: '1.02'
Warning	1292	Truncated incorrect datetime value: '2147483647'
Warning	1292	Truncated incorrect datetime value: '4294967294'
Warning	1292	Truncated incorrect datetime value: '922337203685477807'
Warning	1292	Truncated incorrect datetime value: 'a'
Warning	1292	Truncated incorrect datetime value: 'a1'
Warning	1292	Truncated incorrect datetime value: 'b'
Warnings:
SELECT * FROM t1 WHERE a >= CAST('2001.01.01' AS DATE);
a	b	c
2001#01#01	22	2006-02-01
2001-01-01	13	2019-05-01
2001.01.01	10	2007-08-01
2019#01#01	13	2016-06-06
2019-01-01	21	2011-09-01
2019.01.01	16	2012-05-01
Warning	1292	Truncated incorrect datetime value: '-4294967299'
Warning	1292	Truncated incorrect datetime value: '1'
Warning	1292	Truncated incorrect datetime value: '1.00'
Warning	1292	Truncated incorrect datetime value: '1.01'
Warning	1292	Truncated incorrect datetime value: '1.02'
Warning	1292	Truncated incorrect datetime value: '2147483647'
Warning	1292	Truncated incorrect datetime value: '4294967294'
Warning	1292	Truncated incorrect datetime value: '922337203685477807'
Warning	1292	Truncated incorrect datetime value: 'a'
Warning	1292	Truncated incorrect datetime value: 'a1'
Warning	1292	Truncated incorrect datetime value: 'b'
Warnings:
SELECT * FROM t1 WHERE a > CAST('10000.01.01' AS DATE);
a	b	c
2001#01#01	22	2006-02-01
2001-01-01	13	2019-05-01
2001.01.01	10	2007-08-01
2019#01#01	13	2016-06-06
2019-01-01	21	2011-09-01
2019.01.01	16	2012-05-01
Warning	1292	Truncated incorrect datetime value: '-4294967299'
Warning	1292	Truncated incorrect datetime value: '1'
Warning	1292	Truncated incorrect datetime value: '1.00'
Warning	1292	Truncated incorrect datetime value: '1.01'
Warning	1292	Truncated incorrect datetime value: '1.02'
Warning	1292	Truncated incorrect datetime value: '10000.01.01'
Warning	1292	Truncated incorrect datetime value: '2147483647'
Warning	1292	Truncated incorrect datetime value: '4294967294'
Warning	1292	Truncated incorrect datetime value: '922337203685477807'
Warning	1292	Truncated incorrect datetime value: 'a'
Warning	1292	Truncated incorrect datetime value: 'a1'
Warning	1292	Truncated incorrect datetime value: 'b'
Warnings:
SELECT * FROM t1 WHERE a < CAST(c AS DATE);
a	b	c
-4294967299	-9	2001-01-05
1	9	2008-01-01
1.00	5	2013-01-01
1.01	6	2009-11-01
1.02	7	2004-04-01
2001#01#01	22	2006-02-01
2001-01-01	13	2019-05-01
2001.01.01	10	2007-08-01
2147483647	2	2001-01-02
4294967294	-1	2001-01-03
922337203685477807	-13	2001-01-11
Warning	1292	Truncated incorrect datetime value: '-4294967299'
Warning	1292	Truncated incorrect datetime value: '1'
Warning	1292	Truncated incorrect datetime value: '1.00'
Warning	1292	Truncated incorrect datetime value: '1.01'
Warning	1292	Truncated incorrect datetime value: '1.02'
Warning	1292	Truncated incorrect datetime value: '2147483647'
Warning	1292	Truncated incorrect datetime value: '4294967294'
Warning	1292	Truncated incorrect datetime value: '922337203685477807'
Warning	1292	Truncated incorrect datetime value: 'a'
Warning	1292	Truncated incorrect datetime value: 'a1'
Warning	1292	Truncated incorrect datetime value: 'b'
Warnings:
a	3	2000-01-01
a1	1	2001-01-01
b	11	2002-01-01
SELECT * FROM t1 WHERE a <= CAST(NOW() AS DATE);
a	b	c
-4294967299	-9	2001-01-05
1	9	2008-01-01
1.00	5	2013-01-01
1.01	6	2009-11-01
1.02	7	2004-04-01
2001#01#01	22	2006-02-01
2001-01-01	13	2019-05-01
2001.01.01	10	2007-08-01
2019#01#01	13	2016-06-06
2019-01-01	21	2011-09-01
2019.01.01	16	2012-05-01
2147483647	2	2001-01-02
4294967294	-1	2001-01-03
922337203685477807	-13	2001-01-11
Warning	1292	Truncated incorrect datetime value: '-4294967299'
Warning	1292	Truncated incorrect datetime value: '1'
Warning	1292	Truncated incorrect datetime value: '1.00'
Warning	1292	Truncated incorrect datetime value: '1.01'
Warning	1292	Truncated incorrect datetime value: '1.02'
Warning	1292	Truncated incorrect datetime value: '2147483647'
Warning	1292	Truncated incorrect datetime value: '4294967294'
Warning	1292	Truncated incorrect datetime value: '922337203685477807'
Warning	1292	Truncated incorrect datetime value: 'a'
Warning	1292	Truncated incorrect datetime value: 'a1'
Warning	1292	Truncated incorrect datetime value: 'b'
Warnings:
a	3	2000-01-01
a1	1	2001-01-01
b	11	2002-01-01
SELECT * FROM t1 WHERE a = CAST('1' AS DATETIME);
a	b	c
-4294967299	-9	2001-01-05
1	9	2008-01-01
1.00	5	2013-01-01
1.01	6	2009-11-01
1.02	7	2004-04-01
2147483647	2	2001-01-02
4294967294	-1	2001-01-03
922337203685477807	-13	2001-01-11
Warning	1292	Truncated incorrect datetime value: '-4294967299'
Warning	1292	Truncated incorrect datetime value: '1'
Warning	1292	Truncated incorrect datetime value: '1'
Warning	1292	Truncated incorrect datetime value: '1.00'
Warning	1292	Truncated incorrect datetime value: '1.01'
Warning	1292	Truncated incorrect datetime value: '1.02'
Warning	1292	Truncated incorrect datetime value: '2147483647'
Warning	1292	Truncated incorrect datetime value: '4294967294'
Warning	1292	Truncated incorrect datetime value: '922337203685477807'
Warning	1292	Truncated incorrect datetime value: 'a'
Warning	1292	Truncated incorrect datetime value: 'a1'
Warning	1292	Truncated incorrect datetime value: 'b'
Warnings:
a	3	2000-01-01
a1	1	2001-01-01
b	11	2002-01-01
SELECT * FROM t1 WHERE a >= CAST('2001-01-01 00:00:00' AS DATETIME);
a	b	c
2001#01#01	22	2006-02-01
2001-01-01	13	2019-05-01
2001.01.01	10	2007-08-01
2019#01#01	13	2016-06-06
2019-01-01	21	2011-09-01
2019.01.01	16	2012-05-01
Warning	1292	Truncated incorrect datetime value: '-4294967299'
Warning	1292	Truncated incorrect datetime value: '1'
Warning	1292	Truncated incorrect datetime value: '1.00'
Warning	1292	Truncated incorrect datetime value: '1.01'
Warning	1292	Truncated incorrect datetime value: '1.02'
Warning	1292	Truncated incorrect datetime value: '2147483647'
Warning	1292	Truncated incorrect datetime value: '4294967294'
Warning	1292	Truncated incorrect datetime value: '922337203685477807'
Warning	1292	Truncated incorrect datetime value: 'a'
Warning	1292	Truncated incorrect datetime value: 'a1'
Warning	1292	Truncated incorrect datetime value: 'b'
Warnings:
SELECT * FROM t1 WHERE a >= CAST('2001#01#01 23:59:00' AS DATETIME);
a	b	c
2019#01#01	13	2016-06-06
2019-01-01	21	2011-09-01
2019.01.01	16	2012-05-01
Warning	1292	Truncated incorrect datetime value: '-4294967299'
Warning	1292	Truncated incorrect datetime value: '1'
Warning	1292	Truncated incorrect datetime value: '1.00'
Warning	1292	Truncated incorrect datetime value: '1.01'
Warning	1292	Truncated incorrect datetime value: '1.02'
Warning	1292	Truncated incorrect datetime value: '2147483647'
Warning	1292	Truncated incorrect datetime value: '4294967294'
Warning	1292	Truncated incorrect datetime value: '922337203685477807'
Warning	1292	Truncated incorrect datetime value: 'a'
Warning	1292	Truncated incorrect datetime value: 'a1'
Warning	1292	Truncated incorrect datetime value: 'b'
Warnings:
SELECT * FROM t1 WHERE a >= CAST('2001.01.01 01:00:00' AS DATETIME);
a	b	c
2019#01#01	13	2016-06-06
2019-01-01	21	2011-09-01
2019.01.01	16	2012-05-01
Warning	1292	Truncated incorrect datetime value: '-4294967299'
Warning	1292	Truncated incorrect datetime value: '1'
Warning	1292	Truncated incorrect datetime value: '1.00'
Warning	1292	Truncated incorrect datetime value: '1.01'
Warning	1292	Truncated incorrect datetime value: '1.02'
Warning	1292	Truncated incorrect datetime value: '2147483647'
Warning	1292	Truncated incorrect datetime value: '4294967294'
Warning	1292	Truncated incorrect datetime value: '922337203685477807'
Warning	1292	Truncated incorrect datetime value: 'a'
Warning	1292	Truncated incorrect datetime value: 'a1'
Warning	1292	Truncated incorrect datetime value: 'b'
Warnings:
SELECT * FROM t1 WHERE a > CAST('10000.01.01 03:00:00' AS DATETIME);
a	b	c
2001#01#01	22	2006-02-01
2001-01-01	13	2019-05-01
2001.01.01	10	2007-08-01
2019#01#01	13	2016-06-06
2019-01-01	21	2011-09-01
2019.01.01	16	2012-05-01
Warning	1292	Truncated incorrect datetime value: '-4294967299'
Warning	1292	Truncated incorrect datetime value: '1'
Warning	1292	Truncated incorrect datetime value: '1.00'
Warning	1292	Truncated incorrect datetime value: '1.01'
Warning	1292	Truncated incorrect datetime value: '1.02'
Warning	1292	Truncated incorrect datetime value: '10000.01.01 03:00:00'
Warning	1292	Truncated incorrect datetime value: '2147483647'
Warning	1292	Truncated incorrect datetime value: '4294967294'
Warning	1292	Truncated incorrect datetime value: '922337203685477807'
Warning	1292	Truncated incorrect datetime value: 'a'
Warning	1292	Truncated incorrect datetime value: 'a1'
Warning	1292	Truncated incorrect datetime value: 'b'
Warnings:
SELECT * FROM t1 WHERE a < CAST(c AS DATETIME);
a	b	c
-4294967299	-9	2001-01-05
1	9	2008-01-01
1.00	5	2013-01-01
1.01	6	2009-11-01
1.02	7	2004-04-01
2001#01#01	22	2006-02-01
2001-01-01	13	2019-05-01
2001.01.01	10	2007-08-01
2147483647	2	2001-01-02
4294967294	-1	2001-01-03
922337203685477807	-13	2001-01-11
Warning	1292	Truncated incorrect datetime value: '-4294967299'
Warning	1292	Truncated incorrect datetime value: '1'
Warning	1292	Truncated incorrect datetime value: '1.00'
Warning	1292	Truncated incorrect datetime value: '1.01'
Warning	1292	Truncated incorrect datetime value: '1.02'
Warning	1292	Truncated incorrect datetime value: '2147483647'
Warning	1292	Truncated incorrect datetime value: '4294967294'
Warning	1292	Truncated incorrect datetime value: '922337203685477807'
Warning	1292	Truncated incorrect datetime value: 'a'
Warning	1292	Truncated incorrect datetime value: 'a1'
Warning	1292	Truncated incorrect datetime value: 'b'
Warnings:
a	3	2000-01-01
a1	1	2001-01-01
b	11	2002-01-01
SELECT * FROM t1 WHERE a <= CAST(CURRENT_DATE() AS DATETIME);
a	b	c
-4294967299	-9	2001-01-05
1	9	2008-01-01
1.00	5	2013-01-01
1.01	6	2009-11-01
1.02	7	2004-04-01
2001#01#01	22	2006-02-01
2001-01-01	13	2019-05-01
2001.01.01	10	2007-08-01
2019#01#01	13	2016-06-06
2019-01-01	21	2011-09-01
2019.01.01	16	2012-05-01
2147483647	2	2001-01-02
4294967294	-1	2001-01-03
922337203685477807	-13	2001-01-11
Warning	1292	Truncated incorrect datetime value: '-4294967299'
Warning	1292	Truncated incorrect datetime value: '1'
Warning	1292	Truncated incorrect datetime value: '1.00'
Warning	1292	Truncated incorrect datetime value: '1.01'
Warning	1292	Truncated incorrect datetime value: '1.02'
Warning	1292	Truncated incorrect datetime value: '2147483647'
Warning	1292	Truncated incorrect datetime value: '4294967294'
Warning	1292	Truncated incorrect datetime value: '922337203685477807'
Warning	1292	Truncated incorrect datetime value: 'a'
Warning	1292	Truncated incorrect datetime value: 'a1'
Warning	1292	Truncated incorrect datetime value: 'b'
Warnings:
a	3	2000-01-01
a1	1	2001-01-01
b	11	2002-01-01
SELECT * FROM t1 WHERE a = CAST('1' AS TIME);
a	b	c
1	9	2008-01-01
1.00	5	2013-01-01
Warning	1292	Truncated incorrect time value: '-4294967299'
Warning	1292	Truncated incorrect time value: '2001#01#01'
Warning	1292	Truncated incorrect time value: '2001-01-01'
Warning	1292	Truncated incorrect time value: '2001.01.01'
Warning	1292	Truncated incorrect time value: '2019#01#01'
Warning	1292	Truncated incorrect time value: '2019-01-01'
Warning	1292	Truncated incorrect time value: '2019.01.01'
Warning	1292	Truncated incorrect time value: '2147483647'
Warning	1292	Truncated incorrect time value: '4294967294'
Warning	1292	Truncated incorrect time value: '922337203685477807'
Warning	1292	Truncated incorrect time value: 'a'
Warning	1292	Truncated incorrect time value: 'a1'
Warning	1292	Truncated incorrect time value: 'b'
Warnings:
SELECT * FROM t1 WHERE a >= CAST('2001-01-01 00:00:00' AS TIME);
a	b	c
-4294967299	-9	2001-01-05
1	9	2008-01-01
1.00	5	2013-01-01
1.01	6	2009-11-01
1.02	7	2004-04-01
2001#01#01	22	2006-02-01
2001-01-01	13	2019-05-01
2001.01.01	10	2007-08-01
2019#01#01	13	2016-06-06
2019-01-01	21	2011-09-01
2019.01.01	16	2012-05-01
2147483647	2	2001-01-02
4294967294	-1	2001-01-03
922337203685477807	-13	2001-01-11
Warning	1292	Truncated incorrect time value: '-4294967299'
Warning	1292	Truncated incorrect time value: '2001#01#01'
Warning	1292	Truncated incorrect time value: '2001-01-01'
Warning	1292	Truncated incorrect time value: '2001.01.01'
Warning	1292	Truncated incorrect time value: '2019#01#01'
Warning	1292	Truncated incorrect time value: '2019-01-01'
Warning	1292	Truncated incorrect time value: '2019.01.01'
Warning	1292	Truncated incorrect time value: '2147483647'
Warning	1292	Truncated incorrect time value: '4294967294'
Warning	1292	Truncated incorrect time value: '922337203685477807'
Warning	1292	Truncated incorrect time value: 'a'
Warning	1292	Truncated incorrect time value: 'a1'
Warning	1292	Truncated incorrect time value: 'b'
Warnings:
a	3	2000-01-01
a1	1	2001-01-01
b	11	2002-01-01
SELECT * FROM t1 WHERE a >= CAST('2001#01#01 23:59:00' AS TIME);
a	b	c
2147483647	2	2001-01-02
Warning	1292	Truncated incorrect time value: '-4294967299'
Warning	1292	Truncated incorrect time value: '2001#01#01'
Warning	1292	Truncated incorrect time value: '2001-01-01'
Warning	1292	Truncated incorrect time value: '2001.01.01'
Warning	1292	Truncated incorrect time value: '2019#01#01'
Warning	1292	Truncated incorrect time value: '2019-01-01'
Warning	1292	Truncated incorrect time value: '2019.01.01'
Warning	1292	Truncated incorrect time value: '2147483647'
Warning	1292	Truncated incorrect time value: '4294967294'
Warning	1292	Truncated incorrect time value: '922337203685477807'
Warning	1292	Truncated incorrect time value: 'a'
Warning	1292	Truncated incorrect time value: 'a1'
Warning	1292	Truncated incorrect time value: 'b'
Warnings:
SELECT * FROM t1 WHERE a >= CAST('2001.01.01 01:00:00' AS TIME);
a	b	c
2147483647	2	2001-01-02
Warning	1292	Truncated incorrect time value: '-4294967299'
Warning	1292	Truncated incorrect time value: '2001#01#01'
Warning	1292	Truncated incorrect time value: '2001-01-01'
Warning	1292	Truncated incorrect time value: '2001.01.01'
Warning	1292	Truncated incorrect time value: '2019#01#01'
Warning	1292	Truncated incorrect time value: '2019-01-01'
Warning	1292	Truncated incorrect time value: '2019.01.01'
Warning	1292	Truncated incorrect time value: '2147483647'
Warning	1292	Truncated incorrect time value: '4294967294'
Warning	1292	Truncated incorrect time value: '922337203685477807'
Warning	1292	Truncated incorrect time value: 'a'
Warning	1292	Truncated incorrect time value: 'a1'
Warning	1292	Truncated incorrect time value: 'b'
Warnings:
SELECT * FROM t1 WHERE a > CAST('10000.01.01 03:00:00' AS TIME);
a	b	c
1	9	2008-01-01
1.00	5	2013-01-01
1.01	6	2009-11-01
1.02	7	2004-04-01
2001#01#01	22	2006-02-01
2001-01-01	13	2019-05-01
2001.01.01	10	2007-08-01
2019#01#01	13	2016-06-06
2019-01-01	21	2011-09-01
2019.01.01	16	2012-05-01
2147483647	2	2001-01-02
SELECT * FROM t1 WHERE a > CAST('-839:59:59.0000' AS TIME);
a	b	c
-4294967299	-9	2001-01-05
1	9	2008-01-01
1.00	5	2013-01-01
1.01	6	2009-11-01
1.02	7	2004-04-01
2001#01#01	22	2006-02-01
2001-01-01	13	2019-05-01
2001.01.01	10	2007-08-01
2019#01#01	13	2016-06-06
2019-01-01	21	2011-09-01
2019.01.01	16	2012-05-01
2147483647	2	2001-01-02
4294967294	-1	2001-01-03
922337203685477807	-13	2001-01-11
Warning	1292	Truncated incorrect time value: '-4294967299'
Warning	1292	Truncated incorrect time value: '-839:59:59.0000'
Warning	1292	Truncated incorrect time value: '2001#01#01'
Warning	1292	Truncated incorrect time value: '2001-01-01'
Warning	1292	Truncated incorrect time value: '2001.01.01'
Warning	1292	Truncated incorrect time value: '2019#01#01'
Warning	1292	Truncated incorrect time value: '2019-01-01'
Warning	1292	Truncated incorrect time value: '2019.01.01'
Warning	1292	Truncated incorrect time value: '2147483647'
Warning	1292	Truncated incorrect time value: '4294967294'
Warning	1292	Truncated incorrect time value: '922337203685477807'
Warning	1292	Truncated incorrect time value: 'a'
Warning	1292	Truncated incorrect time value: 'a1'
Warning	1292	Truncated incorrect time value: 'b'
Warnings:
a	3	2000-01-01
a1	1	2001-01-01
b	11	2002-01-01
SELECT * FROM t1 WHERE a < CAST(c AS TIME);
a	b	c
Warning	1292	Truncated incorrect time value: '-4294967299'
Warning	1292	Truncated incorrect time value: '2001#01#01'
Warning	1292	Truncated incorrect time value: '2001-01-01'
Warning	1292	Truncated incorrect time value: '2001.01.01'
Warning	1292	Truncated incorrect time value: '2019#01#01'
Warning	1292	Truncated incorrect time value: '2019-01-01'
Warning	1292	Truncated incorrect time value: '2019.01.01'
Warning	1292	Truncated incorrect time value: '2147483647'
Warning	1292	Truncated incorrect time value: '4294967294'
Warning	1292	Truncated incorrect time value: '922337203685477807'
Warning	1292	Truncated incorrect time value: 'a'
Warning	1292	Truncated incorrect time value: 'a1'
Warning	1292	Truncated incorrect time value: 'b'
Warnings:
DROP TABLE t1;
CREATE TABLE t1(a TEXT, b INT, c DATE);
INSERT INTO t1 VALUES ('a',3, '2000-01-01'),('a1',1,'2001-01-01'),('b',11,'2002-01-01'),('1',9,'2008-01-01'),('1.00',5,'2013-01-01'),('1.02',7,'2004-04-01'), ('1.01',6,'2009-11-01'), ('2001-01-01',13,'2019-05-01'), ('2001#01#01',22,'2006-02-01'),('2001.01.01',10,'2007-08-01'),('2019-01-01',21,'2011-09-01'),('2019.01.01',16,'2012-05-01'),('2019#01#01',13,'2016-06-06'),('2147483647',2,'2001-01-02'),('4294967294',-1,'2001-01-03'),('-4294967299',-9,'2001-01-05'),('922337203685477807',-13,'2001-01-11');
SELECT * FROM t1 WHERE a = CAST('1' AS CHAR);
a	b	c
1	9	2008-01-01
SELECT * FROM t1 WHERE a = CAST(1.00 AS CHAR);
a	b	c
1.00	5	2013-01-01
SELECT * FROM t1 WHERE a > CAST(b AS CHAR);
a	b	c
2001-01-01	13	2019-05-01
2001.01.01	10	2007-08-01
2019#01#01	13	2016-06-06
2019.01.01	16	2012-05-01
2147483647	2	2001-01-02
4294967294	-1	2001-01-03
922337203685477807	-13	2001-01-11
a	3	2000-01-01
a1	1	2001-01-01
b	11	2002-01-01
SELECT * FROM t1 WHERE a > CAST(SUBSTRING('1234567abc', 5, 9) AS CHAR);
a	b	c
922337203685477807	-13	2001-01-11
a	3	2000-01-01
a1	1	2001-01-01
b	11	2002-01-01
SELECT * FROM t1 WHERE a = CAST('1.00' AS NCHAR);
a	b	c
1.00	5	2013-01-01
SELECT * FROM t1 WHERE a = CAST(1.01 AS NCHAR);
a	b	c
1.01	6	2009-11-01
SELECT * FROM t1 WHERE a < CAST(b AS NCHAR);
a	b	c
-4294967299	-9	2001-01-05
1	9	2008-01-01
1.00	5	2013-01-01
1.01	6	2009-11-01
1.02	7	2004-04-01
2001#01#01	22	2006-02-01
2019-01-01	21	2011-09-01
SELECT * FROM t1 WHERE a >= CAST(CONCAT('123','abc','456') AS NCHAR);
a	b	c
2001#01#01	22	2006-02-01
2001-01-01	13	2019-05-01
2001.01.01	10	2007-08-01
2019#01#01	13	2016-06-06
2019-01-01	21	2011-09-01
2019.01.01	16	2012-05-01
2147483647	2	2001-01-02
4294967294	-1	2001-01-03
922337203685477807	-13	2001-01-11
a	3	2000-01-01
a1	1	2001-01-01
b	11	2002-01-01
SELECT * FROM t1 WHERE a = CAST('1.01' AS BINARY);
a	b	c
1.01	6	2009-11-01
SELECT * FROM t1 WHERE a = CAST(1 AS BINARY);
a	b	c
1	9	2008-01-01
SELECT * FROM t1 WHERE a < CAST(b AS BINARY);
a	b	c
-4294967299	-9	2001-01-05
1	9	2008-01-01
1.00	5	2013-01-01
1.01	6	2009-11-01
1.02	7	2004-04-01
2001#01#01	22	2006-02-01
2019-01-01	21	2011-09-01
SELECT * FROM t1 WHERE a >= CAST(REPLACE('ab12c4','ab12','234') AS BINARY);
a	b	c
4294967294	-1	2001-01-03
922337203685477807	-13	2001-01-11
a	3	2000-01-01
a1	1	2001-01-01
b	11	2002-01-01
SELECT * FROM t1 WHERE a = CAST('1.0' AS SIGNED);
a	b	c
1	9	2008-01-01
1.00	5	2013-01-01
Warning	1292	Truncated incorrect DOUBLE value: '2001#01#01'
Warning	1292	Truncated incorrect DOUBLE value: '2001-01-01'
Warning	1292	Truncated incorrect DOUBLE value: '2001.01.01'
Warning	1292	Truncated incorrect DOUBLE value: '2019#01#01'
Warning	1292	Truncated incorrect DOUBLE value: '2019-01-01'
Warning	1292	Truncated incorrect DOUBLE value: '2019.01.01'
Warning	1292	Truncated incorrect DOUBLE value: 'a'
Warning	1292	Truncated incorrect DOUBLE value: 'a1'
Warning	1292	Truncated incorrect DOUBLE value: 'b'
Warning	1292	Truncated incorrect INTEGER value: '1.0'
Warnings:
SELECT * FROM t1 WHERE a = CAST(1.000 AS SIGNED);
a	b	c
1	9	2008-01-01
1.00	5	2013-01-01
Warning	1292	Truncated incorrect DOUBLE value: '2001#01#01'
Warning	1292	Truncated incorrect DOUBLE value: '2001-01-01'
Warning	1292	Truncated incorrect DOUBLE value: '2001.01.01'
Warning	1292	Truncated incorrect DOUBLE value: '2019#01#01'
Warning	1292	Truncated incorrect DOUBLE value: '2019-01-01'
Warning	1292	Truncated incorrect DOUBLE value: '2019.01.01'
Warning	1292	Truncated incorrect DOUBLE value: 'a'
Warning	1292	Truncated incorrect DOUBLE value: 'a1'
Warning	1292	Truncated incorrect DOUBLE value: 'b'
Warnings:
SELECT * FROM t1 WHERE a < CAST(2147483647 AS SIGNED);
a	b	c
-4294967299	-9	2001-01-05
1	9	2008-01-01
1.00	5	2013-01-01
1.01	6	2009-11-01
1.02	7	2004-04-01
2001#01#01	22	2006-02-01
2001-01-01	13	2019-05-01
2001.01.01	10	2007-08-01
2019#01#01	13	2016-06-06
2019-01-01	21	2011-09-01
2019.01.01	16	2012-05-01
Warning	1292	Truncated incorrect DOUBLE value: '2001#01#01'
Warning	1292	Truncated incorrect DOUBLE value: '2001-01-01'
Warning	1292	Truncated incorrect DOUBLE value: '2001.01.01'
Warning	1292	Truncated incorrect DOUBLE value: '2019#01#01'
Warning	1292	Truncated incorrect DOUBLE value: '2019-01-01'
Warning	1292	Truncated incorrect DOUBLE value: '2019.01.01'
Warning	1292	Truncated incorrect DOUBLE value: 'a'
Warning	1292	Truncated incorrect DOUBLE value: 'a1'
Warning	1292	Truncated incorrect DOUBLE value: 'b'
Warnings:
a	3	2000-01-01
a1	1	2001-01-01
b	11	2002-01-01
SELECT * FROM t1 WHERE a >= CAST(-2147483649 AS SIGNED);
a	b	c
1	9	2008-01-01
1.00	5	2013-01-01
1.01	6	2009-11-01
1.02	7	2004-04-01
2001#01#01	22	2006-02-01
2001-01-01	13	2019-05-01
2001.01.01	10	2007-08-01
2019#01#01	13	2016-06-06
2019-01-01	21	2011-09-01
2019.01.01	16	2012-05-01
2147483647	2	2001-01-02
4294967294	-1	2001-01-03
922337203685477807	-13	2001-01-11
Warning	1292	Truncated incorrect DOUBLE value: '2001#01#01'
Warning	1292	Truncated incorrect DOUBLE value: '2001-01-01'
Warning	1292	Truncated incorrect DOUBLE value: '2001.01.01'
Warning	1292	Truncated incorrect DOUBLE value: '2019#01#01'
Warning	1292	Truncated incorrect DOUBLE value: '2019-01-01'
Warning	1292	Truncated incorrect DOUBLE value: '2019.01.01'
Warning	1292	Truncated incorrect DOUBLE value: 'a'
Warning	1292	Truncated incorrect DOUBLE value: 'a1'
Warning	1292	Truncated incorrect DOUBLE value: 'b'
Warnings:
a	3	2000-01-01
a1	1	2001-01-01
b	11	2002-01-01
SELECT * FROM t1 WHERE a < CAST(b AS SIGNED);
a	b	c
-4294967299	-9	2001-01-05
1	9	2008-01-01
1.00	5	2013-01-01
1.01	6	2009-11-01
1.02	7	2004-04-01
Warning	1292	Truncated incorrect DOUBLE value: '2001#01#01'
Warning	1292	Truncated incorrect DOUBLE value: '2001-01-01'
Warning	1292	Truncated incorrect DOUBLE value: '2001.01.01'
Warning	1292	Truncated incorrect DOUBLE value: '2019#01#01'
Warning	1292	Truncated incorrect DOUBLE value: '2019-01-01'
Warning	1292	Truncated incorrect DOUBLE value: '2019.01.01'
Warning	1292	Truncated incorrect DOUBLE value: 'a'
Warning	1292	Truncated incorrect DOUBLE value: 'a1'
Warning	1292	Truncated incorrect DOUBLE value: 'b'
Warnings:
a	3	2000-01-01
a1	1	2001-01-01
b	11	2002-01-01
SELECT * FROM t1 WHERE a >= CAST(LENGTH('ab123cd456') AS SIGNED);
a	b	c
2001#01#01	22	2006-02-01
2001-01-01	13	2019-05-01
2001.01.01	10	2007-08-01
2019#01#01	13	2016-06-06
2019-01-01	21	2011-09-01
2019.01.01	16	2012-05-01
2147483647	2	2001-01-02
4294967294	-1	2001-01-03
922337203685477807	-13	2001-01-11
Warning	1292	Truncated incorrect DOUBLE value: '2001#01#01'
Warning	1292	Truncated incorrect DOUBLE value: '2001-01-01'
Warning	1292	Truncated incorrect DOUBLE value: '2001.01.01'
Warning	1292	Truncated incorrect DOUBLE value: '2019#01#01'
Warning	1292	Truncated incorrect DOUBLE value: '2019-01-01'
Warning	1292	Truncated incorrect DOUBLE value: '2019.01.01'
Warning	1292	Truncated incorrect DOUBLE value: 'a'
Warning	1292	Truncated incorrect DOUBLE value: 'a1'
Warning	1292	Truncated incorrect DOUBLE value: 'b'
Warnings:
SELECT * FROM t1 WHERE a = CAST('1' AS UNSIGNED);
a	b	c
1	9	2008-01-01
1.00	5	2013-01-01
Warning	1292	Truncated incorrect DOUBLE value: '2001#01#01'
Warning	1292	Truncated incorrect DOUBLE value: '2001-01-01'
Warning	1292	Truncated incorrect DOUBLE value: '2001.01.01'
Warning	1292	Truncated incorrect DOUBLE value: '2019#01#01'
Warning	1292	Truncated incorrect DOUBLE value: '2019-01-01'
Warning	1292	Truncated incorrect DOUBLE value: '2019.01.01'
Warning	1292	Truncated incorrect DOUBLE value: 'a'
Warning	1292	Truncated incorrect DOUBLE value: 'a1'
Warning	1292	Truncated incorrect DOUBLE value: 'b'
Warnings:
SELECT * FROM t1 WHERE a = CAST(1.01 AS UNSIGNED);
a	b	c
1	9	2008-01-01
1.00	5	2013-01-01
Warning	1292	Truncated incorrect DOUBLE value: '2001#01#01'
Warning	1292	Truncated incorrect DOUBLE value: '2001-01-01'
Warning	1292	Truncated incorrect DOUBLE value: '2001.01.01'
Warning	1292	Truncated incorrect DOUBLE value: '2019#01#01'
Warning	1292	Truncated incorrect DOUBLE value: '2019-01-01'
Warning	1292	Truncated incorrect DOUBLE value: '2019.01.01'
Warning	1292	Truncated incorrect DOUBLE value: 'a'
Warning	1292	Truncated incorrect DOUBLE value: 'a1'
Warning	1292	Truncated incorrect DOUBLE value: 'b'
Warnings:
SELECT * FROM t1 WHERE a < CAST(4294967297 AS UNSIGNED);
a	b	c
-4294967299	-9	2001-01-05
1	9	2008-01-01
1.00	5	2013-01-01
1.01	6	2009-11-01
1.02	7	2004-04-01
2001#01#01	22	2006-02-01
2001-01-01	13	2019-05-01
2001.01.01	10	2007-08-01
2019#01#01	13	2016-06-06
2019-01-01	21	2011-09-01
2019.01.01	16	2012-05-01
2147483647	2	2001-01-02
4294967294	-1	2001-01-03
Warning	1292	Truncated incorrect DOUBLE value: '2001#01#01'
Warning	1292	Truncated incorrect DOUBLE value: '2001-01-01'
Warning	1292	Truncated incorrect DOUBLE value: '2001.01.01'
Warning	1292	Truncated incorrect DOUBLE value: '2019#01#01'
Warning	1292	Truncated incorrect DOUBLE value: '2019-01-01'
Warning	1292	Truncated incorrect DOUBLE value: '2019.01.01'
Warning	1292	Truncated incorrect DOUBLE value: 'a'
Warning	1292	Truncated incorrect DOUBLE value: 'a1'
Warning	1292	Truncated incorrect DOUBLE value: 'b'
Warnings:
a	3	2000-01-01
a1	1	2001-01-01
b	11	2002-01-01
SELECT * FROM t1 WHERE a >= CAST(-4294967299 AS UNSIGNED);
a	b	c
Note	1105	Cast to unsigned converted negative integer to it's positive complement
Warning	1292	Truncated incorrect DOUBLE value: '2001#01#01'
Warning	1292	Truncated incorrect DOUBLE value: '2001-01-01'
Warning	1292	Truncated incorrect DOUBLE value: '2001.01.01'
Warning	1292	Truncated incorrect DOUBLE value: '2019#01#01'
Warning	1292	Truncated incorrect DOUBLE value: '2019-01-01'
Warning	1292	Truncated incorrect DOUBLE value: '2019.01.01'
Warning	1292	Truncated incorrect DOUBLE value: 'a'
Warning	1292	Truncated incorrect DOUBLE value: 'a1'
Warning	1292	Truncated incorrect DOUBLE value: 'b'
Warnings:
SELECT * FROM t1 WHERE a < CAST(b AS UNSIGNED);
a	b	c
-4294967299	-9	2001-01-05
1	9	2008-01-01
1.00	5	2013-01-01
1.01	6	2009-11-01
1.02	7	2004-04-01
4294967294	-1	2001-01-03
922337203685477807	-13	2001-01-11
Note	1105	Cast to unsigned converted negative integer to it's positive complement
Note	1105	Cast to unsigned converted negative integer to it's positive complement
Note	1105	Cast to unsigned converted negative integer to it's positive complement
Warning	1292	Truncated incorrect DOUBLE value: '2001#01#01'
Warning	1292	Truncated incorrect DOUBLE value: '2001-01-01'
Warning	1292	Truncated incorrect DOUBLE value: '2001.01.01'
Warning	1292	Truncated incorrect DOUBLE value: '2019#01#01'
Warning	1292	Truncated incorrect DOUBLE value: '2019-01-01'
Warning	1292	Truncated incorrect DOUBLE value: '2019.01.01'
Warning	1292	Truncated incorrect DOUBLE value: 'a'
Warning	1292	Truncated incorrect DOUBLE value: 'a1'
Warning	1292	Truncated incorrect DOUBLE value: 'b'
Warnings:
a	3	2000-01-01
a1	1	2001-01-01
b	11	2002-01-01
SELECT * FROM t1 WHERE a >= CAST(RPAD('123abc4567',7,'00') AS UNSIGNED);
a	b	c
2001#01#01	22	2006-02-01
2001-01-01	13	2019-05-01
2001.01.01	10	2007-08-01
2019#01#01	13	2016-06-06
2019-01-01	21	2011-09-01
2019.01.01	16	2012-05-01
2147483647	2	2001-01-02
4294967294	-1	2001-01-03
922337203685477807	-13	2001-01-11
Warning	1292	Truncated incorrect DOUBLE value: '2001#01#01'
Warning	1292	Truncated incorrect DOUBLE value: '2001-01-01'
Warning	1292	Truncated incorrect DOUBLE value: '2001.01.01'
Warning	1292	Truncated incorrect DOUBLE value: '2019#01#01'
Warning	1292	Truncated incorrect DOUBLE value: '2019-01-01'
Warning	1292	Truncated incorrect DOUBLE value: '2019.01.01'
Warning	1292	Truncated incorrect DOUBLE value: 'a'
Warning	1292	Truncated incorrect DOUBLE value: 'a1'
Warning	1292	Truncated incorrect DOUBLE value: 'b'
Warning	1292	Truncated incorrect INTEGER value: '123abc4'
Warnings:
SELECT * FROM t1 WHERE a = CAST('1' AS DECIMAL);
a	b	c
1	9	2008-01-01
1.00	5	2013-01-01
Warning	1292	Truncated incorrect DOUBLE value: '2001#01#01'
Warning	1292	Truncated incorrect DOUBLE value: '2001-01-01'
Warning	1292	Truncated incorrect DOUBLE value: '2001.01.01'
Warning	1292	Truncated incorrect DOUBLE value: '2019#01#01'
Warning	1292	Truncated incorrect DOUBLE value: '2019-01-01'
Warning	1292	Truncated incorrect DOUBLE value: '2019.01.01'
Warning	1292	Truncated incorrect DOUBLE value: 'a'
Warning	1292	Truncated incorrect DOUBLE value: 'a1'
Warning	1292	Truncated incorrect DOUBLE value: 'b'
Warnings:
SELECT * FROM t1 WHERE a = CAST(1.02 AS DECIMAL);
a	b	c
1	9	2008-01-01
1.00	5	2013-01-01
Warning	1292	Truncated incorrect DOUBLE value: '2001#01#01'
Warning	1292	Truncated incorrect DOUBLE value: '2001-01-01'
Warning	1292	Truncated incorrect DOUBLE value: '2001.01.01'
Warning	1292	Truncated incorrect DOUBLE value: '2019#01#01'
Warning	1292	Truncated incorrect DOUBLE value: '2019-01-01'
Warning	1292	Truncated incorrect DOUBLE value: '2019.01.01'
Warning	1292	Truncated incorrect DOUBLE value: 'a'
Warning	1292	Truncated incorrect DOUBLE value: 'a1'
Warning	1292	Truncated incorrect DOUBLE value: 'b'
Warnings:
SELECT * FROM t1 WHERE a <= CAST(922337203685477580800 AS DECIMAL);
a	b	c
-4294967299	-9	2001-01-05
1	9	2008-01-01
1.00	5	2013-01-01
1.01	6	2009-11-01
1.02	7	2004-04-01
2001#01#01	22	2006-02-01
2001-01-01	13	2019-05-01
2001.01.01	10	2007-08-01
2019#01#01	13	2016-06-06
2019-01-01	21	2011-09-01
2019.01.01	16	2012-05-01
2147483647	2	2001-01-02
4294967294	-1	2001-01-03
Warning	1264	Out of range value for column '(null)' at row 1
Warning	1292	Truncated incorrect DOUBLE value: '2001#01#01'
Warning	1292	Truncated incorrect DOUBLE value: '2001-01-01'
Warning	1292	Truncated incorrect DOUBLE value: '2001.01.01'
Warning	1292	Truncated incorrect DOUBLE value: '2019#01#01'
Warning	1292	Truncated incorrect DOUBLE value: '2019-01-01'
Warning	1292	Truncated incorrect DOUBLE value: '2019.01.01'
Warning	1292	Truncated incorrect DOUBLE value: 'a'
Warning	1292	Truncated incorrect DOUBLE value: 'a1'
Warning	1292	Truncated incorrect DOUBLE value: 'b'
Warnings:
a	3	2000-01-01
a1	1	2001-01-01
b	11	2002-01-01
SELECT * FROM t1 WHERE a < CAST(b AS DECIMAL);
a	b	c
-4294967299	-9	2001-01-05
1	9	2008-01-01
1.00	5	2013-01-01
1.01	6	2009-11-01
1.02	7	2004-04-01
Warning	1292	Truncated incorrect DOUBLE value: '2001#01#01'
Warning	1292	Truncated incorrect DOUBLE value: '2001-01-01'
Warning	1292	Truncated incorrect DOUBLE value: '2001.01.01'
Warning	1292	Truncated incorrect DOUBLE value: '2019#01#01'
Warning	1292	Truncated incorrect DOUBLE value: '2019-01-01'
Warning	1292	Truncated incorrect DOUBLE value: '2019.01.01'
Warning	1292	Truncated incorrect DOUBLE value: 'a'
Warning	1292	Truncated incorrect DOUBLE value: 'a1'
Warning	1292	Truncated incorrect DOUBLE value: 'b'
Warnings:
a	3	2000-01-01
a1	1	2001-01-01
b	11	2002-01-01
SELECT * FROM t1 WHERE a >= CAST(LPAD('123abc4567',5,'00') AS DECIMAL);
a	b	c
2001#01#01	22	2006-02-01
2001-01-01	13	2019-05-01
2001.01.01	10	2007-08-01
2019#01#01	13	2016-06-06
2019-01-01	21	2011-09-01
2019.01.01	16	2012-05-01
2147483647	2	2001-01-02
4294967294	-1	2001-01-03
922337203685477807	-13	2001-01-11
Warning	1292	Truncated incorrect DECIMAL value: '123ab'
Warning	1292	Truncated incorrect DOUBLE value: '2001#01#01'
Warning	1292	Truncated incorrect DOUBLE value: '2001-01-01'
Warning	1292	Truncated incorrect DOUBLE value: '2001.01.01'
Warning	1292	Truncated incorrect DOUBLE value: '2019#01#01'
Warning	1292	Truncated incorrect DOUBLE value: '2019-01-01'
Warning	1292	Truncated incorrect DOUBLE value: '2019.01.01'
Warning	1292	Truncated incorrect DOUBLE value: 'a'
Warning	1292	Truncated incorrect DOUBLE value: 'a1'
Warning	1292	Truncated incorrect DOUBLE value: 'b'
Warnings:
SELECT * FROM t1 WHERE a = CAST('1' AS DATE);
a	b	c
-4294967299	-9	2001-01-05
1	9	2008-01-01
1.00	5	2013-01-01
1.01	6	2009-11-01
1.02	7	2004-04-01
2147483647	2	2001-01-02
4294967294	-1	2001-01-03
922337203685477807	-13	2001-01-11
Warning	1292	Truncated incorrect datetime value: '-4294967299'
Warning	1292	Truncated incorrect datetime value: '1'
Warning	1292	Truncated incorrect datetime value: '1'
Warning	1292	Truncated incorrect datetime value: '1.00'
Warning	1292	Truncated incorrect datetime value: '1.01'
Warning	1292	Truncated incorrect datetime value: '1.02'
Warning	1292	Truncated incorrect datetime value: '2147483647'
Warning	1292	Truncated incorrect datetime value: '4294967294'
Warning	1292	Truncated incorrect datetime value: '922337203685477807'
Warning	1292	Truncated incorrect datetime value: 'a'
Warning	1292	Truncated incorrect datetime value: 'a1'
Warning	1292	Truncated incorrect datetime value: 'b'
Warnings:
a	3	2000-01-01
a1	1	2001-01-01
b	11	2002-01-01
SELECT * FROM t1 WHERE a >= CAST('2001-01-01' AS DATE);
a	b	c
2001#01#01	22	2006-02-01
2001-01-01	13	2019-05-01
2001.01.01	10	2007-08-01
2019#01#01	13	2016-06-06
2019-01-01	21	2011-09-01
2019.01.01	16	2012-05-01
Warning	1292	Truncated incorrect datetime value: '-4294967299'
Warning	1292	Truncated incorrect datetime value: '1'
Warning	1292	Truncated incorrect datetime value: '1.00'
Warning	1292	Truncated incorrect datetime value: '1.01'
Warning	1292	Truncated incorrect datetime value: '1.02'
Warning	1292	Truncated incorrect datetime value: '2147483647'
Warning	1292	Truncated incorrect datetime value: '4294967294'
Warning	1292	Truncated incorrect datetime value: '922337203685477807'
Warning	1292	Truncated incorrect datetime value: 'a'
Warning	1292	Truncated incorrect datetime value: 'a1'
Warning	1292	Truncated incorrect datetime value: 'b'
Warnings:
SELECT * FROM t1 WHERE a >= CAST('2001#01#01' AS DATE);
a	b	c
2001#01#01	22	2006-02-01
2001-01-01	13	2019-05-01
2001.01.01	10	2007-08-01
2019#01#01	13	2016-06-06
2019-01-01	21	2011-09-01
2019.01.01	16	2012-05-01
Warning	1292	Truncated incorrect datetime value: '-4294967299'
Warning	1292	Truncated incorrect datetime value: '1'
Warning	1292	Truncated incorrect datetime value: '1.00'
Warning	1292	Truncated incorrect datetime value: '1.01'
Warning	1292	Truncated incorrect datetime value: '1.02'
Warning	1292	Truncated incorrect datetime value: '2147483647'
Warning	1292	Truncated incorrect datetime value: '4294967294'
Warning	1292	Truncated incorrect datetime value: '922337203685477807'
Warning	1292	Truncated incorrect datetime value: 'a'
Warning	1292	Truncated incorrect datetime value: 'a1'
Warning	1292	Truncated incorrect datetime value: 'b'
Warnings:
SELECT * FROM t1 WHERE a >= CAST('2001.01.01' AS DATE);
a	b	c
2001#01#01	22	2006-02-01
2001-01-01	13	2019-05-01
2001.01.01	10	2007-08-01
2019#01#01	13	2016-06-06
2019-01-01	21	2011-09-01
2019.01.01	16	2012-05-01
Warning	1292	Truncated incorrect datetime value: '-4294967299'
Warning	1292	Truncated incorrect datetime value: '1'
Warning	1292	Truncated incorrect datetime value: '1.00'
Warning	1292	Truncated incorrect datetime value: '1.01'
Warning	1292	Truncated incorrect datetime value: '1.02'
Warning	1292	Truncated incorrect datetime value: '2147483647'
Warning	1292	Truncated incorrect datetime value: '4294967294'
Warning	1292	Truncated incorrect datetime value: '922337203685477807'
Warning	1292	Truncated incorrect datetime value: 'a'
Warning	1292	Truncated incorrect datetime value: 'a1'
Warning	1292	Truncated incorrect datetime value: 'b'
Warnings:
SELECT * FROM t1 WHERE a > CAST('10000.01.01' AS DATE);
a	b	c
2001#01#01	22	2006-02-01
2001-01-01	13	2019-05-01
2001.01.01	10	2007-08-01
2019#01#01	13	2016-06-06
2019-01-01	21	2011-09-01
2019.01.01	16	2012-05-01
Warning	1292	Truncated incorrect datetime value: '-4294967299'
Warning	1292	Truncated incorrect datetime value: '1'
Warning	1292	Truncated incorrect datetime value: '1.00'
Warning	1292	Truncated incorrect datetime value: '1.01'
Warning	1292	Truncated incorrect datetime value: '1.02'
Warning	1292	Truncated incorrect datetime value: '10000.01.01'
Warning	1292	Truncated incorrect datetime value: '2147483647'
Warning	1292	Truncated incorrect datetime value: '4294967294'
Warning	1292	Truncated incorrect datetime value: '922337203685477807'
Warning	1292	Truncated incorrect datetime value: 'a'
Warning	1292	Truncated incorrect datetime value: 'a1'
Warning	1292	Truncated incorrect datetime value: 'b'
Warnings:
SELECT * FROM t1 WHERE a < CAST(c AS DATE);
a	b	c
-4294967299	-9	2001-01-05
1	9	2008-01-01
1.00	5	2013-01-01
1.01	6	2009-11-01
1.02	7	2004-04-01
2001#01#01	22	2006-02-01
2001-01-01	13	2019-05-01
2001.01.01	10	2007-08-01
2147483647	2	2001-01-02
4294967294	-1	2001-01-03
922337203685477807	-13	2001-01-11
Warning	1292	Truncated incorrect datetime value: '-4294967299'
Warning	1292	Truncated incorrect datetime value: '1'
Warning	1292	Truncated incorrect datetime value: '1.00'
Warning	1292	Truncated incorrect datetime value: '1.01'
Warning	1292	Truncated incorrect datetime value: '1.02'
Warning	1292	Truncated incorrect datetime value: '2147483647'
Warning	1292	Truncated incorrect datetime value: '4294967294'
Warning	1292	Truncated incorrect datetime value: '922337203685477807'
Warning	1292	Truncated incorrect datetime value: 'a'
Warning	1292	Truncated incorrect datetime value: 'a1'
Warning	1292	Truncated incorrect datetime value: 'b'
Warnings:
a	3	2000-01-01
a1	1	2001-01-01
b	11	2002-01-01
SELECT * FROM t1 WHERE a <= CAST(NOW() AS DATE);
a	b	c
-4294967299	-9	2001-01-05
1	9	2008-01-01
1.00	5	2013-01-01
1.01	6	2009-11-01
1.02	7	2004-04-01
2001#01#01	22	2006-02-01
2001-01-01	13	2019-05-01
2001.01.01	10	2007-08-01
2019#01#01	13	2016-06-06
2019-01-01	21	2011-09-01
2019.01.01	16	2012-05-01
2147483647	2	2001-01-02
4294967294	-1	2001-01-03
922337203685477807	-13	2001-01-11
Warning	1292	Truncated incorrect datetime value: '-4294967299'
Warning	1292	Truncated incorrect datetime value: '1'
Warning	1292	Truncated incorrect datetime value: '1.00'
Warning	1292	Truncated incorrect datetime value: '1.01'
Warning	1292	Truncated incorrect datetime value: '1.02'
Warning	1292	Truncated incorrect datetime value: '2147483647'
Warning	1292	Truncated incorrect datetime value: '4294967294'
Warning	1292	Truncated incorrect datetime value: '922337203685477807'
Warning	1292	Truncated incorrect datetime value: 'a'
Warning	1292	Truncated incorrect datetime value: 'a1'
Warning	1292	Truncated incorrect datetime value: 'b'
Warnings:
a	3	2000-01-01
a1	1	2001-01-01
b	11	2002-01-01
SELECT * FROM t1 WHERE a = CAST('1' AS DATETIME);
a	b	c
-4294967299	-9	2001-01-05
1	9	2008-01-01
1.00	5	2013-01-01
1.01	6	2009-11-01
1.02	7	2004-04-01
2147483647	2	2001-01-02
4294967294	-1	2001-01-03
922337203685477807	-13	2001-01-11
Warning	1292	Truncated incorrect datetime value: '-4294967299'
Warning	1292	Truncated incorrect datetime value: '1'
Warning	1292	Truncated incorrect datetime value: '1'
Warning	1292	Truncated incorrect datetime value: '1.00'
Warning	1292	Truncated incorrect datetime value: '1.01'
Warning	1292	Truncated incorrect datetime value: '1.02'
Warning	1292	Truncated incorrect datetime value: '2147483647'
Warning	1292	Truncated incorrect datetime value: '4294967294'
Warning	1292	Truncated incorrect datetime value: '922337203685477807'
Warning	1292	Truncated incorrect datetime value: 'a'
Warning	1292	Truncated incorrect datetime value: 'a1'
Warning	1292	Truncated incorrect datetime value: 'b'
Warnings:
a	3	2000-01-01
a1	1	2001-01-01
b	11	2002-01-01
SELECT * FROM t1 WHERE a >= CAST('2001-01-01 00:00:00' AS DATETIME);
a	b	c
2001#01#01	22	2006-02-01
2001-01-01	13	2019-05-01
2001.01.01	10	2007-08-01
2019#01#01	13	2016-06-06
2019-01-01	21	2011-09-01
2019.01.01	16	2012-05-01
Warning	1292	Truncated incorrect datetime value: '-4294967299'
Warning	1292	Truncated incorrect datetime value: '1'
Warning	1292	Truncated incorrect datetime value: '1.00'
Warning	1292	Truncated incorrect datetime value: '1.01'
Warning	1292	Truncated incorrect datetime value: '1.02'
Warning	1292	Truncated incorrect datetime value: '2147483647'
Warning	1292	Truncated incorrect datetime value: '4294967294'
Warning	1292	Truncated incorrect datetime value: '922337203685477807'
Warning	1292	Truncated incorrect datetime value: 'a'
Warning	1292	Truncated incorrect datetime value: 'a1'
Warning	1292	Truncated incorrect datetime value: 'b'
Warnings:
SELECT * FROM t1 WHERE a >= CAST('2001#01#01 23:59:00' AS DATETIME);
a	b	c
2019#01#01	13	2016-06-06
2019-01-01	21	2011-09-01
2019.01.01	16	2012-05-01
Warning	1292	Truncated incorrect datetime value: '-4294967299'
Warning	1292	Truncated incorrect datetime value: '1'
Warning	1292	Truncated incorrect datetime value: '1.00'
Warning	1292	Truncated incorrect datetime value: '1.01'
Warning	1292	Truncated incorrect datetime value: '1.02'
Warning	1292	Truncated incorrect datetime value: '2147483647'
Warning	1292	Truncated incorrect datetime value: '4294967294'
Warning	1292	Truncated incorrect datetime value: '922337203685477807'
Warning	1292	Truncated incorrect datetime value: 'a'
Warning	1292	Truncated incorrect datetime value: 'a1'
Warning	1292	Truncated incorrect datetime value: 'b'
Warnings:
SELECT * FROM t1 WHERE a >= CAST('2001.01.01 01:00:00' AS DATETIME);
a	b	c
2019#01#01	13	2016-06-06
2019-01-01	21	2011-09-01
2019.01.01	16	2012-05-01
Warning	1292	Truncated incorrect datetime value: '-4294967299'
Warning	1292	Truncated incorrect datetime value: '1'
Warning	1292	Truncated incorrect datetime value: '1.00'
Warning	1292	Truncated incorrect datetime value: '1.01'
Warning	1292	Truncated incorrect datetime value: '1.02'
Warning	1292	Truncated incorrect datetime value: '2147483647'
Warning	1292	Truncated incorrect datetime value: '4294967294'
Warning	1292	Truncated incorrect datetime value: '922337203685477807'
Warning	1292	Truncated incorrect datetime value: 'a'
Warning	1292	Truncated incorrect datetime value: 'a1'
Warning	1292	Truncated incorrect datetime value: 'b'
Warnings:
SELECT * FROM t1 WHERE a > CAST('10000.01.01 03:00:00' AS DATETIME);
a	b	c
2001#01#01	22	2006-02-01
2001-01-01	13	2019-05-01
2001.01.01	10	2007-08-01
2019#01#01	13	2016-06-06
2019-01-01	21	2011-09-01
2019.01.01	16	2012-05-01
Warning	1292	Truncated incorrect datetime value: '-4294967299'
Warning	1292	Truncated incorrect datetime value: '1'
Warning	1292	Truncated incorrect datetime value: '1.00'
Warning	1292	Truncated incorrect datetime value: '1.01'
Warning	1292	Truncated incorrect datetime value: '1.02'
Warning	1292	Truncated incorrect datetime value: '10000.01.01 03:00:00'
Warning	1292	Truncated incorrect datetime value: '2147483647'
Warning	1292	Truncated incorrect datetime value: '4294967294'
Warning	1292	Truncated incorrect datetime value: '922337203685477807'
Warning	1292	Truncated incorrect datetime value: 'a'
Warning	1292	Truncated incorrect datetime value: 'a1'
Warning	1292	Truncated incorrect datetime value: 'b'
Warnings:
SELECT * FROM t1 WHERE a < CAST(c AS DATETIME);
a	b	c
-4294967299	-9	2001-01-05
1	9	2008-01-01
1.00	5	2013-01-01
1.01	6	2009-11-01
1.02	7	2004-04-01
2001#01#01	22	2006-02-01
2001-01-01	13	2019-05-01
2001.01.01	10	2007-08-01
2147483647	2	2001-01-02
4294967294	-1	2001-01-03
922337203685477807	-13	2001-01-11
Warning	1292	Truncated incorrect datetime value: '-4294967299'
Warning	1292	Truncated incorrect datetime value: '1'
Warning	1292	Truncated incorrect datetime value: '1.00'
Warning	1292	Truncated incorrect datetime value: '1.01'
Warning	1292	Truncated incorrect datetime value: '1.02'
Warning	1292	Truncated incorrect datetime value: '2147483647'
Warning	1292	Truncated incorrect datetime value: '4294967294'
Warning	1292	Truncated incorrect datetime value: '922337203685477807'
Warning	1292	Truncated incorrect datetime value: 'a'
Warning	1292	Truncated incorrect datetime value: 'a1'
Warning	1292	Truncated incorrect datetime value: 'b'
Warnings:
a	3	2000-01-01
a1	1	2001-01-01
b	11	2002-01-01
SELECT * FROM t1 WHERE a <= CAST(CURRENT_DATE() AS DATETIME);
a	b	c
-4294967299	-9	2001-01-05
1	9	2008-01-01
1.00	5	2013-01-01
1.01	6	2009-11-01
1.02	7	2004-04-01
2001#01#01	22	2006-02-01
2001-01-01	13	2019-05-01
2001.01.01	10	2007-08-01
2019#01#01	13	2016-06-06
2019-01-01	21	2011-09-01
2019.01.01	16	2012-05-01
2147483647	2	2001-01-02
4294967294	-1	2001-01-03
922337203685477807	-13	2001-01-11
Warning	1292	Truncated incorrect datetime value: '-4294967299'
Warning	1292	Truncated incorrect datetime value: '1'
Warning	1292	Truncated incorrect datetime value: '1.00'
Warning	1292	Truncated incorrect datetime value: '1.01'
Warning	1292	Truncated incorrect datetime value: '1.02'
Warning	1292	Truncated incorrect datetime value: '2147483647'
Warning	1292	Truncated incorrect datetime value: '4294967294'
Warning	1292	Truncated incorrect datetime value: '922337203685477807'
Warning	1292	Truncated incorrect datetime value: 'a'
Warning	1292	Truncated incorrect datetime value: 'a1'
Warning	1292	Truncated incorrect datetime value: 'b'
Warnings:
a	3	2000-01-01
a1	1	2001-01-01
b	11	2002-01-01
SELECT * FROM t1 WHERE a = CAST('1' AS TIME);
a	b	c
1	9	2008-01-01
1.00	5	2013-01-01
Warning	1292	Truncated incorrect time value: '-4294967299'
Warning	1292	Truncated incorrect time value: '2001#01#01'
Warning	1292	Truncated incorrect time value: '2001-01-01'
Warning	1292	Truncated incorrect time value: '2001.01.01'
Warning	1292	Truncated incorrect time value: '2019#01#01'
Warning	1292	Truncated incorrect time value: '2019-01-01'
Warning	1292	Truncated incorrect time value: '2019.01.01'
Warning	1292	Truncated incorrect time value: '2147483647'
Warning	1292	Truncated incorrect time value: '4294967294'
Warning	1292	Truncated incorrect time value: '922337203685477807'
Warning	1292	Truncated incorrect time value: 'a'
Warning	1292	Truncated incorrect time value: 'a1'
Warning	1292	Truncated incorrect time value: 'b'
Warnings:
SELECT * FROM t1 WHERE a >= CAST('2001-01-01 00:00:00' AS TIME);
a	b	c
-4294967299	-9	2001-01-05
1	9	2008-01-01
1.00	5	2013-01-01
1.01	6	2009-11-01
1.02	7	2004-04-01
2001#01#01	22	2006-02-01
2001-01-01	13	2019-05-01
2001.01.01	10	2007-08-01
2019#01#01	13	2016-06-06
2019-01-01	21	2011-09-01
2019.01.01	16	2012-05-01
2147483647	2	2001-01-02
4294967294	-1	2001-01-03
922337203685477807	-13	2001-01-11
Warning	1292	Truncated incorrect time value: '-4294967299'
Warning	1292	Truncated incorrect time value: '2001#01#01'
Warning	1292	Truncated incorrect time value: '2001-01-01'
Warning	1292	Truncated incorrect time value: '2001.01.01'
Warning	1292	Truncated incorrect time value: '2019#01#01'
Warning	1292	Truncated incorrect time value: '2019-01-01'
Warning	1292	Truncated incorrect time value: '2019.01.01'
Warning	1292	Truncated incorrect time value: '2147483647'
Warning	1292	Truncated incorrect time value: '4294967294'
Warning	1292	Truncated incorrect time value: '922337203685477807'
Warning	1292	Truncated incorrect time value: 'a'
Warning	1292	Truncated incorrect time value: 'a1'
Warning	1292	Truncated incorrect time value: 'b'
Warnings:
a	3	2000-01-01
a1	1	2001-01-01
b	11	2002-01-01
SELECT * FROM t1 WHERE a >= CAST('2001#01#01 23:59:00' AS TIME);
a	b	c
2147483647	2	2001-01-02
Warning	1292	Truncated incorrect time value: '-4294967299'
Warning	1292	Truncated incorrect time value: '2001#01#01'
Warning	1292	Truncated incorrect time value: '2001-01-01'
Warning	1292	Truncated incorrect time value: '2001.01.01'
Warning	1292	Truncated incorrect time value: '2019#01#01'
Warning	1292	Truncated incorrect time value: '2019-01-01'
Warning	1292	Truncated incorrect time value: '2019.01.01'
Warning	1292	Truncated incorrect time value: '2147483647'
Warning	1292	Truncated incorrect time value: '4294967294'
Warning	1292	Truncated incorrect time value: '922337203685477807'
Warning	1292	Truncated incorrect time value: 'a'
Warning	1292	Truncated incorrect time value: 'a1'
Warning	1292	Truncated incorrect time value: 'b'
Warnings:
SELECT * FROM t1 WHERE a >= CAST('2001.01.01 01:00:00' AS TIME);
a	b	c
2147483647	2	2001-01-02
Warning	1292	Truncated incorrect time value: '-4294967299'
Warning	1292	Truncated incorrect time value: '2001#01#01'
Warning	1292	Truncated incorrect time value: '2001-01-01'
Warning	1292	Truncated incorrect time value: '2001.01.01'
Warning	1292	Truncated incorrect time value: '2019#01#01'
Warning	1292	Truncated incorrect time value: '2019-01-01'
Warning	1292	Truncated incorrect time value: '2019.01.01'
Warning	1292	Truncated incorrect time value: '2147483647'
Warning	1292	Truncated incorrect time value: '4294967294'
Warning	1292	Truncated incorrect time value: '922337203685477807'
Warning	1292	Truncated incorrect time value: 'a'
Warning	1292	Truncated incorrect time value: 'a1'
Warning	1292	Truncated incorrect time value: 'b'
Warnings:
SELECT * FROM t1 WHERE a > CAST('10000.01.01 03:00:00' AS TIME);
a	b	c
1	9	2008-01-01
1.00	5	2013-01-01
1.01	6	2009-11-01
1.02	7	2004-04-01
2001#01#01	22	2006-02-01
2001-01-01	13	2019-05-01
2001.01.01	10	2007-08-01
2019#01#01	13	2016-06-06
2019-01-01	21	2011-09-01
2019.01.01	16	2012-05-01
2147483647	2	2001-01-02
SELECT * FROM t1 WHERE a > CAST('-839:59:59.0000' AS TIME);
a	b	c
-4294967299	-9	2001-01-05
1	9	2008-01-01
1.00	5	2013-01-01
1.01	6	2009-11-01
1.02	7	2004-04-01
2001#01#01	22	2006-02-01
2001-01-01	13	2019-05-01
2001.01.01	10	2007-08-01
2019#01#01	13	2016-06-06
2019-01-01	21	2011-09-01
2019.01.01	16	2012-05-01
2147483647	2	2001-01-02
4294967294	-1	2001-01-03
922337203685477807	-13	2001-01-11
Warning	1292	Truncated incorrect time value: '-4294967299'
Warning	1292	Truncated incorrect time value: '-839:59:59.0000'
Warning	1292	Truncated incorrect time value: '2001#01#01'
Warning	1292	Truncated incorrect time value: '2001-01-01'
Warning	1292	Truncated incorrect time value: '2001.01.01'
Warning	1292	Truncated incorrect time value: '2019#01#01'
Warning	1292	Truncated incorrect time value: '2019-01-01'
Warning	1292	Truncated incorrect time value: '2019.01.01'
Warning	1292	Truncated incorrect time value: '2147483647'
Warning	1292	Truncated incorrect time value: '4294967294'
Warning	1292	Truncated incorrect time value: '922337203685477807'
Warning	1292	Truncated incorrect time value: 'a'
Warning	1292	Truncated incorrect time value: 'a1'
Warning	1292	Truncated incorrect time value: 'b'
Warnings:
a	3	2000-01-01
a1	1	2001-01-01
b	11	2002-01-01
SELECT * FROM t1 WHERE a < CAST(c AS TIME);
a	b	c
Warning	1292	Truncated incorrect time value: '-4294967299'
Warning	1292	Truncated incorrect time value: '2001#01#01'
Warning	1292	Truncated incorrect time value: '2001-01-01'
Warning	1292	Truncated incorrect time value: '2001.01.01'
Warning	1292	Truncated incorrect time value: '2019#01#01'
Warning	1292	Truncated incorrect time value: '2019-01-01'
Warning	1292	Truncated incorrect time value: '2019.01.01'
Warning	1292	Truncated incorrect time value: '2147483647'
Warning	1292	Truncated incorrect time value: '4294967294'
Warning	1292	Truncated incorrect time value: '922337203685477807'
Warning	1292	Truncated incorrect time value: 'a'
Warning	1292	Truncated incorrect time value: 'a1'
Warning	1292	Truncated incorrect time value: 'b'
Warnings:
DROP TABLE t1;
CREATE TABLE t1(a BLOB, b INT, c DATE);
INSERT INTO t1 VALUES ('a',3, '2000-01-01'),('a1',1,'2001-01-01'),('b',11,'2002-01-01'),('1',9,'2008-01-01'),('1.00',5,'2013-01-01'),('1.02',7,'2004-04-01'), ('1.01',6,'2009-11-01'), ('2001-01-01',13,'2019-05-01'), ('2001#01#01',22,'2006-02-01'),('2001.01.01',10,'2007-08-01'),('2019-01-01',21,'2011-09-01'),('2019.01.01',16,'2012-05-01'),('2019#01#01',13,'2016-06-06'),('2147483647',2,'2001-01-02'),('4294967294',-1,'2001-01-03'),('-4294967299',-9,'2001-01-05'),('922337203685477807',-13,'2001-01-11');
SELECT * FROM t1 WHERE a = CAST('1' AS CHAR);
a	b	c
1	9	2008-01-01
SELECT * FROM t1 WHERE a = CAST(1.00 AS CHAR);
a	b	c
1.00	5	2013-01-01
SELECT * FROM t1 WHERE a > CAST(b AS CHAR);
a	b	c
2001-01-01	13	2019-05-01
2001.01.01	10	2007-08-01
2019#01#01	13	2016-06-06
2019.01.01	16	2012-05-01
2147483647	2	2001-01-02
4294967294	-1	2001-01-03
922337203685477807	-13	2001-01-11
a	3	2000-01-01
a1	1	2001-01-01
b	11	2002-01-01
SELECT * FROM t1 WHERE a > CAST(SUBSTRING('1234567abc', 5, 9) AS CHAR);
a	b	c
922337203685477807	-13	2001-01-11
a	3	2000-01-01
a1	1	2001-01-01
b	11	2002-01-01
SELECT * FROM t1 WHERE a = CAST('1.00' AS NCHAR);
a	b	c
1.00	5	2013-01-01
SELECT * FROM t1 WHERE a = CAST(1.01 AS NCHAR);
a	b	c
1.01	6	2009-11-01
SELECT * FROM t1 WHERE a < CAST(b AS NCHAR);
a	b	c
-4294967299	-9	2001-01-05
1	9	2008-01-01
1.00	5	2013-01-01
1.01	6	2009-11-01
1.02	7	2004-04-01
2001#01#01	22	2006-02-01
2019-01-01	21	2011-09-01
SELECT * FROM t1 WHERE a >= CAST(CONCAT('123','abc','456') AS NCHAR);
a	b	c
2001#01#01	22	2006-02-01
2001-01-01	13	2019-05-01
2001.01.01	10	2007-08-01
2019#01#01	13	2016-06-06
2019-01-01	21	2011-09-01
2019.01.01	16	2012-05-01
2147483647	2	2001-01-02
4294967294	-1	2001-01-03
922337203685477807	-13	2001-01-11
a	3	2000-01-01
a1	1	2001-01-01
b	11	2002-01-01
SELECT * FROM t1 WHERE a = CAST('1.01' AS BINARY);
a	b	c
1.01	6	2009-11-01
SELECT * FROM t1 WHERE a = CAST(1 AS BINARY);
a	b	c
1	9	2008-01-01
SELECT * FROM t1 WHERE a < CAST(b AS BINARY);
a	b	c
-4294967299	-9	2001-01-05
1	9	2008-01-01
1.00	5	2013-01-01
1.01	6	2009-11-01
1.02	7	2004-04-01
2001#01#01	22	2006-02-01
2019-01-01	21	2011-09-01
SELECT * FROM t1 WHERE a >= CAST(REPLACE('ab12c4','ab12','234') AS BINARY);
a	b	c
4294967294	-1	2001-01-03
922337203685477807	-13	2001-01-11
a	3	2000-01-01
a1	1	2001-01-01
b	11	2002-01-01
SELECT * FROM t1 WHERE a = CAST('1.0' AS SIGNED);
a	b	c
1	9	2008-01-01
1.00	5	2013-01-01
Warning	1292	Truncated incorrect DOUBLE value: '2001#01#01'
Warning	1292	Truncated incorrect DOUBLE value: '2001-01-01'
Warning	1292	Truncated incorrect DOUBLE value: '2001.01.01'
Warning	1292	Truncated incorrect DOUBLE value: '2019#01#01'
Warning	1292	Truncated incorrect DOUBLE value: '2019-01-01'
Warning	1292	Truncated incorrect DOUBLE value: '2019.01.01'
Warning	1292	Truncated incorrect DOUBLE value: 'a'
Warning	1292	Truncated incorrect DOUBLE value: 'a1'
Warning	1292	Truncated incorrect DOUBLE value: 'b'
Warning	1292	Truncated incorrect INTEGER value: '1.0'
Warnings:
SELECT * FROM t1 WHERE a = CAST(1.000 AS SIGNED);
a	b	c
1	9	2008-01-01
1.00	5	2013-01-01
Warning	1292	Truncated incorrect DOUBLE value: '2001#01#01'
Warning	1292	Truncated incorrect DOUBLE value: '2001-01-01'
Warning	1292	Truncated incorrect DOUBLE value: '2001.01.01'
Warning	1292	Truncated incorrect DOUBLE value: '2019#01#01'
Warning	1292	Truncated incorrect DOUBLE value: '2019-01-01'
Warning	1292	Truncated incorrect DOUBLE value: '2019.01.01'
Warning	1292	Truncated incorrect DOUBLE value: 'a'
Warning	1292	Truncated incorrect DOUBLE value: 'a1'
Warning	1292	Truncated incorrect DOUBLE value: 'b'
Warnings:
SELECT * FROM t1 WHERE a < CAST(2147483647 AS SIGNED);
a	b	c
-4294967299	-9	2001-01-05
1	9	2008-01-01
1.00	5	2013-01-01
1.01	6	2009-11-01
1.02	7	2004-04-01
2001#01#01	22	2006-02-01
2001-01-01	13	2019-05-01
2001.01.01	10	2007-08-01
2019#01#01	13	2016-06-06
2019-01-01	21	2011-09-01
2019.01.01	16	2012-05-01
Warning	1292	Truncated incorrect DOUBLE value: '2001#01#01'
Warning	1292	Truncated incorrect DOUBLE value: '2001-01-01'
Warning	1292	Truncated incorrect DOUBLE value: '2001.01.01'
Warning	1292	Truncated incorrect DOUBLE value: '2019#01#01'
Warning	1292	Truncated incorrect DOUBLE value: '2019-01-01'
Warning	1292	Truncated incorrect DOUBLE value: '2019.01.01'
Warning	1292	Truncated incorrect DOUBLE value: 'a'
Warning	1292	Truncated incorrect DOUBLE value: 'a1'
Warning	1292	Truncated incorrect DOUBLE value: 'b'
Warnings:
a	3	2000-01-01
a1	1	2001-01-01
b	11	2002-01-01
SELECT * FROM t1 WHERE a >= CAST(-2147483649 AS SIGNED);
a	b	c
1	9	2008-01-01
1.00	5	2013-01-01
1.01	6	2009-11-01
1.02	7	2004-04-01
2001#01#01	22	2006-02-01
2001-01-01	13	2019-05-01
2001.01.01	10	2007-08-01
2019#01#01	13	2016-06-06
2019-01-01	21	2011-09-01
2019.01.01	16	2012-05-01
2147483647	2	2001-01-02
4294967294	-1	2001-01-03
922337203685477807	-13	2001-01-11
Warning	1292	Truncated incorrect DOUBLE value: '2001#01#01'
Warning	1292	Truncated incorrect DOUBLE value: '2001-01-01'
Warning	1292	Truncated incorrect DOUBLE value: '2001.01.01'
Warning	1292	Truncated incorrect DOUBLE value: '2019#01#01'
Warning	1292	Truncated incorrect DOUBLE value: '2019-01-01'
Warning	1292	Truncated incorrect DOUBLE value: '2019.01.01'
Warning	1292	Truncated incorrect DOUBLE value: 'a'
Warning	1292	Truncated incorrect DOUBLE value: 'a1'
Warning	1292	Truncated incorrect DOUBLE value: 'b'
Warnings:
a	3	2000-01-01
a1	1	2001-01-01
b	11	2002-01-01
SELECT * FROM t1 WHERE a < CAST(b AS SIGNED);
a	b	c
-4294967299	-9	2001-01-05
1	9	2008-01-01
1.00	5	2013-01-01
1.01	6	2009-11-01
1.02	7	2004-04-01
Warning	1292	Truncated incorrect DOUBLE value: '2001#01#01'
Warning	1292	Truncated incorrect DOUBLE value: '2001-01-01'
Warning	1292	Truncated incorrect DOUBLE value: '2001.01.01'
Warning	1292	Truncated incorrect DOUBLE value: '2019#01#01'
Warning	1292	Truncated incorrect DOUBLE value: '2019-01-01'
Warning	1292	Truncated incorrect DOUBLE value: '2019.01.01'
Warning	1292	Truncated incorrect DOUBLE value: 'a'
Warning	1292	Truncated incorrect DOUBLE value: 'a1'
Warning	1292	Truncated incorrect DOUBLE value: 'b'
Warnings:
a	3	2000-01-01
a1	1	2001-01-01
b	11	2002-01-01
SELECT * FROM t1 WHERE a >= CAST(LENGTH('ab123cd456') AS SIGNED);
a	b	c
2001#01#01	22	2006-02-01
2001-01-01	13	2019-05-01
2001.01.01	10	2007-08-01
2019#01#01	13	2016-06-06
2019-01-01	21	2011-09-01
2019.01.01	16	2012-05-01
2147483647	2	2001-01-02
4294967294	-1	2001-01-03
922337203685477807	-13	2001-01-11
Warning	1292	Truncated incorrect DOUBLE value: '2001#01#01'
Warning	1292	Truncated incorrect DOUBLE value: '2001-01-01'
Warning	1292	Truncated incorrect DOUBLE value: '2001.01.01'
Warning	1292	Truncated incorrect DOUBLE value: '2019#01#01'
Warning	1292	Truncated incorrect DOUBLE value: '2019-01-01'
Warning	1292	Truncated incorrect DOUBLE value: '2019.01.01'
Warning	1292	Truncated incorrect DOUBLE value: 'a'
Warning	1292	Truncated incorrect DOUBLE value: 'a1'
Warning	1292	Truncated incorrect DOUBLE value: 'b'
Warnings:
SELECT * FROM t1 WHERE a = CAST('1' AS UNSIGNED);
a	b	c
1	9	2008-01-01
1.00	5	2013-01-01
Warning	1292	Truncated incorrect DOUBLE value: '2001#01#01'
Warning	1292	Truncated incorrect DOUBLE value: '2001-01-01'
Warning	1292	Truncated incorrect DOUBLE value: '2001.01.01'
Warning	1292	Truncated incorrect DOUBLE value: '2019#01#01'
Warning	1292	Truncated incorrect DOUBLE value: '2019-01-01'
Warning	1292	Truncated incorrect DOUBLE value: '2019.01.01'
Warning	1292	Truncated incorrect DOUBLE value: 'a'
Warning	1292	Truncated incorrect DOUBLE value: 'a1'
Warning	1292	Truncated incorrect DOUBLE value: 'b'
Warnings:
SELECT * FROM t1 WHERE a = CAST(1.01 AS UNSIGNED);
a	b	c
1	9	2008-01-01
1.00	5	2013-01-01
Warning	1292	Truncated incorrect DOUBLE value: '2001#01#01'
Warning	1292	Truncated incorrect DOUBLE value: '2001-01-01'
Warning	1292	Truncated incorrect DOUBLE value: '2001.01.01'
Warning	1292	Truncated incorrect DOUBLE value: '2019#01#01'
Warning	1292	Truncated incorrect DOUBLE value: '2019-01-01'
Warning	1292	Truncated incorrect DOUBLE value: '2019.01.01'
Warning	1292	Truncated incorrect DOUBLE value: 'a'
Warning	1292	Truncated incorrect DOUBLE value: 'a1'
Warning	1292	Truncated incorrect DOUBLE value: 'b'
Warnings:
SELECT * FROM t1 WHERE a < CAST(4294967297 AS UNSIGNED);
a	b	c
-4294967299	-9	2001-01-05
1	9	2008-01-01
1.00	5	2013-01-01
1.01	6	2009-11-01
1.02	7	2004-04-01
2001#01#01	22	2006-02-01
2001-01-01	13	2019-05-01
2001.01.01	10	2007-08-01
2019#01#01	13	2016-06-06
2019-01-01	21	2011-09-01
2019.01.01	16	2012-05-01
2147483647	2	2001-01-02
4294967294	-1	2001-01-03
Warning	1292	Truncated incorrect DOUBLE value: '2001#01#01'
Warning	1292	Truncated incorrect DOUBLE value: '2001-01-01'
Warning	1292	Truncated incorrect DOUBLE value: '2001.01.01'
Warning	1292	Truncated incorrect DOUBLE value: '2019#01#01'
Warning	1292	Truncated incorrect DOUBLE value: '2019-01-01'
Warning	1292	Truncated incorrect DOUBLE value: '2019.01.01'
Warning	1292	Truncated incorrect DOUBLE value: 'a'
Warning	1292	Truncated incorrect DOUBLE value: 'a1'
Warning	1292	Truncated incorrect DOUBLE value: 'b'
Warnings:
a	3	2000-01-01
a1	1	2001-01-01
b	11	2002-01-01
SELECT * FROM t1 WHERE a >= CAST(-4294967299 AS UNSIGNED);
a	b	c
Note	1105	Cast to unsigned converted negative integer to it's positive complement
Warning	1292	Truncated incorrect DOUBLE value: '2001#01#01'
Warning	1292	Truncated incorrect DOUBLE value: '2001-01-01'
Warning	1292	Truncated incorrect DOUBLE value: '2001.01.01'
Warning	1292	Truncated incorrect DOUBLE value: '2019#01#01'
Warning	1292	Truncated incorrect DOUBLE value: '2019-01-01'
Warning	1292	Truncated incorrect DOUBLE value: '2019.01.01'
Warning	1292	Truncated incorrect DOUBLE value: 'a'
Warning	1292	Truncated incorrect DOUBLE value: 'a1'
Warning	1292	Truncated incorrect DOUBLE value: 'b'
Warnings:
SELECT * FROM t1 WHERE a < CAST(b AS UNSIGNED);
a	b	c
-4294967299	-9	2001-01-05
1	9	2008-01-01
1.00	5	2013-01-01
1.01	6	2009-11-01
1.02	7	2004-04-01
4294967294	-1	2001-01-03
922337203685477807	-13	2001-01-11
Note	1105	Cast to unsigned converted negative integer to it's positive complement
Note	1105	Cast to unsigned converted negative integer to it's positive complement
Note	1105	Cast to unsigned converted negative integer to it's positive complement
Warning	1292	Truncated incorrect DOUBLE value: '2001#01#01'
Warning	1292	Truncated incorrect DOUBLE value: '2001-01-01'
Warning	1292	Truncated incorrect DOUBLE value: '2001.01.01'
Warning	1292	Truncated incorrect DOUBLE value: '2019#01#01'
Warning	1292	Truncated incorrect DOUBLE value: '2019-01-01'
Warning	1292	Truncated incorrect DOUBLE value: '2019.01.01'
Warning	1292	Truncated incorrect DOUBLE value: 'a'
Warning	1292	Truncated incorrect DOUBLE value: 'a1'
Warning	1292	Truncated incorrect DOUBLE value: 'b'
Warnings:
a	3	2000-01-01
a1	1	2001-01-01
b	11	2002-01-01
SELECT * FROM t1 WHERE a >= CAST(RPAD('123abc4567',7,'00') AS UNSIGNED);
a	b	c
2001#01#01	22	2006-02-01
2001-01-01	13	2019-05-01
2001.01.01	10	2007-08-01
2019#01#01	13	2016-06-06
2019-01-01	21	2011-09-01
2019.01.01	16	2012-05-01
2147483647	2	2001-01-02
4294967294	-1	2001-01-03
922337203685477807	-13	2001-01-11
Warning	1292	Truncated incorrect DOUBLE value: '2001#01#01'
Warning	1292	Truncated incorrect DOUBLE value: '2001-01-01'
Warning	1292	Truncated incorrect DOUBLE value: '2001.01.01'
Warning	1292	Truncated incorrect DOUBLE value: '2019#01#01'
Warning	1292	Truncated incorrect DOUBLE value: '2019-01-01'
Warning	1292	Truncated incorrect DOUBLE value: '2019.01.01'
Warning	1292	Truncated incorrect DOUBLE value: 'a'
Warning	1292	Truncated incorrect DOUBLE value: 'a1'
Warning	1292	Truncated incorrect DOUBLE value: 'b'
Warning	1292	Truncated incorrect INTEGER value: '123abc4'
Warnings:
SELECT * FROM t1 WHERE a = CAST('1' AS DECIMAL);
a	b	c
1	9	2008-01-01
1.00	5	2013-01-01
Warning	1292	Truncated incorrect DOUBLE value: '2001#01#01'
Warning	1292	Truncated incorrect DOUBLE value: '2001-01-01'
Warning	1292	Truncated incorrect DOUBLE value: '2001.01.01'
Warning	1292	Truncated incorrect DOUBLE value: '2019#01#01'
Warning	1292	Truncated incorrect DOUBLE value: '2019-01-01'
Warning	1292	Truncated incorrect DOUBLE value: '2019.01.01'
Warning	1292	Truncated incorrect DOUBLE value: 'a'
Warning	1292	Truncated incorrect DOUBLE value: 'a1'
Warning	1292	Truncated incorrect DOUBLE value: 'b'
Warnings:
SELECT * FROM t1 WHERE a = CAST(1.02 AS DECIMAL);
a	b	c
1	9	2008-01-01
1.00	5	2013-01-01
Warning	1292	Truncated incorrect DOUBLE value: '2001#01#01'
Warning	1292	Truncated incorrect DOUBLE value: '2001-01-01'
Warning	1292	Truncated incorrect DOUBLE value: '2001.01.01'
Warning	1292	Truncated incorrect DOUBLE value: '2019#01#01'
Warning	1292	Truncated incorrect DOUBLE value: '2019-01-01'
Warning	1292	Truncated incorrect DOUBLE value: '2019.01.01'
Warning	1292	Truncated incorrect DOUBLE value: 'a'
Warning	1292	Truncated incorrect DOUBLE value: 'a1'
Warning	1292	Truncated incorrect DOUBLE value: 'b'
Warnings:
SELECT * FROM t1 WHERE a <= CAST(922337203685477580800 AS DECIMAL);
a	b	c
-4294967299	-9	2001-01-05
1	9	2008-01-01
1.00	5	2013-01-01
1.01	6	2009-11-01
1.02	7	2004-04-01
2001#01#01	22	2006-02-01
2001-01-01	13	2019-05-01
2001.01.01	10	2007-08-01
2019#01#01	13	2016-06-06
2019-01-01	21	2011-09-01
2019.01.01	16	2012-05-01
2147483647	2	2001-01-02
4294967294	-1	2001-01-03
Warning	1264	Out of range value for column '(null)' at row 1
Warning	1292	Truncated incorrect DOUBLE value: '2001#01#01'
Warning	1292	Truncated incorrect DOUBLE value: '2001-01-01'
Warning	1292	Truncated incorrect DOUBLE value: '2001.01.01'
Warning	1292	Truncated incorrect DOUBLE value: '2019#01#01'
Warning	1292	Truncated incorrect DOUBLE value: '2019-01-01'
Warning	1292	Truncated incorrect DOUBLE value: '2019.01.01'
Warning	1292	Truncated incorrect DOUBLE value: 'a'
Warning	1292	Truncated incorrect DOUBLE value: 'a1'
Warning	1292	Truncated incorrect DOUBLE value: 'b'
Warnings:
a	3	2000-01-01
a1	1	2001-01-01
b	11	2002-01-01
SELECT * FROM t1 WHERE a < CAST(b AS DECIMAL);
a	b	c
-4294967299	-9	2001-01-05
1	9	2008-01-01
1.00	5	2013-01-01
1.01	6	2009-11-01
1.02	7	2004-04-01
Warning	1292	Truncated incorrect DOUBLE value: '2001#01#01'
Warning	1292	Truncated incorrect DOUBLE value: '2001-01-01'
Warning	1292	Truncated incorrect DOUBLE value: '2001.01.01'
Warning	1292	Truncated incorrect DOUBLE value: '2019#01#01'
Warning	1292	Truncated incorrect DOUBLE value: '2019-01-01'
Warning	1292	Truncated incorrect DOUBLE value: '2019.01.01'
Warning	1292	Truncated incorrect DOUBLE value: 'a'
Warning	1292	Truncated incorrect DOUBLE value: 'a1'
Warning	1292	Truncated incorrect DOUBLE value: 'b'
Warnings:
a	3	2000-01-01
a1	1	2001-01-01
b	11	2002-01-01
SELECT * FROM t1 WHERE a >= CAST(LPAD('123abc4567',5,'00') AS DECIMAL);
a	b	c
2001#01#01	22	2006-02-01
2001-01-01	13	2019-05-01
2001.01.01	10	2007-08-01
2019#01#01	13	2016-06-06
2019-01-01	21	2011-09-01
2019.01.01	16	2012-05-01
2147483647	2	2001-01-02
4294967294	-1	2001-01-03
922337203685477807	-13	2001-01-11
Warning	1292	Truncated incorrect DECIMAL value: '123ab'
Warning	1292	Truncated incorrect DOUBLE value: '2001#01#01'
Warning	1292	Truncated incorrect DOUBLE value: '2001-01-01'
Warning	1292	Truncated incorrect DOUBLE value: '2001.01.01'
Warning	1292	Truncated incorrect DOUBLE value: '2019#01#01'
Warning	1292	Truncated incorrect DOUBLE value: '2019-01-01'
Warning	1292	Truncated incorrect DOUBLE value: '2019.01.01'
Warning	1292	Truncated incorrect DOUBLE value: 'a'
Warning	1292	Truncated incorrect DOUBLE value: 'a1'
Warning	1292	Truncated incorrect DOUBLE value: 'b'
Warnings:
SELECT * FROM t1 WHERE a = CAST('1' AS DATE);
a	b	c
-4294967299	-9	2001-01-05
1	9	2008-01-01
1.00	5	2013-01-01
1.01	6	2009-11-01
1.02	7	2004-04-01
2147483647	2	2001-01-02
4294967294	-1	2001-01-03
922337203685477807	-13	2001-01-11
Warning	1292	Truncated incorrect datetime value: '-4294967299'
Warning	1292	Truncated incorrect datetime value: '1'
Warning	1292	Truncated incorrect datetime value: '1'
Warning	1292	Truncated incorrect datetime value: '1.00'
Warning	1292	Truncated incorrect datetime value: '1.01'
Warning	1292	Truncated incorrect datetime value: '1.02'
Warning	1292	Truncated incorrect datetime value: '2147483647'
Warning	1292	Truncated incorrect datetime value: '4294967294'
Warning	1292	Truncated incorrect datetime value: '922337203685477807'
Warning	1292	Truncated incorrect datetime value: 'a'
Warning	1292	Truncated incorrect datetime value: 'a1'
Warning	1292	Truncated incorrect datetime value: 'b'
Warnings:
a	3	2000-01-01
a1	1	2001-01-01
b	11	2002-01-01
SELECT * FROM t1 WHERE a >= CAST('2001-01-01' AS DATE);
a	b	c
2001#01#01	22	2006-02-01
2001-01-01	13	2019-05-01
2001.01.01	10	2007-08-01
2019#01#01	13	2016-06-06
2019-01-01	21	2011-09-01
2019.01.01	16	2012-05-01
Warning	1292	Truncated incorrect datetime value: '-4294967299'
Warning	1292	Truncated incorrect datetime value: '1'
Warning	1292	Truncated incorrect datetime value: '1.00'
Warning	1292	Truncated incorrect datetime value: '1.01'
Warning	1292	Truncated incorrect datetime value: '1.02'
Warning	1292	Truncated incorrect datetime value: '2147483647'
Warning	1292	Truncated incorrect datetime value: '4294967294'
Warning	1292	Truncated incorrect datetime value: '922337203685477807'
Warning	1292	Truncated incorrect datetime value: 'a'
Warning	1292	Truncated incorrect datetime value: 'a1'
Warning	1292	Truncated incorrect datetime value: 'b'
Warnings:
SELECT * FROM t1 WHERE a >= CAST('2001#01#01' AS DATE);
a	b	c
2001#01#01	22	2006-02-01
2001-01-01	13	2019-05-01
2001.01.01	10	2007-08-01
2019#01#01	13	2016-06-06
2019-01-01	21	2011-09-01
2019.01.01	16	2012-05-01
Warning	1292	Truncated incorrect datetime value: '-4294967299'
Warning	1292	Truncated incorrect datetime value: '1'
Warning	1292	Truncated incorrect datetime value: '1.00'
Warning	1292	Truncated incorrect datetime value: '1.01'
Warning	1292	Truncated incorrect datetime value: '1.02'
Warning	1292	Truncated incorrect datetime value: '2147483647'
Warning	1292	Truncated incorrect datetime value: '4294967294'
Warning	1292	Truncated incorrect datetime value: '922337203685477807'
Warning	1292	Truncated incorrect datetime value: 'a'
Warning	1292	Truncated incorrect datetime value: 'a1'
Warning	1292	Truncated incorrect datetime value: 'b'
Warnings:
SELECT * FROM t1 WHERE a >= CAST('2001.01.01' AS DATE);
a	b	c
2001#01#01	22	2006-02-01
2001-01-01	13	2019-05-01
2001.01.01	10	2007-08-01
2019#01#01	13	2016-06-06
2019-01-01	21	2011-09-01
2019.01.01	16	2012-05-01
Warning	1292	Truncated incorrect datetime value: '-4294967299'
Warning	1292	Truncated incorrect datetime value: '1'
Warning	1292	Truncated incorrect datetime value: '1.00'
Warning	1292	Truncated incorrect datetime value: '1.01'
Warning	1292	Truncated incorrect datetime value: '1.02'
Warning	1292	Truncated incorrect datetime value: '2147483647'
Warning	1292	Truncated incorrect datetime value: '4294967294'
Warning	1292	Truncated incorrect datetime value: '922337203685477807'
Warning	1292	Truncated incorrect datetime value: 'a'
Warning	1292	Truncated incorrect datetime value: 'a1'
Warning	1292	Truncated incorrect datetime value: 'b'
Warnings:
SELECT * FROM t1 WHERE a > CAST('10000.01.01' AS DATE);
a	b	c
2001#01#01	22	2006-02-01
2001-01-01	13	2019-05-01
2001.01.01	10	2007-08-01
2019#01#01	13	2016-06-06
2019-01-01	21	2011-09-01
2019.01.01	16	2012-05-01
Warning	1292	Truncated incorrect datetime value: '-4294967299'
Warning	1292	Truncated incorrect datetime value: '1'
Warning	1292	Truncated incorrect datetime value: '1.00'
Warning	1292	Truncated incorrect datetime value: '1.01'
Warning	1292	Truncated incorrect datetime value: '1.02'
Warning	1292	Truncated incorrect datetime value: '10000.01.01'
Warning	1292	Truncated incorrect datetime value: '2147483647'
Warning	1292	Truncated incorrect datetime value: '4294967294'
Warning	1292	Truncated incorrect datetime value: '922337203685477807'
Warning	1292	Truncated incorrect datetime value: 'a'
Warning	1292	Truncated incorrect datetime value: 'a1'
Warning	1292	Truncated incorrect datetime value: 'b'
Warnings:
SELECT * FROM t1 WHERE a < CAST(c AS DATE);
a	b	c
-4294967299	-9	2001-01-05
1	9	2008-01-01
1.00	5	2013-01-01
1.01	6	2009-11-01
1.02	7	2004-04-01
2001#01#01	22	2006-02-01
2001-01-01	13	2019-05-01
2001.01.01	10	2007-08-01
2147483647	2	2001-01-02
4294967294	-1	2001-01-03
922337203685477807	-13	2001-01-11
Warning	1292	Truncated incorrect datetime value: '-4294967299'
Warning	1292	Truncated incorrect datetime value: '1'
Warning	1292	Truncated incorrect datetime value: '1.00'
Warning	1292	Truncated incorrect datetime value: '1.01'
Warning	1292	Truncated incorrect datetime value: '1.02'
Warning	1292	Truncated incorrect datetime value: '2147483647'
Warning	1292	Truncated incorrect datetime value: '4294967294'
Warning	1292	Truncated incorrect datetime value: '922337203685477807'
Warning	1292	Truncated incorrect datetime value: 'a'
Warning	1292	Truncated incorrect datetime value: 'a1'
Warning	1292	Truncated incorrect datetime value: 'b'
Warnings:
a	3	2000-01-01
a1	1	2001-01-01
b	11	2002-01-01
SELECT * FROM t1 WHERE a <= CAST(NOW() AS DATE);
a	b	c
-4294967299	-9	2001-01-05
1	9	2008-01-01
1.00	5	2013-01-01
1.01	6	2009-11-01
1.02	7	2004-04-01
2001#01#01	22	2006-02-01
2001-01-01	13	2019-05-01
2001.01.01	10	2007-08-01
2019#01#01	13	2016-06-06
2019-01-01	21	2011-09-01
2019.01.01	16	2012-05-01
2147483647	2	2001-01-02
4294967294	-1	2001-01-03
922337203685477807	-13	2001-01-11
Warning	1292	Truncated incorrect datetime value: '-4294967299'
Warning	1292	Truncated incorrect datetime value: '1'
Warning	1292	Truncated incorrect datetime value: '1.00'
Warning	1292	Truncated incorrect datetime value: '1.01'
Warning	1292	Truncated incorrect datetime value: '1.02'
Warning	1292	Truncated incorrect datetime value: '2147483647'
Warning	1292	Truncated incorrect datetime value: '4294967294'
Warning	1292	Truncated incorrect datetime value: '922337203685477807'
Warning	1292	Truncated incorrect datetime value: 'a'
Warning	1292	Truncated incorrect datetime value: 'a1'
Warning	1292	Truncated incorrect datetime value: 'b'
Warnings:
a	3	2000-01-01
a1	1	2001-01-01
b	11	2002-01-01
SELECT * FROM t1 WHERE a = CAST('1' AS DATETIME);
a	b	c
-4294967299	-9	2001-01-05
1	9	2008-01-01
1.00	5	2013-01-01
1.01	6	2009-11-01
1.02	7	2004-04-01
2147483647	2	2001-01-02
4294967294	-1	2001-01-03
922337203685477807	-13	2001-01-11
Warning	1292	Truncated incorrect datetime value: '-4294967299'
Warning	1292	Truncated incorrect datetime value: '1'
Warning	1292	Truncated incorrect datetime value: '1'
Warning	1292	Truncated incorrect datetime value: '1.00'
Warning	1292	Truncated incorrect datetime value: '1.01'
Warning	1292	Truncated incorrect datetime value: '1.02'
Warning	1292	Truncated incorrect datetime value: '2147483647'
Warning	1292	Truncated incorrect datetime value: '4294967294'
Warning	1292	Truncated incorrect datetime value: '922337203685477807'
Warning	1292	Truncated incorrect datetime value: 'a'
Warning	1292	Truncated incorrect datetime value: 'a1'
Warning	1292	Truncated incorrect datetime value: 'b'
Warnings:
a	3	2000-01-01
a1	1	2001-01-01
b	11	2002-01-01
SELECT * FROM t1 WHERE a >= CAST('2001-01-01 00:00:00' AS DATETIME);
a	b	c
2001#01#01	22	2006-02-01
2001-01-01	13	2019-05-01
2001.01.01	10	2007-08-01
2019#01#01	13	2016-06-06
2019-01-01	21	2011-09-01
2019.01.01	16	2012-05-01
Warning	1292	Truncated incorrect datetime value: '-4294967299'
Warning	1292	Truncated incorrect datetime value: '1'
Warning	1292	Truncated incorrect datetime value: '1.00'
Warning	1292	Truncated incorrect datetime value: '1.01'
Warning	1292	Truncated incorrect datetime value: '1.02'
Warning	1292	Truncated incorrect datetime value: '2147483647'
Warning	1292	Truncated incorrect datetime value: '4294967294'
Warning	1292	Truncated incorrect datetime value: '922337203685477807'
Warning	1292	Truncated incorrect datetime value: 'a'
Warning	1292	Truncated incorrect datetime value: 'a1'
Warning	1292	Truncated incorrect datetime value: 'b'
Warnings:
SELECT * FROM t1 WHERE a >= CAST('2001#01#01 23:59:00' AS DATETIME);
a	b	c
2019#01#01	13	2016-06-06
2019-01-01	21	2011-09-01
2019.01.01	16	2012-05-01
Warning	1292	Truncated incorrect datetime value: '-4294967299'
Warning	1292	Truncated incorrect datetime value: '1'
Warning	1292	Truncated incorrect datetime value: '1.00'
Warning	1292	Truncated incorrect datetime value: '1.01'
Warning	1292	Truncated incorrect datetime value: '1.02'
Warning	1292	Truncated incorrect datetime value: '2147483647'
Warning	1292	Truncated incorrect datetime value: '4294967294'
Warning	1292	Truncated incorrect datetime value: '922337203685477807'
Warning	1292	Truncated incorrect datetime value: 'a'
Warning	1292	Truncated incorrect datetime value: 'a1'
Warning	1292	Truncated incorrect datetime value: 'b'
Warnings:
SELECT * FROM t1 WHERE a >= CAST('2001.01.01 01:00:00' AS DATETIME);
a	b	c
2019#01#01	13	2016-06-06
2019-01-01	21	2011-09-01
2019.01.01	16	2012-05-01
Warning	1292	Truncated incorrect datetime value: '-4294967299'
Warning	1292	Truncated incorrect datetime value: '1'
Warning	1292	Truncated incorrect datetime value: '1.00'
Warning	1292	Truncated incorrect datetime value: '1.01'
Warning	1292	Truncated incorrect datetime value: '1.02'
Warning	1292	Truncated incorrect datetime value: '2147483647'
Warning	1292	Truncated incorrect datetime value: '4294967294'
Warning	1292	Truncated incorrect datetime value: '922337203685477807'
Warning	1292	Truncated incorrect datetime value: 'a'
Warning	1292	Truncated incorrect datetime value: 'a1'
Warning	1292	Truncated incorrect datetime value: 'b'
Warnings:
SELECT * FROM t1 WHERE a > CAST('10000.01.01 03:00:00' AS DATETIME);
a	b	c
2001#01#01	22	2006-02-01
2001-01-01	13	2019-05-01
2001.01.01	10	2007-08-01
2019#01#01	13	2016-06-06
2019-01-01	21	2011-09-01
2019.01.01	16	2012-05-01
Warning	1292	Truncated incorrect datetime value: '-4294967299'
Warning	1292	Truncated incorrect datetime value: '1'
Warning	1292	Truncated incorrect datetime value: '1.00'
Warning	1292	Truncated incorrect datetime value: '1.01'
Warning	1292	Truncated incorrect datetime value: '1.02'
Warning	1292	Truncated incorrect datetime value: '10000.01.01 03:00:00'
Warning	1292	Truncated incorrect datetime value: '2147483647'
Warning	1292	Truncated incorrect datetime value: '4294967294'
Warning	1292	Truncated incorrect datetime value: '922337203685477807'
Warning	1292	Truncated incorrect datetime value: 'a'
Warning	1292	Truncated incorrect datetime value: 'a1'
Warning	1292	Truncated incorrect datetime value: 'b'
Warnings:
SELECT * FROM t1 WHERE a < CAST(c AS DATETIME);
a	b	c
-4294967299	-9	2001-01-05
1	9	2008-01-01
1.00	5	2013-01-01
1.01	6	2009-11-01
1.02	7	2004-04-01
2001#01#01	22	2006-02-01
2001-01-01	13	2019-05-01
2001.01.01	10	2007-08-01
2147483647	2	2001-01-02
4294967294	-1	2001-01-03
922337203685477807	-13	2001-01-11
Warning	1292	Truncated incorrect datetime value: '-4294967299'
Warning	1292	Truncated incorrect datetime value: '1'
Warning	1292	Truncated incorrect datetime value: '1.00'
Warning	1292	Truncated incorrect datetime value: '1.01'
Warning	1292	Truncated incorrect datetime value: '1.02'
Warning	1292	Truncated incorrect datetime value: '2147483647'
Warning	1292	Truncated incorrect datetime value: '4294967294'
Warning	1292	Truncated incorrect datetime value: '922337203685477807'
Warning	1292	Truncated incorrect datetime value: 'a'
Warning	1292	Truncated incorrect datetime value: 'a1'
Warning	1292	Truncated incorrect datetime value: 'b'
Warnings:
a	3	2000-01-01
a1	1	2001-01-01
b	11	2002-01-01
SELECT * FROM t1 WHERE a <= CAST(CURRENT_DATE() AS DATETIME);
a	b	c
-4294967299	-9	2001-01-05
1	9	2008-01-01
1.00	5	2013-01-01
1.01	6	2009-11-01
1.02	7	2004-04-01
2001#01#01	22	2006-02-01
2001-01-01	13	2019-05-01
2001.01.01	10	2007-08-01
2019#01#01	13	2016-06-06
2019-01-01	21	2011-09-01
2019.01.01	16	2012-05-01
2147483647	2	2001-01-02
4294967294	-1	2001-01-03
922337203685477807	-13	2001-01-11
Warning	1292	Truncated incorrect datetime value: '-4294967299'
Warning	1292	Truncated incorrect datetime value: '1'
Warning	1292	Truncated incorrect datetime value: '1.00'
Warning	1292	Truncated incorrect datetime value: '1.01'
Warning	1292	Truncated incorrect datetime value: '1.02'
Warning	1292	Truncated incorrect datetime value: '2147483647'
Warning	1292	Truncated incorrect datetime value: '4294967294'
Warning	1292	Truncated incorrect datetime value: '922337203685477807'
Warning	1292	Truncated incorrect datetime value: 'a'
Warning	1292	Truncated incorrect datetime value: 'a1'
Warning	1292	Truncated incorrect datetime value: 'b'
Warnings:
a	3	2000-01-01
a1	1	2001-01-01
b	11	2002-01-01
SELECT * FROM t1 WHERE a = CAST('1' AS TIME);
a	b	c
1	9	2008-01-01
1.00	5	2013-01-01
Warning	1292	Truncated incorrect time value: '-4294967299'
Warning	1292	Truncated incorrect time value: '2001#01#01'
Warning	1292	Truncated incorrect time value: '2001-01-01'
Warning	1292	Truncated incorrect time value: '2001.01.01'
Warning	1292	Truncated incorrect time value: '2019#01#01'
Warning	1292	Truncated incorrect time value: '2019-01-01'
Warning	1292	Truncated incorrect time value: '2019.01.01'
Warning	1292	Truncated incorrect time value: '2147483647'
Warning	1292	Truncated incorrect time value: '4294967294'
Warning	1292	Truncated incorrect time value: '922337203685477807'
Warning	1292	Truncated incorrect time value: 'a'
Warning	1292	Truncated incorrect time value: 'a1'
Warning	1292	Truncated incorrect time value: 'b'
Warnings:
SELECT * FROM t1 WHERE a >= CAST('2001-01-01 00:00:00' AS TIME);
a	b	c
-4294967299	-9	2001-01-05
1	9	2008-01-01
1.00	5	2013-01-01
1.01	6	2009-11-01
1.02	7	2004-04-01
2001#01#01	22	2006-02-01
2001-01-01	13	2019-05-01
2001.01.01	10	2007-08-01
2019#01#01	13	2016-06-06
2019-01-01	21	2011-09-01
2019.01.01	16	2012-05-01
2147483647	2	2001-01-02
4294967294	-1	2001-01-03
922337203685477807	-13	2001-01-11
Warning	1292	Truncated incorrect time value: '-4294967299'
Warning	1292	Truncated incorrect time value: '2001#01#01'
Warning	1292	Truncated incorrect time value: '2001-01-01'
Warning	1292	Truncated incorrect time value: '2001.01.01'
Warning	1292	Truncated incorrect time value: '2019#01#01'
Warning	1292	Truncated incorrect time value: '2019-01-01'
Warning	1292	Truncated incorrect time value: '2019.01.01'
Warning	1292	Truncated incorrect time value: '2147483647'
Warning	1292	Truncated incorrect time value: '4294967294'
Warning	1292	Truncated incorrect time value: '922337203685477807'
Warning	1292	Truncated incorrect time value: 'a'
Warning	1292	Truncated incorrect time value: 'a1'
Warning	1292	Truncated incorrect time value: 'b'
Warnings:
a	3	2000-01-01
a1	1	2001-01-01
b	11	2002-01-01
SELECT * FROM t1 WHERE a >= CAST('2001#01#01 23:59:00' AS TIME);
a	b	c
2147483647	2	2001-01-02
Warning	1292	Truncated incorrect time value: '-4294967299'
Warning	1292	Truncated incorrect time value: '2001#01#01'
Warning	1292	Truncated incorrect time value: '2001-01-01'
Warning	1292	Truncated incorrect time value: '2001.01.01'
Warning	1292	Truncated incorrect time value: '2019#01#01'
Warning	1292	Truncated incorrect time value: '2019-01-01'
Warning	1292	Truncated incorrect time value: '2019.01.01'
Warning	1292	Truncated incorrect time value: '2147483647'
Warning	1292	Truncated incorrect time value: '4294967294'
Warning	1292	Truncated incorrect time value: '922337203685477807'
Warning	1292	Truncated incorrect time value: 'a'
Warning	1292	Truncated incorrect time value: 'a1'
Warning	1292	Truncated incorrect time value: 'b'
Warnings:
SELECT * FROM t1 WHERE a >= CAST('2001.01.01 01:00:00' AS TIME);
a	b	c
2147483647	2	2001-01-02
Warning	1292	Truncated incorrect time value: '-4294967299'
Warning	1292	Truncated incorrect time value: '2001#01#01'
Warning	1292	Truncated incorrect time value: '2001-01-01'
Warning	1292	Truncated incorrect time value: '2001.01.01'
Warning	1292	Truncated incorrect time value: '2019#01#01'
Warning	1292	Truncated incorrect time value: '2019-01-01'
Warning	1292	Truncated incorrect time value: '2019.01.01'
Warning	1292	Truncated incorrect time value: '2147483647'
Warning	1292	Truncated incorrect time value: '4294967294'
Warning	1292	Truncated incorrect time value: '922337203685477807'
Warning	1292	Truncated incorrect time value: 'a'
Warning	1292	Truncated incorrect time value: 'a1'
Warning	1292	Truncated incorrect time value: 'b'
Warnings:
SELECT * FROM t1 WHERE a > CAST('10000.01.01 03:00:00' AS TIME);
a	b	c
1	9	2008-01-01
1.00	5	2013-01-01
1.01	6	2009-11-01
1.02	7	2004-04-01
2001#01#01	22	2006-02-01
2001-01-01	13	2019-05-01
2001.01.01	10	2007-08-01
2019#01#01	13	2016-06-06
2019-01-01	21	2011-09-01
2019.01.01	16	2012-05-01
2147483647	2	2001-01-02
SELECT * FROM t1 WHERE a > CAST('-839:59:59.0000' AS TIME);
a	b	c
-4294967299	-9	2001-01-05
1	9	2008-01-01
1.00	5	2013-01-01
1.01	6	2009-11-01
1.02	7	2004-04-01
2001#01#01	22	2006-02-01
2001-01-01	13	2019-05-01
2001.01.01	10	2007-08-01
2019#01#01	13	2016-06-06
2019-01-01	21	2011-09-01
2019.01.01	16	2012-05-01
2147483647	2	2001-01-02
4294967294	-1	2001-01-03
922337203685477807	-13	2001-01-11
Warning	1292	Truncated incorrect time value: '-4294967299'
Warning	1292	Truncated incorrect time value: '-839:59:59.0000'
Warning	1292	Truncated incorrect time value: '2001#01#01'
Warning	1292	Truncated incorrect time value: '2001-01-01'
Warning	1292	Truncated incorrect time value: '2001.01.01'
Warning	1292	Truncated incorrect time value: '2019#01#01'
Warning	1292	Truncated incorrect time value: '2019-01-01'
Warning	1292	Truncated incorrect time value: '2019.01.01'
Warning	1292	Truncated incorrect time value: '2147483647'
Warning	1292	Truncated incorrect time value: '4294967294'
Warning	1292	Truncated incorrect time value: '922337203685477807'
Warning	1292	Truncated incorrect time value: 'a'
Warning	1292	Truncated incorrect time value: 'a1'
Warning	1292	Truncated incorrect time value: 'b'
Warnings:
a	3	2000-01-01
a1	1	2001-01-01
b	11	2002-01-01
SELECT * FROM t1 WHERE a < CAST(c AS TIME);
a	b	c
Warning	1292	Truncated incorrect time value: '-4294967299'
Warning	1292	Truncated incorrect time value: '2001#01#01'
Warning	1292	Truncated incorrect time value: '2001-01-01'
Warning	1292	Truncated incorrect time value: '2001.01.01'
Warning	1292	Truncated incorrect time value: '2019#01#01'
Warning	1292	Truncated incorrect time value: '2019-01-01'
Warning	1292	Truncated incorrect time value: '2019.01.01'
Warning	1292	Truncated incorrect time value: '2147483647'
Warning	1292	Truncated incorrect time value: '4294967294'
Warning	1292	Truncated incorrect time value: '922337203685477807'
Warning	1292	Truncated incorrect time value: 'a'
Warning	1292	Truncated incorrect time value: 'a1'
Warning	1292	Truncated incorrect time value: 'b'
Warnings:
DROP TABLE t1;
drop database func_cast_binary_char_text_blob_sequoiadb;
