drop database if exists func_cast_date_datetime_time_timestamp_sequoiadb;
create database func_cast_date_datetime_time_timestamp_sequoiadb;
drop database func_cast_date_datetime_time_timestamp_sequoiadb;
create database func_cast_date_datetime_time_timestamp_sequoiadb;
use func_cast_date_datetime_time_timestamp_sequoiadb;
CREATE TABLE t1(a DATE, b VARCHAR(127), c DATETIME );
INSERT INTO t1 VALUES ('2001-01-01','1.00','2001-05-01 01:12:12'),('2001#01#01','1','2001-05-02 00:01:01'),('2001.01.01','1.01','2001-05-06 23:01:01'),('2000-11-11','a','2007-02-01 02:01:01'),('2000-11-11','a1','2004-04-03 19:20:00'),('2007-08-01','2147483647','2003-03-03 18:18:00'),('2009-09-01','4294967294','2012-12-03 08:10:00'),('2014-05-12','-4294967299','2006-10-02 08:00:02'),('2014-05-12','922337203685477807','2019-02-02 07:30:52'),('2000-07-01','-1','2004-01-04 10:10:10');
SELECT * FROM t1 WHERE a = CAST('1' AS CHAR);
a	b	c
SELECT * FROM t1 WHERE a < CAST(1.00 AS CHAR);
a	b	c
SELECT * FROM t1 WHERE a > CAST(REPEAT('123a',3) AS CHAR);
a	b	c
2000-07-01	-1	2004-01-04 10:10:10
2000-11-11	a	2007-02-01 02:01:01
2000-11-11	a1	2004-04-03 19:20:00
2001-01-01	1	2001-05-02 00:01:01
2001-01-01	1.00	2001-05-01 01:12:12
2001-01-01	1.01	2001-05-06 23:01:01
2007-08-01	2147483647	2003-03-03 18:18:00
2009-09-01	4294967294	2012-12-03 08:10:00
2014-05-12	-4294967299	2006-10-02 08:00:02
2014-05-12	922337203685477807	2019-02-02 07:30:52
SELECT * FROM t1 WHERE a <> CAST('1.00' AS NCHAR);
a	b	c
2000-07-01	-1	2004-01-04 10:10:10
2000-11-11	a	2007-02-01 02:01:01
2000-11-11	a1	2004-04-03 19:20:00
2001-01-01	1	2001-05-02 00:01:01
2001-01-01	1.00	2001-05-01 01:12:12
2001-01-01	1.01	2001-05-06 23:01:01
2007-08-01	2147483647	2003-03-03 18:18:00
2009-09-01	4294967294	2012-12-03 08:10:00
2014-05-12	-4294967299	2006-10-02 08:00:02
2014-05-12	922337203685477807	2019-02-02 07:30:52
SELECT * FROM t1 WHERE a != CAST(1.01 AS NCHAR);
a	b	c
2000-07-01	-1	2004-01-04 10:10:10
2000-11-11	a	2007-02-01 02:01:01
2000-11-11	a1	2004-04-03 19:20:00
2001-01-01	1	2001-05-02 00:01:01
2001-01-01	1.00	2001-05-01 01:12:12
2001-01-01	1.01	2001-05-06 23:01:01
2007-08-01	2147483647	2003-03-03 18:18:00
2009-09-01	4294967294	2012-12-03 08:10:00
2014-05-12	-4294967299	2006-10-02 08:00:02
2014-05-12	922337203685477807	2019-02-02 07:30:52
SELECT * FROM t1 WHERE a >= CAST(REVERSE('acb1243') AS NCHAR);
a	b	c
SELECT * FROM t1 WHERE a = CAST('1.01' AS BINARY);
a	b	c
SELECT * FROM t1 WHERE a > CAST(1 AS BINARY);
a	b	c
2000-07-01	-1	2004-01-04 10:10:10
2000-11-11	a	2007-02-01 02:01:01
2000-11-11	a1	2004-04-03 19:20:00
2001-01-01	1	2001-05-02 00:01:01
2001-01-01	1.00	2001-05-01 01:12:12
2001-01-01	1.01	2001-05-06 23:01:01
2007-08-01	2147483647	2003-03-03 18:18:00
2009-09-01	4294967294	2012-12-03 08:10:00
2014-05-12	-4294967299	2006-10-02 08:00:02
2014-05-12	922337203685477807	2019-02-02 07:30:52
SELECT * FROM t1 WHERE a <= CAST(REPLACE('ab12c4','ab12','234') AS BINARY);
a	b	c
2000-07-01	-1	2004-01-04 10:10:10
2000-11-11	a	2007-02-01 02:01:01
2000-11-11	a1	2004-04-03 19:20:00
2001-01-01	1	2001-05-02 00:01:01
2001-01-01	1.00	2001-05-01 01:12:12
2001-01-01	1.01	2001-05-06 23:01:01
2007-08-01	2147483647	2003-03-03 18:18:00
2009-09-01	4294967294	2012-12-03 08:10:00
2014-05-12	-4294967299	2006-10-02 08:00:02
2014-05-12	922337203685477807	2019-02-02 07:30:52
SELECT * FROM t1 WHERE a > CAST(b AS CHAR);
a	b	c
2000-07-01	-1	2004-01-04 10:10:10
2000-11-11	a	2007-02-01 02:01:01
2000-11-11	a1	2004-04-03 19:20:00
2001-01-01	1	2001-05-02 00:01:01
2001-01-01	1.00	2001-05-01 01:12:12
2001-01-01	1.01	2001-05-06 23:01:01
2007-08-01	2147483647	2003-03-03 18:18:00
2009-09-01	4294967294	2012-12-03 08:10:00
2014-05-12	-4294967299	2006-10-02 08:00:02
2014-05-12	922337203685477807	2019-02-02 07:30:52
SELECT * FROM t1 WHERE a > CAST(b AS NCHAR);
a	b	c
2000-07-01	-1	2004-01-04 10:10:10
2000-11-11	a	2007-02-01 02:01:01
2000-11-11	a1	2004-04-03 19:20:00
2001-01-01	1	2001-05-02 00:01:01
2001-01-01	1.00	2001-05-01 01:12:12
2001-01-01	1.01	2001-05-06 23:01:01
2007-08-01	2147483647	2003-03-03 18:18:00
2009-09-01	4294967294	2012-12-03 08:10:00
2014-05-12	-4294967299	2006-10-02 08:00:02
2014-05-12	922337203685477807	2019-02-02 07:30:52
SELECT * FROM t1 WHERE a > CAST(b AS BINARY);
a	b	c
2000-07-01	-1	2004-01-04 10:10:10
2000-11-11	a	2007-02-01 02:01:01
2000-11-11	a1	2004-04-03 19:20:00
2001-01-01	1	2001-05-02 00:01:01
2001-01-01	1.00	2001-05-01 01:12:12
2001-01-01	1.01	2001-05-06 23:01:01
2007-08-01	2147483647	2003-03-03 18:18:00
2009-09-01	4294967294	2012-12-03 08:10:00
2014-05-12	-4294967299	2006-10-02 08:00:02
2014-05-12	922337203685477807	2019-02-02 07:30:52
SELECT * FROM t1 WHERE a = CAST('1' AS SIGNED);
a	b	c
SELECT * FROM t1 WHERE a < CAST(2147483647 AS SIGNED);
a	b	c
2000-07-01	-1	2004-01-04 10:10:10
2000-11-11	a	2007-02-01 02:01:01
2000-11-11	a1	2004-04-03 19:20:00
2001-01-01	1	2001-05-02 00:01:01
2001-01-01	1.00	2001-05-01 01:12:12
2001-01-01	1.01	2001-05-06 23:01:01
2007-08-01	2147483647	2003-03-03 18:18:00
2009-09-01	4294967294	2012-12-03 08:10:00
2014-05-12	-4294967299	2006-10-02 08:00:02
2014-05-12	922337203685477807	2019-02-02 07:30:52
SELECT * FROM t1 WHERE a >= CAST(-2147483649 AS SIGNED);
a	b	c
2000-07-01	-1	2004-01-04 10:10:10
2000-11-11	a	2007-02-01 02:01:01
2000-11-11	a1	2004-04-03 19:20:00
2001-01-01	1	2001-05-02 00:01:01
2001-01-01	1.00	2001-05-01 01:12:12
2001-01-01	1.01	2001-05-06 23:01:01
2007-08-01	2147483647	2003-03-03 18:18:00
2009-09-01	4294967294	2012-12-03 08:10:00
2014-05-12	-4294967299	2006-10-02 08:00:02
2014-05-12	922337203685477807	2019-02-02 07:30:52
SELECT * FROM t1 WHERE a < CAST(b AS SIGNED);
a	b	c
2007-08-01	2147483647	2003-03-03 18:18:00
2009-09-01	4294967294	2012-12-03 08:10:00
2014-05-12	922337203685477807	2019-02-02 07:30:52
SELECT * FROM t1 WHERE a >= CAST(INSERT('312abc',3,2,'00') AS SIGNED);
a	b	c
2000-07-01	-1	2004-01-04 10:10:10
2000-11-11	a	2007-02-01 02:01:01
2000-11-11	a1	2004-04-03 19:20:00
2001-01-01	1	2001-05-02 00:01:01
2001-01-01	1.00	2001-05-01 01:12:12
2001-01-01	1.01	2001-05-06 23:01:01
2007-08-01	2147483647	2003-03-03 18:18:00
2009-09-01	4294967294	2012-12-03 08:10:00
2014-05-12	-4294967299	2006-10-02 08:00:02
2014-05-12	922337203685477807	2019-02-02 07:30:52
SELECT * FROM t1 WHERE a = CAST('1.00' AS UNSIGNED);
a	b	c
SELECT * FROM t1 WHERE a < CAST(4294967297 AS UNSIGNED);
a	b	c
2000-07-01	-1	2004-01-04 10:10:10
2000-11-11	a	2007-02-01 02:01:01
2000-11-11	a1	2004-04-03 19:20:00
2001-01-01	1	2001-05-02 00:01:01
2001-01-01	1.00	2001-05-01 01:12:12
2001-01-01	1.01	2001-05-06 23:01:01
2007-08-01	2147483647	2003-03-03 18:18:00
2009-09-01	4294967294	2012-12-03 08:10:00
2014-05-12	-4294967299	2006-10-02 08:00:02
2014-05-12	922337203685477807	2019-02-02 07:30:52
SELECT * FROM t1 WHERE a >= CAST(-4294967299 AS UNSIGNED);
a	b	c
SELECT * FROM t1 WHERE a < CAST(b AS UNSIGNED);
a	b	c
2000-07-01	-1	2004-01-04 10:10:10
2007-08-01	2147483647	2003-03-03 18:18:00
2009-09-01	4294967294	2012-12-03 08:10:00
2014-05-12	-4294967299	2006-10-02 08:00:02
2014-05-12	922337203685477807	2019-02-02 07:30:52
SELECT * FROM t1 WHERE a < CAST(FLOOR(2147483647.2) AS UNSIGNED);
a	b	c
2000-07-01	-1	2004-01-04 10:10:10
2000-11-11	a	2007-02-01 02:01:01
2000-11-11	a1	2004-04-03 19:20:00
2001-01-01	1	2001-05-02 00:01:01
2001-01-01	1.00	2001-05-01 01:12:12
2001-01-01	1.01	2001-05-06 23:01:01
2007-08-01	2147483647	2003-03-03 18:18:00
2009-09-01	4294967294	2012-12-03 08:10:00
2014-05-12	-4294967299	2006-10-02 08:00:02
2014-05-12	922337203685477807	2019-02-02 07:30:52
SELECT * FROM t1 WHERE a = CAST('1' AS DECIMAL);
a	b	c
SELECT * FROM t1 WHERE a <> CAST(1.01 AS DECIMAL);
a	b	c
2000-07-01	-1	2004-01-04 10:10:10
2000-11-11	a	2007-02-01 02:01:01
2000-11-11	a1	2004-04-03 19:20:00
2001-01-01	1	2001-05-02 00:01:01
2001-01-01	1.00	2001-05-01 01:12:12
2001-01-01	1.01	2001-05-06 23:01:01
2007-08-01	2147483647	2003-03-03 18:18:00
2009-09-01	4294967294	2012-12-03 08:10:00
2014-05-12	-4294967299	2006-10-02 08:00:02
2014-05-12	922337203685477807	2019-02-02 07:30:52
SELECT * FROM t1 WHERE a <= CAST(922337203685477580800 AS DECIMAL);
a	b	c
2000-07-01	-1	2004-01-04 10:10:10
2000-11-11	a	2007-02-01 02:01:01
2000-11-11	a1	2004-04-03 19:20:00
2001-01-01	1	2001-05-02 00:01:01
2001-01-01	1.00	2001-05-01 01:12:12
2001-01-01	1.01	2001-05-06 23:01:01
2007-08-01	2147483647	2003-03-03 18:18:00
2009-09-01	4294967294	2012-12-03 08:10:00
2014-05-12	-4294967299	2006-10-02 08:00:02
2014-05-12	922337203685477807	2019-02-02 07:30:52
SELECT * FROM t1 WHERE a < CAST(b AS DECIMAL);
a	b	c
2007-08-01	2147483647	2003-03-03 18:18:00
2009-09-01	4294967294	2012-12-03 08:10:00
2014-05-12	922337203685477807	2019-02-02 07:30:52
SELECT * FROM t1 WHERE a >= CAST(CEILING(-922337203685477580800) AS DECIMAL);
a	b	c
2000-07-01	-1	2004-01-04 10:10:10
2000-11-11	a	2007-02-01 02:01:01
2000-11-11	a1	2004-04-03 19:20:00
2001-01-01	1	2001-05-02 00:01:01
2001-01-01	1.00	2001-05-01 01:12:12
2001-01-01	1.01	2001-05-06 23:01:01
2007-08-01	2147483647	2003-03-03 18:18:00
2009-09-01	4294967294	2012-12-03 08:10:00
2014-05-12	-4294967299	2006-10-02 08:00:02
2014-05-12	922337203685477807	2019-02-02 07:30:52
SELECT * FROM t1 WHERE a = CAST('1' AS DATE);
a	b	c
SELECT * FROM t1 WHERE a >= CAST('2001-01-01' AS DATE);
a	b	c
2001-01-01	1	2001-05-02 00:01:01
2001-01-01	1.00	2001-05-01 01:12:12
2001-01-01	1.01	2001-05-06 23:01:01
2007-08-01	2147483647	2003-03-03 18:18:00
2009-09-01	4294967294	2012-12-03 08:10:00
2014-05-12	-4294967299	2006-10-02 08:00:02
2014-05-12	922337203685477807	2019-02-02 07:30:52
SELECT * FROM t1 WHERE a >= CAST('2001#01#01' AS DATE);
a	b	c
2001-01-01	1	2001-05-02 00:01:01
2001-01-01	1.00	2001-05-01 01:12:12
2001-01-01	1.01	2001-05-06 23:01:01
2007-08-01	2147483647	2003-03-03 18:18:00
2009-09-01	4294967294	2012-12-03 08:10:00
2014-05-12	-4294967299	2006-10-02 08:00:02
2014-05-12	922337203685477807	2019-02-02 07:30:52
SELECT * FROM t1 WHERE a >= CAST('2001.01.01' AS DATE);
a	b	c
2001-01-01	1	2001-05-02 00:01:01
2001-01-01	1.00	2001-05-01 01:12:12
2001-01-01	1.01	2001-05-06 23:01:01
2007-08-01	2147483647	2003-03-03 18:18:00
2009-09-01	4294967294	2012-12-03 08:10:00
2014-05-12	-4294967299	2006-10-02 08:00:02
2014-05-12	922337203685477807	2019-02-02 07:30:52
SELECT * FROM t1 WHERE a > CAST('9999.12.31' AS DATE);
a	b	c
SELECT * FROM t1 WHERE a < CAST(c AS DATE);
a	b	c
2000-07-01	-1	2004-01-04 10:10:10
2000-11-11	a	2007-02-01 02:01:01
2000-11-11	a1	2004-04-03 19:20:00
2001-01-01	1	2001-05-02 00:01:01
2001-01-01	1.00	2001-05-01 01:12:12
2001-01-01	1.01	2001-05-06 23:01:01
2009-09-01	4294967294	2012-12-03 08:10:00
2014-05-12	922337203685477807	2019-02-02 07:30:52
SELECT * FROM t1 WHERE a <= CAST(NOW() AS DATE);
a	b	c
2000-07-01	-1	2004-01-04 10:10:10
2000-11-11	a	2007-02-01 02:01:01
2000-11-11	a1	2004-04-03 19:20:00
2001-01-01	1	2001-05-02 00:01:01
2001-01-01	1.00	2001-05-01 01:12:12
2001-01-01	1.01	2001-05-06 23:01:01
2007-08-01	2147483647	2003-03-03 18:18:00
2009-09-01	4294967294	2012-12-03 08:10:00
2014-05-12	-4294967299	2006-10-02 08:00:02
2014-05-12	922337203685477807	2019-02-02 07:30:52
SELECT * FROM t1 WHERE a > CAST('1.00' AS DATETIME);
a	b	c
SELECT * FROM t1 WHERE a >= CAST('2001-01-01 00:00:00' AS DATETIME);
a	b	c
2001-01-01	1	2001-05-02 00:01:01
2001-01-01	1.00	2001-05-01 01:12:12
2001-01-01	1.01	2001-05-06 23:01:01
2007-08-01	2147483647	2003-03-03 18:18:00
2009-09-01	4294967294	2012-12-03 08:10:00
2014-05-12	-4294967299	2006-10-02 08:00:02
2014-05-12	922337203685477807	2019-02-02 07:30:52
SELECT * FROM t1 WHERE a >= CAST('2001#01#01 23:59:00' AS DATETIME);
a	b	c
2007-08-01	2147483647	2003-03-03 18:18:00
2009-09-01	4294967294	2012-12-03 08:10:00
2014-05-12	-4294967299	2006-10-02 08:00:02
2014-05-12	922337203685477807	2019-02-02 07:30:52
SELECT * FROM t1 WHERE a >= CAST('2001.01.01 01:00:00' AS DATETIME);
a	b	c
2007-08-01	2147483647	2003-03-03 18:18:00
2009-09-01	4294967294	2012-12-03 08:10:00
2014-05-12	-4294967299	2006-10-02 08:00:02
2014-05-12	922337203685477807	2019-02-02 07:30:52
SELECT * FROM t1 WHERE a <= CAST('9999.12.31' AS DATETIME);
a	b	c
2000-07-01	-1	2004-01-04 10:10:10
2000-11-11	a	2007-02-01 02:01:01
2000-11-11	a1	2004-04-03 19:20:00
2001-01-01	1	2001-05-02 00:01:01
2001-01-01	1.00	2001-05-01 01:12:12
2001-01-01	1.01	2001-05-06 23:01:01
2007-08-01	2147483647	2003-03-03 18:18:00
2009-09-01	4294967294	2012-12-03 08:10:00
2014-05-12	-4294967299	2006-10-02 08:00:02
2014-05-12	922337203685477807	2019-02-02 07:30:52
SELECT * FROM t1 WHERE a < CAST(c AS DATETIME);
a	b	c
2000-07-01	-1	2004-01-04 10:10:10
2000-11-11	a	2007-02-01 02:01:01
2000-11-11	a1	2004-04-03 19:20:00
2001-01-01	1	2001-05-02 00:01:01
2001-01-01	1.00	2001-05-01 01:12:12
2001-01-01	1.01	2001-05-06 23:01:01
2009-09-01	4294967294	2012-12-03 08:10:00
2014-05-12	922337203685477807	2019-02-02 07:30:52
SELECT * FROM t1 WHERE a <= CAST(CURRENT_DATE() AS DATETIME);
a	b	c
2000-07-01	-1	2004-01-04 10:10:10
2000-11-11	a	2007-02-01 02:01:01
2000-11-11	a1	2004-04-03 19:20:00
2001-01-01	1	2001-05-02 00:01:01
2001-01-01	1.00	2001-05-01 01:12:12
2001-01-01	1.01	2001-05-06 23:01:01
2007-08-01	2147483647	2003-03-03 18:18:00
2009-09-01	4294967294	2012-12-03 08:10:00
2014-05-12	-4294967299	2006-10-02 08:00:02
2014-05-12	922337203685477807	2019-02-02 07:30:52
SELECT * FROM t1 WHERE a <> CAST('1.01' AS TIME);
a	b	c
2000-07-01	-1	2004-01-04 10:10:10
2000-11-11	a	2007-02-01 02:01:01
2000-11-11	a1	2004-04-03 19:20:00
2001-01-01	1	2001-05-02 00:01:01
2001-01-01	1.00	2001-05-01 01:12:12
2001-01-01	1.01	2001-05-06 23:01:01
2007-08-01	2147483647	2003-03-03 18:18:00
2009-09-01	4294967294	2012-12-03 08:10:00
2014-05-12	-4294967299	2006-10-02 08:00:02
2014-05-12	922337203685477807	2019-02-02 07:30:52
SELECT * FROM t1 WHERE a >= CAST('2001-01-01 00:00:00' AS TIME);
a	b	c
SELECT * FROM t1 WHERE a <= CAST('2001#01#01 23:59:00' AS TIME);
a	b	c
2000-07-01	-1	2004-01-04 10:10:10
2000-11-11	a	2007-02-01 02:01:01
2000-11-11	a1	2004-04-03 19:20:00
2001-01-01	1	2001-05-02 00:01:01
2001-01-01	1.00	2001-05-01 01:12:12
2001-01-01	1.01	2001-05-06 23:01:01
2007-08-01	2147483647	2003-03-03 18:18:00
2009-09-01	4294967294	2012-12-03 08:10:00
2014-05-12	-4294967299	2006-10-02 08:00:02
2014-05-12	922337203685477807	2019-02-02 07:30:52
SELECT * FROM t1 WHERE a >= CAST('2001.01.01 01:00:00' AS TIME);
a	b	c
SELECT * FROM t1 WHERE a > CAST('-839:59:59.0000' AS TIME);
a	b	c
SELECT * FROM t1 WHERE a < CAST('10000.01.01 00:00:00' AS TIME);
a	b	c
2000-07-01	-1	2004-01-04 10:10:10
2000-11-11	a	2007-02-01 02:01:01
2000-11-11	a1	2004-04-03 19:20:00
2001-01-01	1	2001-05-02 00:01:01
2001-01-01	1.00	2001-05-01 01:12:12
2001-01-01	1.01	2001-05-06 23:01:01
2007-08-01	2147483647	2003-03-03 18:18:00
2009-09-01	4294967294	2012-12-03 08:10:00
2014-05-12	-4294967299	2006-10-02 08:00:02
2014-05-12	922337203685477807	2019-02-02 07:30:52
SELECT * FROM t1 WHERE a < CAST(c AS TIME);
a	b	c
2000-07-01	-1	2004-01-04 10:10:10
2000-11-11	a	2007-02-01 02:01:01
2000-11-11	a1	2004-04-03 19:20:00
2001-01-01	1	2001-05-02 00:01:01
2001-01-01	1.00	2001-05-01 01:12:12
2001-01-01	1.01	2001-05-06 23:01:01
2007-08-01	2147483647	2003-03-03 18:18:00
2009-09-01	4294967294	2012-12-03 08:10:00
2014-05-12	-4294967299	2006-10-02 08:00:02
2014-05-12	922337203685477807	2019-02-02 07:30:52
ALTER TABLE t1 ADD INDEX aIdx(a);
SELECT * FROM t1 WHERE a = CAST('1' AS CHAR);
a	b	c
SELECT * FROM t1 WHERE a < CAST(1.00 AS CHAR);
a	b	c
SELECT * FROM t1 WHERE a > CAST(REPEAT('123a',3) AS CHAR);
a	b	c
2000-07-01	-1	2004-01-04 10:10:10
2000-11-11	a	2007-02-01 02:01:01
2000-11-11	a1	2004-04-03 19:20:00
2001-01-01	1	2001-05-02 00:01:01
2001-01-01	1.00	2001-05-01 01:12:12
2001-01-01	1.01	2001-05-06 23:01:01
2007-08-01	2147483647	2003-03-03 18:18:00
2009-09-01	4294967294	2012-12-03 08:10:00
2014-05-12	-4294967299	2006-10-02 08:00:02
2014-05-12	922337203685477807	2019-02-02 07:30:52
SELECT * FROM t1 WHERE a <> CAST('1.00' AS NCHAR);
a	b	c
2000-07-01	-1	2004-01-04 10:10:10
2000-11-11	a	2007-02-01 02:01:01
2000-11-11	a1	2004-04-03 19:20:00
2001-01-01	1	2001-05-02 00:01:01
2001-01-01	1.00	2001-05-01 01:12:12
2001-01-01	1.01	2001-05-06 23:01:01
2007-08-01	2147483647	2003-03-03 18:18:00
2009-09-01	4294967294	2012-12-03 08:10:00
2014-05-12	-4294967299	2006-10-02 08:00:02
2014-05-12	922337203685477807	2019-02-02 07:30:52
SELECT * FROM t1 WHERE a != CAST(1.01 AS NCHAR);
a	b	c
2000-07-01	-1	2004-01-04 10:10:10
2000-11-11	a	2007-02-01 02:01:01
2000-11-11	a1	2004-04-03 19:20:00
2001-01-01	1	2001-05-02 00:01:01
2001-01-01	1.00	2001-05-01 01:12:12
2001-01-01	1.01	2001-05-06 23:01:01
2007-08-01	2147483647	2003-03-03 18:18:00
2009-09-01	4294967294	2012-12-03 08:10:00
2014-05-12	-4294967299	2006-10-02 08:00:02
2014-05-12	922337203685477807	2019-02-02 07:30:52
SELECT * FROM t1 WHERE a >= CAST(REVERSE('acb1243') AS NCHAR);
a	b	c
SELECT * FROM t1 WHERE a = CAST('1.01' AS BINARY);
a	b	c
SELECT * FROM t1 WHERE a > CAST(1 AS BINARY);
a	b	c
2000-07-01	-1	2004-01-04 10:10:10
2000-11-11	a	2007-02-01 02:01:01
2000-11-11	a1	2004-04-03 19:20:00
2001-01-01	1	2001-05-02 00:01:01
2001-01-01	1.00	2001-05-01 01:12:12
2001-01-01	1.01	2001-05-06 23:01:01
2007-08-01	2147483647	2003-03-03 18:18:00
2009-09-01	4294967294	2012-12-03 08:10:00
2014-05-12	-4294967299	2006-10-02 08:00:02
2014-05-12	922337203685477807	2019-02-02 07:30:52
SELECT * FROM t1 WHERE a <= CAST(REPLACE('ab12c4','ab12','234') AS BINARY);
a	b	c
2000-07-01	-1	2004-01-04 10:10:10
2000-11-11	a	2007-02-01 02:01:01
2000-11-11	a1	2004-04-03 19:20:00
2001-01-01	1	2001-05-02 00:01:01
2001-01-01	1.00	2001-05-01 01:12:12
2001-01-01	1.01	2001-05-06 23:01:01
2007-08-01	2147483647	2003-03-03 18:18:00
2009-09-01	4294967294	2012-12-03 08:10:00
2014-05-12	-4294967299	2006-10-02 08:00:02
2014-05-12	922337203685477807	2019-02-02 07:30:52
SELECT * FROM t1 WHERE a > CAST(b AS CHAR);
a	b	c
2000-07-01	-1	2004-01-04 10:10:10
2000-11-11	a	2007-02-01 02:01:01
2000-11-11	a1	2004-04-03 19:20:00
2001-01-01	1	2001-05-02 00:01:01
2001-01-01	1.00	2001-05-01 01:12:12
2001-01-01	1.01	2001-05-06 23:01:01
2007-08-01	2147483647	2003-03-03 18:18:00
2009-09-01	4294967294	2012-12-03 08:10:00
2014-05-12	-4294967299	2006-10-02 08:00:02
2014-05-12	922337203685477807	2019-02-02 07:30:52
SELECT * FROM t1 WHERE a > CAST(b AS NCHAR);
a	b	c
2000-07-01	-1	2004-01-04 10:10:10
2000-11-11	a	2007-02-01 02:01:01
2000-11-11	a1	2004-04-03 19:20:00
2001-01-01	1	2001-05-02 00:01:01
2001-01-01	1.00	2001-05-01 01:12:12
2001-01-01	1.01	2001-05-06 23:01:01
2007-08-01	2147483647	2003-03-03 18:18:00
2009-09-01	4294967294	2012-12-03 08:10:00
2014-05-12	-4294967299	2006-10-02 08:00:02
2014-05-12	922337203685477807	2019-02-02 07:30:52
SELECT * FROM t1 WHERE a > CAST(b AS BINARY);
a	b	c
2000-07-01	-1	2004-01-04 10:10:10
2000-11-11	a	2007-02-01 02:01:01
2000-11-11	a1	2004-04-03 19:20:00
2001-01-01	1	2001-05-02 00:01:01
2001-01-01	1.00	2001-05-01 01:12:12
2001-01-01	1.01	2001-05-06 23:01:01
2007-08-01	2147483647	2003-03-03 18:18:00
2009-09-01	4294967294	2012-12-03 08:10:00
2014-05-12	-4294967299	2006-10-02 08:00:02
2014-05-12	922337203685477807	2019-02-02 07:30:52
SELECT * FROM t1 WHERE a = CAST('1' AS SIGNED);
a	b	c
SELECT * FROM t1 WHERE a < CAST(2147483647 AS SIGNED);
a	b	c
2000-07-01	-1	2004-01-04 10:10:10
2000-11-11	a	2007-02-01 02:01:01
2000-11-11	a1	2004-04-03 19:20:00
2001-01-01	1	2001-05-02 00:01:01
2001-01-01	1.00	2001-05-01 01:12:12
2001-01-01	1.01	2001-05-06 23:01:01
2007-08-01	2147483647	2003-03-03 18:18:00
2009-09-01	4294967294	2012-12-03 08:10:00
2014-05-12	-4294967299	2006-10-02 08:00:02
2014-05-12	922337203685477807	2019-02-02 07:30:52
SELECT * FROM t1 WHERE a >= CAST(-2147483649 AS SIGNED);
a	b	c
2000-07-01	-1	2004-01-04 10:10:10
2000-11-11	a	2007-02-01 02:01:01
2000-11-11	a1	2004-04-03 19:20:00
2001-01-01	1	2001-05-02 00:01:01
2001-01-01	1.00	2001-05-01 01:12:12
2001-01-01	1.01	2001-05-06 23:01:01
2007-08-01	2147483647	2003-03-03 18:18:00
2009-09-01	4294967294	2012-12-03 08:10:00
2014-05-12	-4294967299	2006-10-02 08:00:02
2014-05-12	922337203685477807	2019-02-02 07:30:52
SELECT * FROM t1 WHERE a < CAST(b AS SIGNED);
a	b	c
2007-08-01	2147483647	2003-03-03 18:18:00
2009-09-01	4294967294	2012-12-03 08:10:00
2014-05-12	922337203685477807	2019-02-02 07:30:52
SELECT * FROM t1 WHERE a >= CAST(INSERT('312abc',3,2,'00') AS SIGNED);
a	b	c
2000-07-01	-1	2004-01-04 10:10:10
2000-11-11	a	2007-02-01 02:01:01
2000-11-11	a1	2004-04-03 19:20:00
2001-01-01	1	2001-05-02 00:01:01
2001-01-01	1.00	2001-05-01 01:12:12
2001-01-01	1.01	2001-05-06 23:01:01
2007-08-01	2147483647	2003-03-03 18:18:00
2009-09-01	4294967294	2012-12-03 08:10:00
2014-05-12	-4294967299	2006-10-02 08:00:02
2014-05-12	922337203685477807	2019-02-02 07:30:52
SELECT * FROM t1 WHERE a = CAST('1.00' AS UNSIGNED);
a	b	c
SELECT * FROM t1 WHERE a < CAST(4294967297 AS UNSIGNED);
a	b	c
2000-07-01	-1	2004-01-04 10:10:10
2000-11-11	a	2007-02-01 02:01:01
2000-11-11	a1	2004-04-03 19:20:00
2001-01-01	1	2001-05-02 00:01:01
2001-01-01	1.00	2001-05-01 01:12:12
2001-01-01	1.01	2001-05-06 23:01:01
2007-08-01	2147483647	2003-03-03 18:18:00
2009-09-01	4294967294	2012-12-03 08:10:00
2014-05-12	-4294967299	2006-10-02 08:00:02
2014-05-12	922337203685477807	2019-02-02 07:30:52
SELECT * FROM t1 WHERE a >= CAST(-4294967299 AS UNSIGNED);
a	b	c
SELECT * FROM t1 WHERE a < CAST(b AS UNSIGNED);
a	b	c
2000-07-01	-1	2004-01-04 10:10:10
2007-08-01	2147483647	2003-03-03 18:18:00
2009-09-01	4294967294	2012-12-03 08:10:00
2014-05-12	-4294967299	2006-10-02 08:00:02
2014-05-12	922337203685477807	2019-02-02 07:30:52
SELECT * FROM t1 WHERE a < CAST(FLOOR(2147483647.2) AS UNSIGNED);
a	b	c
2000-07-01	-1	2004-01-04 10:10:10
2000-11-11	a	2007-02-01 02:01:01
2000-11-11	a1	2004-04-03 19:20:00
2001-01-01	1	2001-05-02 00:01:01
2001-01-01	1.00	2001-05-01 01:12:12
2001-01-01	1.01	2001-05-06 23:01:01
2007-08-01	2147483647	2003-03-03 18:18:00
2009-09-01	4294967294	2012-12-03 08:10:00
2014-05-12	-4294967299	2006-10-02 08:00:02
2014-05-12	922337203685477807	2019-02-02 07:30:52
SELECT * FROM t1 WHERE a = CAST('1' AS DECIMAL);
a	b	c
SELECT * FROM t1 WHERE a <> CAST(1.01 AS DECIMAL);
a	b	c
2000-07-01	-1	2004-01-04 10:10:10
2000-11-11	a	2007-02-01 02:01:01
2000-11-11	a1	2004-04-03 19:20:00
2001-01-01	1	2001-05-02 00:01:01
2001-01-01	1.00	2001-05-01 01:12:12
2001-01-01	1.01	2001-05-06 23:01:01
2007-08-01	2147483647	2003-03-03 18:18:00
2009-09-01	4294967294	2012-12-03 08:10:00
2014-05-12	-4294967299	2006-10-02 08:00:02
2014-05-12	922337203685477807	2019-02-02 07:30:52
SELECT * FROM t1 WHERE a <= CAST(922337203685477580800 AS DECIMAL);
a	b	c
2000-07-01	-1	2004-01-04 10:10:10
2000-11-11	a	2007-02-01 02:01:01
2000-11-11	a1	2004-04-03 19:20:00
2001-01-01	1	2001-05-02 00:01:01
2001-01-01	1.00	2001-05-01 01:12:12
2001-01-01	1.01	2001-05-06 23:01:01
2007-08-01	2147483647	2003-03-03 18:18:00
2009-09-01	4294967294	2012-12-03 08:10:00
2014-05-12	-4294967299	2006-10-02 08:00:02
2014-05-12	922337203685477807	2019-02-02 07:30:52
SELECT * FROM t1 WHERE a < CAST(b AS DECIMAL);
a	b	c
2007-08-01	2147483647	2003-03-03 18:18:00
2009-09-01	4294967294	2012-12-03 08:10:00
2014-05-12	922337203685477807	2019-02-02 07:30:52
SELECT * FROM t1 WHERE a >= CAST(CEILING(-922337203685477580800) AS DECIMAL);
a	b	c
2000-07-01	-1	2004-01-04 10:10:10
2000-11-11	a	2007-02-01 02:01:01
2000-11-11	a1	2004-04-03 19:20:00
2001-01-01	1	2001-05-02 00:01:01
2001-01-01	1.00	2001-05-01 01:12:12
2001-01-01	1.01	2001-05-06 23:01:01
2007-08-01	2147483647	2003-03-03 18:18:00
2009-09-01	4294967294	2012-12-03 08:10:00
2014-05-12	-4294967299	2006-10-02 08:00:02
2014-05-12	922337203685477807	2019-02-02 07:30:52
SELECT * FROM t1 WHERE a = CAST('1' AS DATE);
a	b	c
SELECT * FROM t1 WHERE a >= CAST('2001-01-01' AS DATE);
a	b	c
2001-01-01	1	2001-05-02 00:01:01
2001-01-01	1.00	2001-05-01 01:12:12
2001-01-01	1.01	2001-05-06 23:01:01
2007-08-01	2147483647	2003-03-03 18:18:00
2009-09-01	4294967294	2012-12-03 08:10:00
2014-05-12	-4294967299	2006-10-02 08:00:02
2014-05-12	922337203685477807	2019-02-02 07:30:52
SELECT * FROM t1 WHERE a >= CAST('2001#01#01' AS DATE);
a	b	c
2001-01-01	1	2001-05-02 00:01:01
2001-01-01	1.00	2001-05-01 01:12:12
2001-01-01	1.01	2001-05-06 23:01:01
2007-08-01	2147483647	2003-03-03 18:18:00
2009-09-01	4294967294	2012-12-03 08:10:00
2014-05-12	-4294967299	2006-10-02 08:00:02
2014-05-12	922337203685477807	2019-02-02 07:30:52
SELECT * FROM t1 WHERE a >= CAST('2001.01.01' AS DATE);
a	b	c
2001-01-01	1	2001-05-02 00:01:01
2001-01-01	1.00	2001-05-01 01:12:12
2001-01-01	1.01	2001-05-06 23:01:01
2007-08-01	2147483647	2003-03-03 18:18:00
2009-09-01	4294967294	2012-12-03 08:10:00
2014-05-12	-4294967299	2006-10-02 08:00:02
2014-05-12	922337203685477807	2019-02-02 07:30:52
SELECT * FROM t1 WHERE a > CAST('9999.12.31' AS DATE);
a	b	c
SELECT * FROM t1 WHERE a < CAST(c AS DATE);
a	b	c
2000-07-01	-1	2004-01-04 10:10:10
2000-11-11	a	2007-02-01 02:01:01
2000-11-11	a1	2004-04-03 19:20:00
2001-01-01	1	2001-05-02 00:01:01
2001-01-01	1.00	2001-05-01 01:12:12
2001-01-01	1.01	2001-05-06 23:01:01
2009-09-01	4294967294	2012-12-03 08:10:00
2014-05-12	922337203685477807	2019-02-02 07:30:52
SELECT * FROM t1 WHERE a <= CAST(NOW() AS DATE);
a	b	c
2000-07-01	-1	2004-01-04 10:10:10
2000-11-11	a	2007-02-01 02:01:01
2000-11-11	a1	2004-04-03 19:20:00
2001-01-01	1	2001-05-02 00:01:01
2001-01-01	1.00	2001-05-01 01:12:12
2001-01-01	1.01	2001-05-06 23:01:01
2007-08-01	2147483647	2003-03-03 18:18:00
2009-09-01	4294967294	2012-12-03 08:10:00
2014-05-12	-4294967299	2006-10-02 08:00:02
2014-05-12	922337203685477807	2019-02-02 07:30:52
SELECT * FROM t1 WHERE a > CAST('1.00' AS DATETIME);
a	b	c
SELECT * FROM t1 WHERE a >= CAST('2001-01-01 00:00:00' AS DATETIME);
a	b	c
2001-01-01	1	2001-05-02 00:01:01
2001-01-01	1.00	2001-05-01 01:12:12
2001-01-01	1.01	2001-05-06 23:01:01
2007-08-01	2147483647	2003-03-03 18:18:00
2009-09-01	4294967294	2012-12-03 08:10:00
2014-05-12	-4294967299	2006-10-02 08:00:02
2014-05-12	922337203685477807	2019-02-02 07:30:52
SELECT * FROM t1 WHERE a >= CAST('2001#01#01 23:59:00' AS DATETIME);
a	b	c
2007-08-01	2147483647	2003-03-03 18:18:00
2009-09-01	4294967294	2012-12-03 08:10:00
2014-05-12	-4294967299	2006-10-02 08:00:02
2014-05-12	922337203685477807	2019-02-02 07:30:52
SELECT * FROM t1 WHERE a >= CAST('2001.01.01 01:00:00' AS DATETIME);
a	b	c
2007-08-01	2147483647	2003-03-03 18:18:00
2009-09-01	4294967294	2012-12-03 08:10:00
2014-05-12	-4294967299	2006-10-02 08:00:02
2014-05-12	922337203685477807	2019-02-02 07:30:52
SELECT * FROM t1 WHERE a <= CAST('9999.12.31' AS DATETIME);
a	b	c
2000-07-01	-1	2004-01-04 10:10:10
2000-11-11	a	2007-02-01 02:01:01
2000-11-11	a1	2004-04-03 19:20:00
2001-01-01	1	2001-05-02 00:01:01
2001-01-01	1.00	2001-05-01 01:12:12
2001-01-01	1.01	2001-05-06 23:01:01
2007-08-01	2147483647	2003-03-03 18:18:00
2009-09-01	4294967294	2012-12-03 08:10:00
2014-05-12	-4294967299	2006-10-02 08:00:02
2014-05-12	922337203685477807	2019-02-02 07:30:52
SELECT * FROM t1 WHERE a < CAST(c AS DATETIME);
a	b	c
2000-07-01	-1	2004-01-04 10:10:10
2000-11-11	a	2007-02-01 02:01:01
2000-11-11	a1	2004-04-03 19:20:00
2001-01-01	1	2001-05-02 00:01:01
2001-01-01	1.00	2001-05-01 01:12:12
2001-01-01	1.01	2001-05-06 23:01:01
2009-09-01	4294967294	2012-12-03 08:10:00
2014-05-12	922337203685477807	2019-02-02 07:30:52
SELECT * FROM t1 WHERE a <= CAST(CURRENT_DATE() AS DATETIME);
a	b	c
2000-07-01	-1	2004-01-04 10:10:10
2000-11-11	a	2007-02-01 02:01:01
2000-11-11	a1	2004-04-03 19:20:00
2001-01-01	1	2001-05-02 00:01:01
2001-01-01	1.00	2001-05-01 01:12:12
2001-01-01	1.01	2001-05-06 23:01:01
2007-08-01	2147483647	2003-03-03 18:18:00
2009-09-01	4294967294	2012-12-03 08:10:00
2014-05-12	-4294967299	2006-10-02 08:00:02
2014-05-12	922337203685477807	2019-02-02 07:30:52
SELECT * FROM t1 WHERE a <> CAST('1.01' AS TIME);
a	b	c
2000-07-01	-1	2004-01-04 10:10:10
2000-11-11	a	2007-02-01 02:01:01
2000-11-11	a1	2004-04-03 19:20:00
2001-01-01	1	2001-05-02 00:01:01
2001-01-01	1.00	2001-05-01 01:12:12
2001-01-01	1.01	2001-05-06 23:01:01
2007-08-01	2147483647	2003-03-03 18:18:00
2009-09-01	4294967294	2012-12-03 08:10:00
2014-05-12	-4294967299	2006-10-02 08:00:02
2014-05-12	922337203685477807	2019-02-02 07:30:52
SELECT * FROM t1 WHERE a >= CAST('2001-01-01 00:00:00' AS TIME);
a	b	c
SELECT * FROM t1 WHERE a <= CAST('2001#01#01 23:59:00' AS TIME);
a	b	c
2000-07-01	-1	2004-01-04 10:10:10
2000-11-11	a	2007-02-01 02:01:01
2000-11-11	a1	2004-04-03 19:20:00
2001-01-01	1	2001-05-02 00:01:01
2001-01-01	1.00	2001-05-01 01:12:12
2001-01-01	1.01	2001-05-06 23:01:01
2007-08-01	2147483647	2003-03-03 18:18:00
2009-09-01	4294967294	2012-12-03 08:10:00
2014-05-12	-4294967299	2006-10-02 08:00:02
2014-05-12	922337203685477807	2019-02-02 07:30:52
SELECT * FROM t1 WHERE a >= CAST('2001.01.01 01:00:00' AS TIME);
a	b	c
SELECT * FROM t1 WHERE a > CAST('-839:59:59.0000' AS TIME);
a	b	c
SELECT * FROM t1 WHERE a < CAST('10000.01.01 00:00:00' AS TIME);
a	b	c
2000-07-01	-1	2004-01-04 10:10:10
2000-11-11	a	2007-02-01 02:01:01
2000-11-11	a1	2004-04-03 19:20:00
2001-01-01	1	2001-05-02 00:01:01
2001-01-01	1.00	2001-05-01 01:12:12
2001-01-01	1.01	2001-05-06 23:01:01
2007-08-01	2147483647	2003-03-03 18:18:00
2009-09-01	4294967294	2012-12-03 08:10:00
2014-05-12	-4294967299	2006-10-02 08:00:02
2014-05-12	922337203685477807	2019-02-02 07:30:52
SELECT * FROM t1 WHERE a < CAST(c AS TIME);
a	b	c
2000-07-01	-1	2004-01-04 10:10:10
2000-11-11	a	2007-02-01 02:01:01
2000-11-11	a1	2004-04-03 19:20:00
2001-01-01	1	2001-05-02 00:01:01
2001-01-01	1.00	2001-05-01 01:12:12
2001-01-01	1.01	2001-05-06 23:01:01
2007-08-01	2147483647	2003-03-03 18:18:00
2009-09-01	4294967294	2012-12-03 08:10:00
2014-05-12	-4294967299	2006-10-02 08:00:02
2014-05-12	922337203685477807	2019-02-02 07:30:52
DROP TABLE t1;
CREATE TABLE t1(a DATETIME, b VARCHAR(127), c DATE );
INSERT INTO t1 VALUES ('2001-05-01 01:12:12','1.00','2001-01-01'),('2001-05-02 00:01:01','1','2001#01#01'),('2001-05-06 23:01:01','1.01','2001.01.01'),('2007-02-01 02:01:01','a','2000-11-11'),('2004-04-03 19:20:00','a1','2000-11-11'),('2003-03-03 18:18:00','2147483647','2007-08-01'),('2012-12-03 08:10:00','4294967294','2009-09-01'),('2006-10-02 08:00:02','-4294967299','2014-05-12'),('2019-02-02 07:30:52','922337203685477807','2014-05-12'),('2004-01-04 10:10:10','-1','2000-07-01');
SELECT * FROM t1 WHERE a = CAST('1' AS CHAR);
a	b	c
SELECT * FROM t1 WHERE a < CAST(1.00 AS CHAR);
a	b	c
SELECT * FROM t1 WHERE a > CAST(REPEAT('123a',3) AS CHAR);
a	b	c
2001-05-01 01:12:12	1.00	2001-01-01
2001-05-02 00:01:01	1	2001-01-01
2001-05-06 23:01:01	1.01	2001-01-01
2003-03-03 18:18:00	2147483647	2007-08-01
2004-01-04 10:10:10	-1	2000-07-01
2004-04-03 19:20:00	a1	2000-11-11
2006-10-02 08:00:02	-4294967299	2014-05-12
2007-02-01 02:01:01	a	2000-11-11
2012-12-03 08:10:00	4294967294	2009-09-01
2019-02-02 07:30:52	922337203685477807	2014-05-12
SELECT * FROM t1 WHERE a <> CAST('1.00' AS NCHAR);
a	b	c
2001-05-01 01:12:12	1.00	2001-01-01
2001-05-02 00:01:01	1	2001-01-01
2001-05-06 23:01:01	1.01	2001-01-01
2003-03-03 18:18:00	2147483647	2007-08-01
2004-01-04 10:10:10	-1	2000-07-01
2004-04-03 19:20:00	a1	2000-11-11
2006-10-02 08:00:02	-4294967299	2014-05-12
2007-02-01 02:01:01	a	2000-11-11
2012-12-03 08:10:00	4294967294	2009-09-01
2019-02-02 07:30:52	922337203685477807	2014-05-12
SELECT * FROM t1 WHERE a != CAST(1.01 AS NCHAR);
a	b	c
2001-05-01 01:12:12	1.00	2001-01-01
2001-05-02 00:01:01	1	2001-01-01
2001-05-06 23:01:01	1.01	2001-01-01
2003-03-03 18:18:00	2147483647	2007-08-01
2004-01-04 10:10:10	-1	2000-07-01
2004-04-03 19:20:00	a1	2000-11-11
2006-10-02 08:00:02	-4294967299	2014-05-12
2007-02-01 02:01:01	a	2000-11-11
2012-12-03 08:10:00	4294967294	2009-09-01
2019-02-02 07:30:52	922337203685477807	2014-05-12
SELECT * FROM t1 WHERE a >= CAST(REVERSE('acb1243') AS NCHAR);
a	b	c
SELECT * FROM t1 WHERE a = CAST('1.01' AS BINARY);
a	b	c
SELECT * FROM t1 WHERE a > CAST(1 AS BINARY);
a	b	c
2001-05-01 01:12:12	1.00	2001-01-01
2001-05-02 00:01:01	1	2001-01-01
2001-05-06 23:01:01	1.01	2001-01-01
2003-03-03 18:18:00	2147483647	2007-08-01
2004-01-04 10:10:10	-1	2000-07-01
2004-04-03 19:20:00	a1	2000-11-11
2006-10-02 08:00:02	-4294967299	2014-05-12
2007-02-01 02:01:01	a	2000-11-11
2012-12-03 08:10:00	4294967294	2009-09-01
2019-02-02 07:30:52	922337203685477807	2014-05-12
SELECT * FROM t1 WHERE a <= CAST(REPLACE('ab12c4','ab12','234') AS BINARY);
a	b	c
2001-05-01 01:12:12	1.00	2001-01-01
2001-05-02 00:01:01	1	2001-01-01
2001-05-06 23:01:01	1.01	2001-01-01
2003-03-03 18:18:00	2147483647	2007-08-01
2004-01-04 10:10:10	-1	2000-07-01
2004-04-03 19:20:00	a1	2000-11-11
2006-10-02 08:00:02	-4294967299	2014-05-12
2007-02-01 02:01:01	a	2000-11-11
2012-12-03 08:10:00	4294967294	2009-09-01
2019-02-02 07:30:52	922337203685477807	2014-05-12
SELECT * FROM t1 WHERE a > CAST(b AS CHAR);
a	b	c
2001-05-01 01:12:12	1.00	2001-01-01
2001-05-02 00:01:01	1	2001-01-01
2001-05-06 23:01:01	1.01	2001-01-01
2003-03-03 18:18:00	2147483647	2007-08-01
2004-01-04 10:10:10	-1	2000-07-01
2004-04-03 19:20:00	a1	2000-11-11
2006-10-02 08:00:02	-4294967299	2014-05-12
2007-02-01 02:01:01	a	2000-11-11
2012-12-03 08:10:00	4294967294	2009-09-01
2019-02-02 07:30:52	922337203685477807	2014-05-12
SELECT * FROM t1 WHERE a > CAST(b AS NCHAR);
a	b	c
2001-05-01 01:12:12	1.00	2001-01-01
2001-05-02 00:01:01	1	2001-01-01
2001-05-06 23:01:01	1.01	2001-01-01
2003-03-03 18:18:00	2147483647	2007-08-01
2004-01-04 10:10:10	-1	2000-07-01
2004-04-03 19:20:00	a1	2000-11-11
2006-10-02 08:00:02	-4294967299	2014-05-12
2007-02-01 02:01:01	a	2000-11-11
2012-12-03 08:10:00	4294967294	2009-09-01
2019-02-02 07:30:52	922337203685477807	2014-05-12
SELECT * FROM t1 WHERE a > CAST(b AS BINARY);
a	b	c
2001-05-01 01:12:12	1.00	2001-01-01
2001-05-02 00:01:01	1	2001-01-01
2001-05-06 23:01:01	1.01	2001-01-01
2003-03-03 18:18:00	2147483647	2007-08-01
2004-01-04 10:10:10	-1	2000-07-01
2004-04-03 19:20:00	a1	2000-11-11
2006-10-02 08:00:02	-4294967299	2014-05-12
2007-02-01 02:01:01	a	2000-11-11
2012-12-03 08:10:00	4294967294	2009-09-01
2019-02-02 07:30:52	922337203685477807	2014-05-12
SELECT * FROM t1 WHERE a = CAST('1' AS SIGNED);
a	b	c
SELECT * FROM t1 WHERE a < CAST(2147483647 AS SIGNED);
a	b	c
SELECT * FROM t1 WHERE a >= CAST(-2147483649 AS SIGNED);
a	b	c
2001-05-01 01:12:12	1.00	2001-01-01
2001-05-02 00:01:01	1	2001-01-01
2001-05-06 23:01:01	1.01	2001-01-01
2003-03-03 18:18:00	2147483647	2007-08-01
2004-01-04 10:10:10	-1	2000-07-01
2004-04-03 19:20:00	a1	2000-11-11
2006-10-02 08:00:02	-4294967299	2014-05-12
2007-02-01 02:01:01	a	2000-11-11
2012-12-03 08:10:00	4294967294	2009-09-01
2019-02-02 07:30:52	922337203685477807	2014-05-12
SELECT * FROM t1 WHERE a < CAST(b AS SIGNED);
a	b	c
2019-02-02 07:30:52	922337203685477807	2014-05-12
SELECT * FROM t1 WHERE a >= CAST(INSERT('312abc',3,2,'00') AS SIGNED);
a	b	c
2001-05-01 01:12:12	1.00	2001-01-01
2001-05-02 00:01:01	1	2001-01-01
2001-05-06 23:01:01	1.01	2001-01-01
2003-03-03 18:18:00	2147483647	2007-08-01
2004-01-04 10:10:10	-1	2000-07-01
2004-04-03 19:20:00	a1	2000-11-11
2006-10-02 08:00:02	-4294967299	2014-05-12
2007-02-01 02:01:01	a	2000-11-11
2012-12-03 08:10:00	4294967294	2009-09-01
2019-02-02 07:30:52	922337203685477807	2014-05-12
SELECT * FROM t1 WHERE a = CAST('1.00' AS UNSIGNED);
a	b	c
SELECT * FROM t1 WHERE a < CAST(4294967297 AS UNSIGNED);
a	b	c
SELECT * FROM t1 WHERE a >= CAST(-4294967299 AS UNSIGNED);
a	b	c
SELECT * FROM t1 WHERE a < CAST(b AS UNSIGNED);
a	b	c
2004-01-04 10:10:10	-1	2000-07-01
2006-10-02 08:00:02	-4294967299	2014-05-12
2019-02-02 07:30:52	922337203685477807	2014-05-12
SELECT * FROM t1 WHERE a < CAST(FLOOR(2147483647.2) AS UNSIGNED);
a	b	c
SELECT * FROM t1 WHERE a = CAST('1' AS DECIMAL);
a	b	c
SELECT * FROM t1 WHERE a <> CAST(1.01 AS DECIMAL);
a	b	c
2001-05-01 01:12:12	1.00	2001-01-01
2001-05-02 00:01:01	1	2001-01-01
2001-05-06 23:01:01	1.01	2001-01-01
2003-03-03 18:18:00	2147483647	2007-08-01
2004-01-04 10:10:10	-1	2000-07-01
2004-04-03 19:20:00	a1	2000-11-11
2006-10-02 08:00:02	-4294967299	2014-05-12
2007-02-01 02:01:01	a	2000-11-11
2012-12-03 08:10:00	4294967294	2009-09-01
2019-02-02 07:30:52	922337203685477807	2014-05-12
SELECT * FROM t1 WHERE a <= CAST(922337203685477580800 AS DECIMAL);
a	b	c
SELECT * FROM t1 WHERE a < CAST(b AS DECIMAL);
a	b	c
SELECT * FROM t1 WHERE a >= CAST(CEILING(-922337203685477580800) AS DECIMAL);
a	b	c
2001-05-01 01:12:12	1.00	2001-01-01
2001-05-02 00:01:01	1	2001-01-01
2001-05-06 23:01:01	1.01	2001-01-01
2003-03-03 18:18:00	2147483647	2007-08-01
2004-01-04 10:10:10	-1	2000-07-01
2004-04-03 19:20:00	a1	2000-11-11
2006-10-02 08:00:02	-4294967299	2014-05-12
2007-02-01 02:01:01	a	2000-11-11
2012-12-03 08:10:00	4294967294	2009-09-01
2019-02-02 07:30:52	922337203685477807	2014-05-12
SELECT * FROM t1 WHERE a = CAST('1' AS DATE);
a	b	c
SELECT * FROM t1 WHERE a >= CAST('2001-01-01' AS DATE);
a	b	c
2001-05-01 01:12:12	1.00	2001-01-01
2001-05-02 00:01:01	1	2001-01-01
2001-05-06 23:01:01	1.01	2001-01-01
2003-03-03 18:18:00	2147483647	2007-08-01
2004-01-04 10:10:10	-1	2000-07-01
2004-04-03 19:20:00	a1	2000-11-11
2006-10-02 08:00:02	-4294967299	2014-05-12
2007-02-01 02:01:01	a	2000-11-11
2012-12-03 08:10:00	4294967294	2009-09-01
2019-02-02 07:30:52	922337203685477807	2014-05-12
SELECT * FROM t1 WHERE a >= CAST('2001#01#01' AS DATE);
a	b	c
2001-05-01 01:12:12	1.00	2001-01-01
2001-05-02 00:01:01	1	2001-01-01
2001-05-06 23:01:01	1.01	2001-01-01
2003-03-03 18:18:00	2147483647	2007-08-01
2004-01-04 10:10:10	-1	2000-07-01
2004-04-03 19:20:00	a1	2000-11-11
2006-10-02 08:00:02	-4294967299	2014-05-12
2007-02-01 02:01:01	a	2000-11-11
2012-12-03 08:10:00	4294967294	2009-09-01
2019-02-02 07:30:52	922337203685477807	2014-05-12
SELECT * FROM t1 WHERE a >= CAST('2001.01.01' AS DATE);
a	b	c
2001-05-01 01:12:12	1.00	2001-01-01
2001-05-02 00:01:01	1	2001-01-01
2001-05-06 23:01:01	1.01	2001-01-01
2003-03-03 18:18:00	2147483647	2007-08-01
2004-01-04 10:10:10	-1	2000-07-01
2004-04-03 19:20:00	a1	2000-11-11
2006-10-02 08:00:02	-4294967299	2014-05-12
2007-02-01 02:01:01	a	2000-11-11
2012-12-03 08:10:00	4294967294	2009-09-01
2019-02-02 07:30:52	922337203685477807	2014-05-12
SELECT * FROM t1 WHERE a > CAST('9999.12.31' AS DATE);
a	b	c
SELECT * FROM t1 WHERE a < CAST(c AS DATE);
a	b	c
2003-03-03 18:18:00	2147483647	2007-08-01
2006-10-02 08:00:02	-4294967299	2014-05-12
SELECT * FROM t1 WHERE a <= CAST(NOW() AS DATE);
a	b	c
2001-05-01 01:12:12	1.00	2001-01-01
2001-05-02 00:01:01	1	2001-01-01
2001-05-06 23:01:01	1.01	2001-01-01
2003-03-03 18:18:00	2147483647	2007-08-01
2004-01-04 10:10:10	-1	2000-07-01
2004-04-03 19:20:00	a1	2000-11-11
2006-10-02 08:00:02	-4294967299	2014-05-12
2007-02-01 02:01:01	a	2000-11-11
2012-12-03 08:10:00	4294967294	2009-09-01
2019-02-02 07:30:52	922337203685477807	2014-05-12
SELECT * FROM t1 WHERE a > CAST('1.00' AS DATETIME);
a	b	c
SELECT * FROM t1 WHERE a >= CAST('2001-01-01 00:00:00' AS DATETIME);
a	b	c
2001-05-01 01:12:12	1.00	2001-01-01
2001-05-02 00:01:01	1	2001-01-01
2001-05-06 23:01:01	1.01	2001-01-01
2003-03-03 18:18:00	2147483647	2007-08-01
2004-01-04 10:10:10	-1	2000-07-01
2004-04-03 19:20:00	a1	2000-11-11
2006-10-02 08:00:02	-4294967299	2014-05-12
2007-02-01 02:01:01	a	2000-11-11
2012-12-03 08:10:00	4294967294	2009-09-01
2019-02-02 07:30:52	922337203685477807	2014-05-12
SELECT * FROM t1 WHERE a >= CAST('2001#01#01 23:59:00' AS DATETIME);
a	b	c
2001-05-01 01:12:12	1.00	2001-01-01
2001-05-02 00:01:01	1	2001-01-01
2001-05-06 23:01:01	1.01	2001-01-01
2003-03-03 18:18:00	2147483647	2007-08-01
2004-01-04 10:10:10	-1	2000-07-01
2004-04-03 19:20:00	a1	2000-11-11
2006-10-02 08:00:02	-4294967299	2014-05-12
2007-02-01 02:01:01	a	2000-11-11
2012-12-03 08:10:00	4294967294	2009-09-01
2019-02-02 07:30:52	922337203685477807	2014-05-12
SELECT * FROM t1 WHERE a >= CAST('2001.01.01 01:00:00' AS DATETIME);
a	b	c
2001-05-01 01:12:12	1.00	2001-01-01
2001-05-02 00:01:01	1	2001-01-01
2001-05-06 23:01:01	1.01	2001-01-01
2003-03-03 18:18:00	2147483647	2007-08-01
2004-01-04 10:10:10	-1	2000-07-01
2004-04-03 19:20:00	a1	2000-11-11
2006-10-02 08:00:02	-4294967299	2014-05-12
2007-02-01 02:01:01	a	2000-11-11
2012-12-03 08:10:00	4294967294	2009-09-01
2019-02-02 07:30:52	922337203685477807	2014-05-12
SELECT * FROM t1 WHERE a <= CAST('9999.12.31' AS DATETIME);
a	b	c
2001-05-01 01:12:12	1.00	2001-01-01
2001-05-02 00:01:01	1	2001-01-01
2001-05-06 23:01:01	1.01	2001-01-01
2003-03-03 18:18:00	2147483647	2007-08-01
2004-01-04 10:10:10	-1	2000-07-01
2004-04-03 19:20:00	a1	2000-11-11
2006-10-02 08:00:02	-4294967299	2014-05-12
2007-02-01 02:01:01	a	2000-11-11
2012-12-03 08:10:00	4294967294	2009-09-01
2019-02-02 07:30:52	922337203685477807	2014-05-12
SELECT * FROM t1 WHERE a < CAST(c AS DATETIME);
a	b	c
2003-03-03 18:18:00	2147483647	2007-08-01
2006-10-02 08:00:02	-4294967299	2014-05-12
SELECT * FROM t1 WHERE a <= CAST(CURRENT_DATE() AS DATETIME);
a	b	c
2001-05-01 01:12:12	1.00	2001-01-01
2001-05-02 00:01:01	1	2001-01-01
2001-05-06 23:01:01	1.01	2001-01-01
2003-03-03 18:18:00	2147483647	2007-08-01
2004-01-04 10:10:10	-1	2000-07-01
2004-04-03 19:20:00	a1	2000-11-11
2006-10-02 08:00:02	-4294967299	2014-05-12
2007-02-01 02:01:01	a	2000-11-11
2012-12-03 08:10:00	4294967294	2009-09-01
2019-02-02 07:30:52	922337203685477807	2014-05-12
SELECT * FROM t1 WHERE a <> CAST('1.01' AS TIME);
a	b	c
2001-05-01 01:12:12	1.00	2001-01-01
2001-05-02 00:01:01	1	2001-01-01
2001-05-06 23:01:01	1.01	2001-01-01
2003-03-03 18:18:00	2147483647	2007-08-01
2004-01-04 10:10:10	-1	2000-07-01
2004-04-03 19:20:00	a1	2000-11-11
2006-10-02 08:00:02	-4294967299	2014-05-12
2007-02-01 02:01:01	a	2000-11-11
2012-12-03 08:10:00	4294967294	2009-09-01
2019-02-02 07:30:52	922337203685477807	2014-05-12
SELECT * FROM t1 WHERE a >= CAST('2001-01-01 00:00:00' AS TIME);
a	b	c
SELECT * FROM t1 WHERE a <= CAST('2001#01#01 23:59:00' AS TIME);
a	b	c
2001-05-01 01:12:12	1.00	2001-01-01
2001-05-02 00:01:01	1	2001-01-01
2001-05-06 23:01:01	1.01	2001-01-01
2003-03-03 18:18:00	2147483647	2007-08-01
2004-01-04 10:10:10	-1	2000-07-01
2004-04-03 19:20:00	a1	2000-11-11
2006-10-02 08:00:02	-4294967299	2014-05-12
2007-02-01 02:01:01	a	2000-11-11
2012-12-03 08:10:00	4294967294	2009-09-01
2019-02-02 07:30:52	922337203685477807	2014-05-12
SELECT * FROM t1 WHERE a >= CAST('2001.01.01 01:00:00' AS TIME);
a	b	c
SELECT * FROM t1 WHERE a > CAST('-839:59:59.0000' AS TIME);
a	b	c
SELECT * FROM t1 WHERE a < CAST('10000.01.01 00:00:00' AS TIME);
a	b	c
2001-05-01 01:12:12	1.00	2001-01-01
2001-05-02 00:01:01	1	2001-01-01
2001-05-06 23:01:01	1.01	2001-01-01
2003-03-03 18:18:00	2147483647	2007-08-01
2004-01-04 10:10:10	-1	2000-07-01
2004-04-03 19:20:00	a1	2000-11-11
2006-10-02 08:00:02	-4294967299	2014-05-12
2007-02-01 02:01:01	a	2000-11-11
2012-12-03 08:10:00	4294967294	2009-09-01
2019-02-02 07:30:52	922337203685477807	2014-05-12
SELECT * FROM t1 WHERE a < CAST(c AS TIME);
a	b	c
2001-05-01 01:12:12	1.00	2001-01-01
2001-05-02 00:01:01	1	2001-01-01
2001-05-06 23:01:01	1.01	2001-01-01
2003-03-03 18:18:00	2147483647	2007-08-01
2004-01-04 10:10:10	-1	2000-07-01
2004-04-03 19:20:00	a1	2000-11-11
2006-10-02 08:00:02	-4294967299	2014-05-12
2007-02-01 02:01:01	a	2000-11-11
2012-12-03 08:10:00	4294967294	2009-09-01
2019-02-02 07:30:52	922337203685477807	2014-05-12
ALTER TABLE t1 ADD INDEX aIdx(a);
SELECT * FROM t1 WHERE a = CAST('1' AS CHAR);
a	b	c
SELECT * FROM t1 WHERE a < CAST(1.00 AS CHAR);
a	b	c
SELECT * FROM t1 WHERE a > CAST(REPEAT('123a',3) AS CHAR);
a	b	c
2001-05-01 01:12:12	1.00	2001-01-01
2001-05-02 00:01:01	1	2001-01-01
2001-05-06 23:01:01	1.01	2001-01-01
2003-03-03 18:18:00	2147483647	2007-08-01
2004-01-04 10:10:10	-1	2000-07-01
2004-04-03 19:20:00	a1	2000-11-11
2006-10-02 08:00:02	-4294967299	2014-05-12
2007-02-01 02:01:01	a	2000-11-11
2012-12-03 08:10:00	4294967294	2009-09-01
2019-02-02 07:30:52	922337203685477807	2014-05-12
SELECT * FROM t1 WHERE a <> CAST('1.00' AS NCHAR);
a	b	c
2001-05-01 01:12:12	1.00	2001-01-01
2001-05-02 00:01:01	1	2001-01-01
2001-05-06 23:01:01	1.01	2001-01-01
2003-03-03 18:18:00	2147483647	2007-08-01
2004-01-04 10:10:10	-1	2000-07-01
2004-04-03 19:20:00	a1	2000-11-11
2006-10-02 08:00:02	-4294967299	2014-05-12
2007-02-01 02:01:01	a	2000-11-11
2012-12-03 08:10:00	4294967294	2009-09-01
2019-02-02 07:30:52	922337203685477807	2014-05-12
SELECT * FROM t1 WHERE a != CAST(1.01 AS NCHAR);
a	b	c
2001-05-01 01:12:12	1.00	2001-01-01
2001-05-02 00:01:01	1	2001-01-01
2001-05-06 23:01:01	1.01	2001-01-01
2003-03-03 18:18:00	2147483647	2007-08-01
2004-01-04 10:10:10	-1	2000-07-01
2004-04-03 19:20:00	a1	2000-11-11
2006-10-02 08:00:02	-4294967299	2014-05-12
2007-02-01 02:01:01	a	2000-11-11
2012-12-03 08:10:00	4294967294	2009-09-01
2019-02-02 07:30:52	922337203685477807	2014-05-12
SELECT * FROM t1 WHERE a >= CAST(REVERSE('acb1243') AS NCHAR);
a	b	c
SELECT * FROM t1 WHERE a = CAST('1.01' AS BINARY);
a	b	c
SELECT * FROM t1 WHERE a > CAST(1 AS BINARY);
a	b	c
2001-05-01 01:12:12	1.00	2001-01-01
2001-05-02 00:01:01	1	2001-01-01
2001-05-06 23:01:01	1.01	2001-01-01
2003-03-03 18:18:00	2147483647	2007-08-01
2004-01-04 10:10:10	-1	2000-07-01
2004-04-03 19:20:00	a1	2000-11-11
2006-10-02 08:00:02	-4294967299	2014-05-12
2007-02-01 02:01:01	a	2000-11-11
2012-12-03 08:10:00	4294967294	2009-09-01
2019-02-02 07:30:52	922337203685477807	2014-05-12
SELECT * FROM t1 WHERE a <= CAST(REPLACE('ab12c4','ab12','234') AS BINARY);
a	b	c
2001-05-01 01:12:12	1.00	2001-01-01
2001-05-02 00:01:01	1	2001-01-01
2001-05-06 23:01:01	1.01	2001-01-01
2003-03-03 18:18:00	2147483647	2007-08-01
2004-01-04 10:10:10	-1	2000-07-01
2004-04-03 19:20:00	a1	2000-11-11
2006-10-02 08:00:02	-4294967299	2014-05-12
2007-02-01 02:01:01	a	2000-11-11
2012-12-03 08:10:00	4294967294	2009-09-01
2019-02-02 07:30:52	922337203685477807	2014-05-12
SELECT * FROM t1 WHERE a > CAST(b AS CHAR);
a	b	c
2001-05-01 01:12:12	1.00	2001-01-01
2001-05-02 00:01:01	1	2001-01-01
2001-05-06 23:01:01	1.01	2001-01-01
2003-03-03 18:18:00	2147483647	2007-08-01
2004-01-04 10:10:10	-1	2000-07-01
2004-04-03 19:20:00	a1	2000-11-11
2006-10-02 08:00:02	-4294967299	2014-05-12
2007-02-01 02:01:01	a	2000-11-11
2012-12-03 08:10:00	4294967294	2009-09-01
2019-02-02 07:30:52	922337203685477807	2014-05-12
SELECT * FROM t1 WHERE a > CAST(b AS NCHAR);
a	b	c
2001-05-01 01:12:12	1.00	2001-01-01
2001-05-02 00:01:01	1	2001-01-01
2001-05-06 23:01:01	1.01	2001-01-01
2003-03-03 18:18:00	2147483647	2007-08-01
2004-01-04 10:10:10	-1	2000-07-01
2004-04-03 19:20:00	a1	2000-11-11
2006-10-02 08:00:02	-4294967299	2014-05-12
2007-02-01 02:01:01	a	2000-11-11
2012-12-03 08:10:00	4294967294	2009-09-01
2019-02-02 07:30:52	922337203685477807	2014-05-12
SELECT * FROM t1 WHERE a > CAST(b AS BINARY);
a	b	c
2001-05-01 01:12:12	1.00	2001-01-01
2001-05-02 00:01:01	1	2001-01-01
2001-05-06 23:01:01	1.01	2001-01-01
2003-03-03 18:18:00	2147483647	2007-08-01
2004-01-04 10:10:10	-1	2000-07-01
2004-04-03 19:20:00	a1	2000-11-11
2006-10-02 08:00:02	-4294967299	2014-05-12
2007-02-01 02:01:01	a	2000-11-11
2012-12-03 08:10:00	4294967294	2009-09-01
2019-02-02 07:30:52	922337203685477807	2014-05-12
SELECT * FROM t1 WHERE a = CAST('1' AS SIGNED);
a	b	c
SELECT * FROM t1 WHERE a < CAST(2147483647 AS SIGNED);
a	b	c
SELECT * FROM t1 WHERE a >= CAST(-2147483649 AS SIGNED);
a	b	c
2001-05-01 01:12:12	1.00	2001-01-01
2001-05-02 00:01:01	1	2001-01-01
2001-05-06 23:01:01	1.01	2001-01-01
2003-03-03 18:18:00	2147483647	2007-08-01
2004-01-04 10:10:10	-1	2000-07-01
2004-04-03 19:20:00	a1	2000-11-11
2006-10-02 08:00:02	-4294967299	2014-05-12
2007-02-01 02:01:01	a	2000-11-11
2012-12-03 08:10:00	4294967294	2009-09-01
2019-02-02 07:30:52	922337203685477807	2014-05-12
SELECT * FROM t1 WHERE a < CAST(b AS SIGNED);
a	b	c
2019-02-02 07:30:52	922337203685477807	2014-05-12
SELECT * FROM t1 WHERE a >= CAST(INSERT('312abc',3,2,'00') AS SIGNED);
a	b	c
2001-05-01 01:12:12	1.00	2001-01-01
2001-05-02 00:01:01	1	2001-01-01
2001-05-06 23:01:01	1.01	2001-01-01
2003-03-03 18:18:00	2147483647	2007-08-01
2004-01-04 10:10:10	-1	2000-07-01
2004-04-03 19:20:00	a1	2000-11-11
2006-10-02 08:00:02	-4294967299	2014-05-12
2007-02-01 02:01:01	a	2000-11-11
2012-12-03 08:10:00	4294967294	2009-09-01
2019-02-02 07:30:52	922337203685477807	2014-05-12
SELECT * FROM t1 WHERE a = CAST('1.00' AS UNSIGNED);
a	b	c
SELECT * FROM t1 WHERE a < CAST(4294967297 AS UNSIGNED);
a	b	c
SELECT * FROM t1 WHERE a >= CAST(-4294967299 AS UNSIGNED);
a	b	c
SELECT * FROM t1 WHERE a < CAST(b AS UNSIGNED);
a	b	c
2004-01-04 10:10:10	-1	2000-07-01
2006-10-02 08:00:02	-4294967299	2014-05-12
2019-02-02 07:30:52	922337203685477807	2014-05-12
SELECT * FROM t1 WHERE a < CAST(FLOOR(2147483647.2) AS UNSIGNED);
a	b	c
SELECT * FROM t1 WHERE a = CAST('1' AS DECIMAL);
a	b	c
SELECT * FROM t1 WHERE a <> CAST(1.01 AS DECIMAL);
a	b	c
2001-05-01 01:12:12	1.00	2001-01-01
2001-05-02 00:01:01	1	2001-01-01
2001-05-06 23:01:01	1.01	2001-01-01
2003-03-03 18:18:00	2147483647	2007-08-01
2004-01-04 10:10:10	-1	2000-07-01
2004-04-03 19:20:00	a1	2000-11-11
2006-10-02 08:00:02	-4294967299	2014-05-12
2007-02-01 02:01:01	a	2000-11-11
2012-12-03 08:10:00	4294967294	2009-09-01
2019-02-02 07:30:52	922337203685477807	2014-05-12
SELECT * FROM t1 WHERE a <= CAST(922337203685477580800 AS DECIMAL);
a	b	c
SELECT * FROM t1 WHERE a < CAST(b AS DECIMAL);
a	b	c
SELECT * FROM t1 WHERE a >= CAST(CEILING(-922337203685477580800) AS DECIMAL);
a	b	c
2001-05-01 01:12:12	1.00	2001-01-01
2001-05-02 00:01:01	1	2001-01-01
2001-05-06 23:01:01	1.01	2001-01-01
2003-03-03 18:18:00	2147483647	2007-08-01
2004-01-04 10:10:10	-1	2000-07-01
2004-04-03 19:20:00	a1	2000-11-11
2006-10-02 08:00:02	-4294967299	2014-05-12
2007-02-01 02:01:01	a	2000-11-11
2012-12-03 08:10:00	4294967294	2009-09-01
2019-02-02 07:30:52	922337203685477807	2014-05-12
SELECT * FROM t1 WHERE a = CAST('1' AS DATE);
a	b	c
SELECT * FROM t1 WHERE a >= CAST('2001-01-01' AS DATE);
a	b	c
2001-05-01 01:12:12	1.00	2001-01-01
2001-05-02 00:01:01	1	2001-01-01
2001-05-06 23:01:01	1.01	2001-01-01
2003-03-03 18:18:00	2147483647	2007-08-01
2004-01-04 10:10:10	-1	2000-07-01
2004-04-03 19:20:00	a1	2000-11-11
2006-10-02 08:00:02	-4294967299	2014-05-12
2007-02-01 02:01:01	a	2000-11-11
2012-12-03 08:10:00	4294967294	2009-09-01
2019-02-02 07:30:52	922337203685477807	2014-05-12
SELECT * FROM t1 WHERE a >= CAST('2001#01#01' AS DATE);
a	b	c
2001-05-01 01:12:12	1.00	2001-01-01
2001-05-02 00:01:01	1	2001-01-01
2001-05-06 23:01:01	1.01	2001-01-01
2003-03-03 18:18:00	2147483647	2007-08-01
2004-01-04 10:10:10	-1	2000-07-01
2004-04-03 19:20:00	a1	2000-11-11
2006-10-02 08:00:02	-4294967299	2014-05-12
2007-02-01 02:01:01	a	2000-11-11
2012-12-03 08:10:00	4294967294	2009-09-01
2019-02-02 07:30:52	922337203685477807	2014-05-12
SELECT * FROM t1 WHERE a >= CAST('2001.01.01' AS DATE);
a	b	c
2001-05-01 01:12:12	1.00	2001-01-01
2001-05-02 00:01:01	1	2001-01-01
2001-05-06 23:01:01	1.01	2001-01-01
2003-03-03 18:18:00	2147483647	2007-08-01
2004-01-04 10:10:10	-1	2000-07-01
2004-04-03 19:20:00	a1	2000-11-11
2006-10-02 08:00:02	-4294967299	2014-05-12
2007-02-01 02:01:01	a	2000-11-11
2012-12-03 08:10:00	4294967294	2009-09-01
2019-02-02 07:30:52	922337203685477807	2014-05-12
SELECT * FROM t1 WHERE a > CAST('9999.12.31' AS DATE);
a	b	c
SELECT * FROM t1 WHERE a < CAST(c AS DATE);
a	b	c
2003-03-03 18:18:00	2147483647	2007-08-01
2006-10-02 08:00:02	-4294967299	2014-05-12
SELECT * FROM t1 WHERE a <= CAST(NOW() AS DATE);
a	b	c
2001-05-01 01:12:12	1.00	2001-01-01
2001-05-02 00:01:01	1	2001-01-01
2001-05-06 23:01:01	1.01	2001-01-01
2003-03-03 18:18:00	2147483647	2007-08-01
2004-01-04 10:10:10	-1	2000-07-01
2004-04-03 19:20:00	a1	2000-11-11
2006-10-02 08:00:02	-4294967299	2014-05-12
2007-02-01 02:01:01	a	2000-11-11
2012-12-03 08:10:00	4294967294	2009-09-01
2019-02-02 07:30:52	922337203685477807	2014-05-12
SELECT * FROM t1 WHERE a > CAST('1.00' AS DATETIME);
a	b	c
SELECT * FROM t1 WHERE a >= CAST('2001-01-01 00:00:00' AS DATETIME);
a	b	c
2001-05-01 01:12:12	1.00	2001-01-01
2001-05-02 00:01:01	1	2001-01-01
2001-05-06 23:01:01	1.01	2001-01-01
2003-03-03 18:18:00	2147483647	2007-08-01
2004-01-04 10:10:10	-1	2000-07-01
2004-04-03 19:20:00	a1	2000-11-11
2006-10-02 08:00:02	-4294967299	2014-05-12
2007-02-01 02:01:01	a	2000-11-11
2012-12-03 08:10:00	4294967294	2009-09-01
2019-02-02 07:30:52	922337203685477807	2014-05-12
SELECT * FROM t1 WHERE a >= CAST('2001#01#01 23:59:00' AS DATETIME);
a	b	c
2001-05-01 01:12:12	1.00	2001-01-01
2001-05-02 00:01:01	1	2001-01-01
2001-05-06 23:01:01	1.01	2001-01-01
2003-03-03 18:18:00	2147483647	2007-08-01
2004-01-04 10:10:10	-1	2000-07-01
2004-04-03 19:20:00	a1	2000-11-11
2006-10-02 08:00:02	-4294967299	2014-05-12
2007-02-01 02:01:01	a	2000-11-11
2012-12-03 08:10:00	4294967294	2009-09-01
2019-02-02 07:30:52	922337203685477807	2014-05-12
SELECT * FROM t1 WHERE a >= CAST('2001.01.01 01:00:00' AS DATETIME);
a	b	c
2001-05-01 01:12:12	1.00	2001-01-01
2001-05-02 00:01:01	1	2001-01-01
2001-05-06 23:01:01	1.01	2001-01-01
2003-03-03 18:18:00	2147483647	2007-08-01
2004-01-04 10:10:10	-1	2000-07-01
2004-04-03 19:20:00	a1	2000-11-11
2006-10-02 08:00:02	-4294967299	2014-05-12
2007-02-01 02:01:01	a	2000-11-11
2012-12-03 08:10:00	4294967294	2009-09-01
2019-02-02 07:30:52	922337203685477807	2014-05-12
SELECT * FROM t1 WHERE a <= CAST('9999.12.31' AS DATETIME);
a	b	c
2001-05-01 01:12:12	1.00	2001-01-01
2001-05-02 00:01:01	1	2001-01-01
2001-05-06 23:01:01	1.01	2001-01-01
2003-03-03 18:18:00	2147483647	2007-08-01
2004-01-04 10:10:10	-1	2000-07-01
2004-04-03 19:20:00	a1	2000-11-11
2006-10-02 08:00:02	-4294967299	2014-05-12
2007-02-01 02:01:01	a	2000-11-11
2012-12-03 08:10:00	4294967294	2009-09-01
2019-02-02 07:30:52	922337203685477807	2014-05-12
SELECT * FROM t1 WHERE a < CAST(c AS DATETIME);
a	b	c
2003-03-03 18:18:00	2147483647	2007-08-01
2006-10-02 08:00:02	-4294967299	2014-05-12
SELECT * FROM t1 WHERE a <= CAST(CURRENT_DATE() AS DATETIME);
a	b	c
2001-05-01 01:12:12	1.00	2001-01-01
2001-05-02 00:01:01	1	2001-01-01
2001-05-06 23:01:01	1.01	2001-01-01
2003-03-03 18:18:00	2147483647	2007-08-01
2004-01-04 10:10:10	-1	2000-07-01
2004-04-03 19:20:00	a1	2000-11-11
2006-10-02 08:00:02	-4294967299	2014-05-12
2007-02-01 02:01:01	a	2000-11-11
2012-12-03 08:10:00	4294967294	2009-09-01
2019-02-02 07:30:52	922337203685477807	2014-05-12
SELECT * FROM t1 WHERE a <> CAST('1.01' AS TIME);
a	b	c
2001-05-01 01:12:12	1.00	2001-01-01
2001-05-02 00:01:01	1	2001-01-01
2001-05-06 23:01:01	1.01	2001-01-01
2003-03-03 18:18:00	2147483647	2007-08-01
2004-01-04 10:10:10	-1	2000-07-01
2004-04-03 19:20:00	a1	2000-11-11
2006-10-02 08:00:02	-4294967299	2014-05-12
2007-02-01 02:01:01	a	2000-11-11
2012-12-03 08:10:00	4294967294	2009-09-01
2019-02-02 07:30:52	922337203685477807	2014-05-12
SELECT * FROM t1 WHERE a >= CAST('2001-01-01 00:00:00' AS TIME);
a	b	c
SELECT * FROM t1 WHERE a <= CAST('2001#01#01 23:59:00' AS TIME);
a	b	c
2001-05-01 01:12:12	1.00	2001-01-01
2001-05-02 00:01:01	1	2001-01-01
2001-05-06 23:01:01	1.01	2001-01-01
2003-03-03 18:18:00	2147483647	2007-08-01
2004-01-04 10:10:10	-1	2000-07-01
2004-04-03 19:20:00	a1	2000-11-11
2006-10-02 08:00:02	-4294967299	2014-05-12
2007-02-01 02:01:01	a	2000-11-11
2012-12-03 08:10:00	4294967294	2009-09-01
2019-02-02 07:30:52	922337203685477807	2014-05-12
SELECT * FROM t1 WHERE a >= CAST('2001.01.01 01:00:00' AS TIME);
a	b	c
SELECT * FROM t1 WHERE a > CAST('-839:59:59.0000' AS TIME);
a	b	c
SELECT * FROM t1 WHERE a < CAST('10000.01.01 00:00:00' AS TIME);
a	b	c
2001-05-01 01:12:12	1.00	2001-01-01
2001-05-02 00:01:01	1	2001-01-01
2001-05-06 23:01:01	1.01	2001-01-01
2003-03-03 18:18:00	2147483647	2007-08-01
2004-01-04 10:10:10	-1	2000-07-01
2004-04-03 19:20:00	a1	2000-11-11
2006-10-02 08:00:02	-4294967299	2014-05-12
2007-02-01 02:01:01	a	2000-11-11
2012-12-03 08:10:00	4294967294	2009-09-01
2019-02-02 07:30:52	922337203685477807	2014-05-12
SELECT * FROM t1 WHERE a < CAST(c AS TIME);
a	b	c
2001-05-01 01:12:12	1.00	2001-01-01
2001-05-02 00:01:01	1	2001-01-01
2001-05-06 23:01:01	1.01	2001-01-01
2003-03-03 18:18:00	2147483647	2007-08-01
2004-01-04 10:10:10	-1	2000-07-01
2004-04-03 19:20:00	a1	2000-11-11
2006-10-02 08:00:02	-4294967299	2014-05-12
2007-02-01 02:01:01	a	2000-11-11
2012-12-03 08:10:00	4294967294	2009-09-01
2019-02-02 07:30:52	922337203685477807	2014-05-12
DROP TABLE t1;
CREATE TABLE t1(a TIME, b VARCHAR(127), c DATETIME );
INSERT INTO t1 VALUES ('10:22:33','1.00','2001-05-01 01:12:12'),('12:34:56.78','1','2001-05-02 00:01:01'),(10,'1.01','2001-05-06 23:01:01'),(1234,'a','2007-02-01 02:01:01'),(123456.78,'a1','2004-04-03 19:20:00'),(1234559.99,'2147483647','2003-03-03 18:18:00'),('1','4294967294','2012-12-03 08:10:00'),('1:23','-4294967299','2006-10-02 08:00:02'),('1:23:45','922337203685477807','2019-02-02 07:30:52'),('10.22','-1','2004-01-04 10:10:10'),("-10  1:22:33.45","11",'2001-05-01 01:12:12'),("20 10:22:33","12",'2010-05-01 01:12:12'),("1999-02-03 20:33:34","13",'2020-05-01 01:12:12'),(30,"14",'2030-05-01 01:12:12'),(1230,"15",'2002-05-01 01:12:12'),("1230","16",'2012-05-01 01:12:12'),("12:30","17",'2022-05-01 01:12:12'),("12:30:35","18",'2000-05-01 01:12:12'),("1 12:30:31.32","19",'2016-05-01 01:12:12');
SELECT * FROM t1 WHERE a < CAST(1.00 AS CHAR);
a	b	c
-241:22:33	11	2001-05-01 01:12:12
SELECT * FROM t1 WHERE a > CAST(REPEAT('123a',3) AS CHAR);
a	b	c
12:30:00	17	2022-05-01 01:12:12
12:30:35	18	2000-05-01 01:12:12
12:34:57	1	2001-05-02 00:01:01
12:34:57	a1	2004-04-03 19:20:00
20:33:34	13	2020-05-01 01:12:12
36:30:31	19	2016-05-01 01:12:12
490:22:33	12	2010-05-01 01:12:12
SELECT * FROM t1 WHERE a <> CAST('1.00' AS NCHAR);
a	b	c
-241:22:33	11	2001-05-01 01:12:12
00:00:10	-1	2004-01-04 10:10:10
00:00:10	1.01	2001-05-06 23:01:01
00:00:30	14	2030-05-01 01:12:12
00:12:30	15	2002-05-01 01:12:12
00:12:30	16	2012-05-01 01:12:12
00:12:34	a	2007-02-01 02:01:01
01:23:00	-4294967299	2006-10-02 08:00:02
01:23:45	922337203685477807	2019-02-02 07:30:52
10:22:33	1.00	2001-05-01 01:12:12
123:46:00	2147483647	2003-03-03 18:18:00
12:30:00	17	2022-05-01 01:12:12
12:30:35	18	2000-05-01 01:12:12
12:34:57	1	2001-05-02 00:01:01
12:34:57	a1	2004-04-03 19:20:00
20:33:34	13	2020-05-01 01:12:12
36:30:31	19	2016-05-01 01:12:12
490:22:33	12	2010-05-01 01:12:12
SELECT * FROM t1 WHERE a != CAST(1.01 AS NCHAR);
a	b	c
-241:22:33	11	2001-05-01 01:12:12
00:00:10	-1	2004-01-04 10:10:10
00:00:10	1.01	2001-05-06 23:01:01
00:00:30	14	2030-05-01 01:12:12
00:12:30	15	2002-05-01 01:12:12
00:12:30	16	2012-05-01 01:12:12
00:12:34	a	2007-02-01 02:01:01
01:23:00	-4294967299	2006-10-02 08:00:02
01:23:45	922337203685477807	2019-02-02 07:30:52
10:22:33	1.00	2001-05-01 01:12:12
123:46:00	2147483647	2003-03-03 18:18:00
12:30:00	17	2022-05-01 01:12:12
12:30:35	18	2000-05-01 01:12:12
12:34:57	1	2001-05-02 00:01:01
12:34:57	a1	2004-04-03 19:20:00
20:33:34	13	2020-05-01 01:12:12
36:30:31	19	2016-05-01 01:12:12
490:22:33	12	2010-05-01 01:12:12
SELECT * FROM t1 WHERE a >= CAST(REVERSE('acb1243') AS NCHAR);
a	b	c
36:30:31	19	2016-05-01 01:12:12
490:22:33	12	2010-05-01 01:12:12
SELECT * FROM t1 WHERE a = CAST('1.01' AS BINARY);
a	b	c
00:00:01	4294967294	2012-12-03 08:10:00
SELECT * FROM t1 WHERE a > CAST(1 AS BINARY);
a	b	c
00:00:10	-1	2004-01-04 10:10:10
00:00:10	1.01	2001-05-06 23:01:01
00:00:30	14	2030-05-01 01:12:12
00:12:30	15	2002-05-01 01:12:12
00:12:30	16	2012-05-01 01:12:12
00:12:34	a	2007-02-01 02:01:01
01:23:00	-4294967299	2006-10-02 08:00:02
01:23:45	922337203685477807	2019-02-02 07:30:52
10:22:33	1.00	2001-05-01 01:12:12
123:46:00	2147483647	2003-03-03 18:18:00
12:30:00	17	2022-05-01 01:12:12
12:30:35	18	2000-05-01 01:12:12
12:34:57	1	2001-05-02 00:01:01
12:34:57	a1	2004-04-03 19:20:00
20:33:34	13	2020-05-01 01:12:12
36:30:31	19	2016-05-01 01:12:12
490:22:33	12	2010-05-01 01:12:12
SELECT * FROM t1 WHERE a <= CAST(REPLACE('ab12c4','ab12','234') AS BINARY);
a	b	c
-241:22:33	11	2001-05-01 01:12:12
00:00:01	4294967294	2012-12-03 08:10:00
00:00:10	-1	2004-01-04 10:10:10
00:00:10	1.01	2001-05-06 23:01:01
00:00:30	14	2030-05-01 01:12:12
00:12:30	15	2002-05-01 01:12:12
00:12:30	16	2012-05-01 01:12:12
00:12:34	a	2007-02-01 02:01:01
01:23:00	-4294967299	2006-10-02 08:00:02
01:23:45	922337203685477807	2019-02-02 07:30:52
10:22:33	1.00	2001-05-01 01:12:12
123:46:00	2147483647	2003-03-03 18:18:00
12:30:00	17	2022-05-01 01:12:12
12:30:35	18	2000-05-01 01:12:12
12:34:57	1	2001-05-02 00:01:01
12:34:57	a1	2004-04-03 19:20:00
20:33:34	13	2020-05-01 01:12:12
SELECT * FROM t1 WHERE a > CAST(b AS CHAR);
a	b	c
00:00:10	-1	2004-01-04 10:10:10
01:23:00	-4294967299	2006-10-02 08:00:02
10:22:33	1.00	2001-05-01 01:12:12
12:34:57	1	2001-05-02 00:01:01
20:33:34	13	2020-05-01 01:12:12
36:30:31	19	2016-05-01 01:12:12
490:22:33	12	2010-05-01 01:12:12
SELECT * FROM t1 WHERE a > CAST(b AS NCHAR);
a	b	c
00:00:10	-1	2004-01-04 10:10:10
01:23:00	-4294967299	2006-10-02 08:00:02
10:22:33	1.00	2001-05-01 01:12:12
12:34:57	1	2001-05-02 00:01:01
20:33:34	13	2020-05-01 01:12:12
36:30:31	19	2016-05-01 01:12:12
490:22:33	12	2010-05-01 01:12:12
SELECT * FROM t1 WHERE a > CAST(b AS BINARY);
a	b	c
00:00:10	-1	2004-01-04 10:10:10
01:23:00	-4294967299	2006-10-02 08:00:02
10:22:33	1.00	2001-05-01 01:12:12
12:34:57	1	2001-05-02 00:01:01
20:33:34	13	2020-05-01 01:12:12
36:30:31	19	2016-05-01 01:12:12
490:22:33	12	2010-05-01 01:12:12
SELECT * FROM t1 WHERE a = CAST('1' AS SIGNED);
a	b	c
00:00:01	4294967294	2012-12-03 08:10:00
SELECT * FROM t1 WHERE a < CAST(2147483647 AS SIGNED);
a	b	c
-241:22:33	11	2001-05-01 01:12:12
00:00:01	4294967294	2012-12-03 08:10:00
00:00:10	-1	2004-01-04 10:10:10
00:00:10	1.01	2001-05-06 23:01:01
00:00:30	14	2030-05-01 01:12:12
00:12:30	15	2002-05-01 01:12:12
00:12:30	16	2012-05-01 01:12:12
00:12:34	a	2007-02-01 02:01:01
01:23:00	-4294967299	2006-10-02 08:00:02
01:23:45	922337203685477807	2019-02-02 07:30:52
10:22:33	1.00	2001-05-01 01:12:12
123:46:00	2147483647	2003-03-03 18:18:00
12:30:00	17	2022-05-01 01:12:12
12:30:35	18	2000-05-01 01:12:12
12:34:57	1	2001-05-02 00:01:01
12:34:57	a1	2004-04-03 19:20:00
20:33:34	13	2020-05-01 01:12:12
36:30:31	19	2016-05-01 01:12:12
490:22:33	12	2010-05-01 01:12:12
SELECT * FROM t1 WHERE a >= CAST(-2147483649 AS SIGNED);
a	b	c
-241:22:33	11	2001-05-01 01:12:12
00:00:01	4294967294	2012-12-03 08:10:00
00:00:10	-1	2004-01-04 10:10:10
00:00:10	1.01	2001-05-06 23:01:01
00:00:30	14	2030-05-01 01:12:12
00:12:30	15	2002-05-01 01:12:12
00:12:30	16	2012-05-01 01:12:12
00:12:34	a	2007-02-01 02:01:01
01:23:00	-4294967299	2006-10-02 08:00:02
01:23:45	922337203685477807	2019-02-02 07:30:52
10:22:33	1.00	2001-05-01 01:12:12
123:46:00	2147483647	2003-03-03 18:18:00
12:30:00	17	2022-05-01 01:12:12
12:30:35	18	2000-05-01 01:12:12
12:34:57	1	2001-05-02 00:01:01
12:34:57	a1	2004-04-03 19:20:00
20:33:34	13	2020-05-01 01:12:12
36:30:31	19	2016-05-01 01:12:12
490:22:33	12	2010-05-01 01:12:12
SELECT * FROM t1 WHERE a < CAST(b AS SIGNED);
a	b	c
-241:22:33	11	2001-05-01 01:12:12
00:00:01	4294967294	2012-12-03 08:10:00
01:23:45	922337203685477807	2019-02-02 07:30:52
123:46:00	2147483647	2003-03-03 18:18:00
SELECT * FROM t1 WHERE a >= CAST(INSERT('312abc',3,2,'00') AS SIGNED);
a	b	c
01:23:00	-4294967299	2006-10-02 08:00:02
01:23:45	922337203685477807	2019-02-02 07:30:52
10:22:33	1.00	2001-05-01 01:12:12
123:46:00	2147483647	2003-03-03 18:18:00
12:30:00	17	2022-05-01 01:12:12
12:30:35	18	2000-05-01 01:12:12
12:34:57	1	2001-05-02 00:01:01
12:34:57	a1	2004-04-03 19:20:00
20:33:34	13	2020-05-01 01:12:12
36:30:31	19	2016-05-01 01:12:12
490:22:33	12	2010-05-01 01:12:12
SELECT * FROM t1 WHERE a = CAST('1.00' AS UNSIGNED);
a	b	c
00:00:01	4294967294	2012-12-03 08:10:00
SELECT * FROM t1 WHERE a < CAST(4294967297 AS UNSIGNED);
a	b	c
-241:22:33	11	2001-05-01 01:12:12
00:00:01	4294967294	2012-12-03 08:10:00
00:00:10	-1	2004-01-04 10:10:10
00:00:10	1.01	2001-05-06 23:01:01
00:00:30	14	2030-05-01 01:12:12
00:12:30	15	2002-05-01 01:12:12
00:12:30	16	2012-05-01 01:12:12
00:12:34	a	2007-02-01 02:01:01
01:23:00	-4294967299	2006-10-02 08:00:02
01:23:45	922337203685477807	2019-02-02 07:30:52
10:22:33	1.00	2001-05-01 01:12:12
123:46:00	2147483647	2003-03-03 18:18:00
12:30:00	17	2022-05-01 01:12:12
12:30:35	18	2000-05-01 01:12:12
12:34:57	1	2001-05-02 00:01:01
12:34:57	a1	2004-04-03 19:20:00
20:33:34	13	2020-05-01 01:12:12
36:30:31	19	2016-05-01 01:12:12
490:22:33	12	2010-05-01 01:12:12
SELECT * FROM t1 WHERE a >= CAST(-4294967299 AS UNSIGNED);
a	b	c
SELECT * FROM t1 WHERE a < CAST(b AS UNSIGNED);
a	b	c
-241:22:33	11	2001-05-01 01:12:12
00:00:01	4294967294	2012-12-03 08:10:00
00:00:10	-1	2004-01-04 10:10:10
01:23:00	-4294967299	2006-10-02 08:00:02
01:23:45	922337203685477807	2019-02-02 07:30:52
123:46:00	2147483647	2003-03-03 18:18:00
SELECT * FROM t1 WHERE a < CAST(FLOOR(2147483647.2) AS UNSIGNED);
a	b	c
-241:22:33	11	2001-05-01 01:12:12
00:00:01	4294967294	2012-12-03 08:10:00
00:00:10	-1	2004-01-04 10:10:10
00:00:10	1.01	2001-05-06 23:01:01
00:00:30	14	2030-05-01 01:12:12
00:12:30	15	2002-05-01 01:12:12
00:12:30	16	2012-05-01 01:12:12
00:12:34	a	2007-02-01 02:01:01
01:23:00	-4294967299	2006-10-02 08:00:02
01:23:45	922337203685477807	2019-02-02 07:30:52
10:22:33	1.00	2001-05-01 01:12:12
123:46:00	2147483647	2003-03-03 18:18:00
12:30:00	17	2022-05-01 01:12:12
12:30:35	18	2000-05-01 01:12:12
12:34:57	1	2001-05-02 00:01:01
12:34:57	a1	2004-04-03 19:20:00
20:33:34	13	2020-05-01 01:12:12
36:30:31	19	2016-05-01 01:12:12
490:22:33	12	2010-05-01 01:12:12
SELECT * FROM t1 WHERE a = CAST('1' AS DECIMAL);
a	b	c
00:00:01	4294967294	2012-12-03 08:10:00
SELECT * FROM t1 WHERE a <> CAST(1.01 AS DECIMAL);
a	b	c
-241:22:33	11	2001-05-01 01:12:12
00:00:10	-1	2004-01-04 10:10:10
00:00:10	1.01	2001-05-06 23:01:01
00:00:30	14	2030-05-01 01:12:12
00:12:30	15	2002-05-01 01:12:12
00:12:30	16	2012-05-01 01:12:12
00:12:34	a	2007-02-01 02:01:01
01:23:00	-4294967299	2006-10-02 08:00:02
01:23:45	922337203685477807	2019-02-02 07:30:52
10:22:33	1.00	2001-05-01 01:12:12
123:46:00	2147483647	2003-03-03 18:18:00
12:30:00	17	2022-05-01 01:12:12
12:30:35	18	2000-05-01 01:12:12
12:34:57	1	2001-05-02 00:01:01
12:34:57	a1	2004-04-03 19:20:00
20:33:34	13	2020-05-01 01:12:12
36:30:31	19	2016-05-01 01:12:12
490:22:33	12	2010-05-01 01:12:12
SELECT * FROM t1 WHERE a <= CAST(922337203685477580800 AS DECIMAL);
a	b	c
-241:22:33	11	2001-05-01 01:12:12
00:00:01	4294967294	2012-12-03 08:10:00
00:00:10	-1	2004-01-04 10:10:10
00:00:10	1.01	2001-05-06 23:01:01
00:00:30	14	2030-05-01 01:12:12
00:12:30	15	2002-05-01 01:12:12
00:12:30	16	2012-05-01 01:12:12
00:12:34	a	2007-02-01 02:01:01
01:23:00	-4294967299	2006-10-02 08:00:02
01:23:45	922337203685477807	2019-02-02 07:30:52
10:22:33	1.00	2001-05-01 01:12:12
123:46:00	2147483647	2003-03-03 18:18:00
12:30:00	17	2022-05-01 01:12:12
12:30:35	18	2000-05-01 01:12:12
12:34:57	1	2001-05-02 00:01:01
12:34:57	a1	2004-04-03 19:20:00
20:33:34	13	2020-05-01 01:12:12
36:30:31	19	2016-05-01 01:12:12
490:22:33	12	2010-05-01 01:12:12
SELECT * FROM t1 WHERE a < CAST(b AS DECIMAL);
a	b	c
-241:22:33	11	2001-05-01 01:12:12
00:00:01	4294967294	2012-12-03 08:10:00
01:23:45	922337203685477807	2019-02-02 07:30:52
123:46:00	2147483647	2003-03-03 18:18:00
SELECT * FROM t1 WHERE a >= CAST(CEILING(-922337203685477580800) AS DECIMAL);
a	b	c
-241:22:33	11	2001-05-01 01:12:12
00:00:01	4294967294	2012-12-03 08:10:00
00:00:10	-1	2004-01-04 10:10:10
00:00:10	1.01	2001-05-06 23:01:01
00:00:30	14	2030-05-01 01:12:12
00:12:30	15	2002-05-01 01:12:12
00:12:30	16	2012-05-01 01:12:12
00:12:34	a	2007-02-01 02:01:01
01:23:00	-4294967299	2006-10-02 08:00:02
01:23:45	922337203685477807	2019-02-02 07:30:52
10:22:33	1.00	2001-05-01 01:12:12
123:46:00	2147483647	2003-03-03 18:18:00
12:30:00	17	2022-05-01 01:12:12
12:30:35	18	2000-05-01 01:12:12
12:34:57	1	2001-05-02 00:01:01
12:34:57	a1	2004-04-03 19:20:00
20:33:34	13	2020-05-01 01:12:12
36:30:31	19	2016-05-01 01:12:12
490:22:33	12	2010-05-01 01:12:12
SELECT * FROM t1 WHERE a = CAST('1' AS DATE);
a	b	c
SELECT * FROM t1 WHERE a >= CAST('2001-01-01' AS DATE);
a	b	c
00:00:01	4294967294	2012-12-03 08:10:00
00:00:10	-1	2004-01-04 10:10:10
00:00:10	1.01	2001-05-06 23:01:01
00:00:30	14	2030-05-01 01:12:12
00:12:30	15	2002-05-01 01:12:12
00:12:30	16	2012-05-01 01:12:12
00:12:34	a	2007-02-01 02:01:01
01:23:00	-4294967299	2006-10-02 08:00:02
01:23:45	922337203685477807	2019-02-02 07:30:52
10:22:33	1.00	2001-05-01 01:12:12
123:46:00	2147483647	2003-03-03 18:18:00
12:30:00	17	2022-05-01 01:12:12
12:30:35	18	2000-05-01 01:12:12
12:34:57	1	2001-05-02 00:01:01
12:34:57	a1	2004-04-03 19:20:00
20:33:34	13	2020-05-01 01:12:12
36:30:31	19	2016-05-01 01:12:12
490:22:33	12	2010-05-01 01:12:12
SELECT * FROM t1 WHERE a >= CAST('2001#01#01' AS DATE);
a	b	c
00:00:01	4294967294	2012-12-03 08:10:00
00:00:10	-1	2004-01-04 10:10:10
00:00:10	1.01	2001-05-06 23:01:01
00:00:30	14	2030-05-01 01:12:12
00:12:30	15	2002-05-01 01:12:12
00:12:30	16	2012-05-01 01:12:12
00:12:34	a	2007-02-01 02:01:01
01:23:00	-4294967299	2006-10-02 08:00:02
01:23:45	922337203685477807	2019-02-02 07:30:52
10:22:33	1.00	2001-05-01 01:12:12
123:46:00	2147483647	2003-03-03 18:18:00
12:30:00	17	2022-05-01 01:12:12
12:30:35	18	2000-05-01 01:12:12
12:34:57	1	2001-05-02 00:01:01
12:34:57	a1	2004-04-03 19:20:00
20:33:34	13	2020-05-01 01:12:12
36:30:31	19	2016-05-01 01:12:12
490:22:33	12	2010-05-01 01:12:12
SELECT * FROM t1 WHERE a >= CAST('2001.01.01' AS DATE);
a	b	c
00:00:01	4294967294	2012-12-03 08:10:00
00:00:10	-1	2004-01-04 10:10:10
00:00:10	1.01	2001-05-06 23:01:01
00:00:30	14	2030-05-01 01:12:12
00:12:30	15	2002-05-01 01:12:12
00:12:30	16	2012-05-01 01:12:12
00:12:34	a	2007-02-01 02:01:01
01:23:00	-4294967299	2006-10-02 08:00:02
01:23:45	922337203685477807	2019-02-02 07:30:52
10:22:33	1.00	2001-05-01 01:12:12
123:46:00	2147483647	2003-03-03 18:18:00
12:30:00	17	2022-05-01 01:12:12
12:30:35	18	2000-05-01 01:12:12
12:34:57	1	2001-05-02 00:01:01
12:34:57	a1	2004-04-03 19:20:00
20:33:34	13	2020-05-01 01:12:12
36:30:31	19	2016-05-01 01:12:12
490:22:33	12	2010-05-01 01:12:12
SELECT * FROM t1 WHERE a > CAST('9999.12.31' AS DATE);
a	b	c
00:00:01	4294967294	2012-12-03 08:10:00
00:00:10	-1	2004-01-04 10:10:10
00:00:10	1.01	2001-05-06 23:01:01
00:00:30	14	2030-05-01 01:12:12
00:12:30	15	2002-05-01 01:12:12
00:12:30	16	2012-05-01 01:12:12
00:12:34	a	2007-02-01 02:01:01
01:23:00	-4294967299	2006-10-02 08:00:02
01:23:45	922337203685477807	2019-02-02 07:30:52
10:22:33	1.00	2001-05-01 01:12:12
123:46:00	2147483647	2003-03-03 18:18:00
12:30:00	17	2022-05-01 01:12:12
12:30:35	18	2000-05-01 01:12:12
12:34:57	1	2001-05-02 00:01:01
12:34:57	a1	2004-04-03 19:20:00
20:33:34	13	2020-05-01 01:12:12
36:30:31	19	2016-05-01 01:12:12
490:22:33	12	2010-05-01 01:12:12
SELECT * FROM t1 WHERE a < CAST(c AS DATE);
a	b	c
00:00:30	14	2030-05-01 01:12:12
12:30:00	17	2022-05-01 01:12:12
SELECT * FROM t1 WHERE a <= CAST(NOW() AS DATE);
a	b	c
-241:22:33	11	2001-05-01 01:12:12
SELECT * FROM t1 WHERE a > CAST('1.00' AS DATETIME);
a	b	c
SELECT * FROM t1 WHERE a >= CAST('2001-01-01 00:00:00' AS DATETIME);
a	b	c
00:00:01	4294967294	2012-12-03 08:10:00
00:00:10	-1	2004-01-04 10:10:10
00:00:10	1.01	2001-05-06 23:01:01
00:00:30	14	2030-05-01 01:12:12
00:12:30	15	2002-05-01 01:12:12
00:12:30	16	2012-05-01 01:12:12
00:12:34	a	2007-02-01 02:01:01
01:23:00	-4294967299	2006-10-02 08:00:02
01:23:45	922337203685477807	2019-02-02 07:30:52
10:22:33	1.00	2001-05-01 01:12:12
123:46:00	2147483647	2003-03-03 18:18:00
12:30:00	17	2022-05-01 01:12:12
12:30:35	18	2000-05-01 01:12:12
12:34:57	1	2001-05-02 00:01:01
12:34:57	a1	2004-04-03 19:20:00
20:33:34	13	2020-05-01 01:12:12
36:30:31	19	2016-05-01 01:12:12
490:22:33	12	2010-05-01 01:12:12
SELECT * FROM t1 WHERE a >= CAST('2001#01#01 23:59:00' AS DATETIME);
a	b	c
123:46:00	2147483647	2003-03-03 18:18:00
36:30:31	19	2016-05-01 01:12:12
490:22:33	12	2010-05-01 01:12:12
SELECT * FROM t1 WHERE a >= CAST('2001.01.01 01:00:00' AS DATETIME);
a	b	c
01:23:00	-4294967299	2006-10-02 08:00:02
01:23:45	922337203685477807	2019-02-02 07:30:52
10:22:33	1.00	2001-05-01 01:12:12
123:46:00	2147483647	2003-03-03 18:18:00
12:30:00	17	2022-05-01 01:12:12
12:30:35	18	2000-05-01 01:12:12
12:34:57	1	2001-05-02 00:01:01
12:34:57	a1	2004-04-03 19:20:00
20:33:34	13	2020-05-01 01:12:12
36:30:31	19	2016-05-01 01:12:12
490:22:33	12	2010-05-01 01:12:12
SELECT * FROM t1 WHERE a <= CAST('9999.12.31' AS DATETIME);
a	b	c
-241:22:33	11	2001-05-01 01:12:12
SELECT * FROM t1 WHERE a < CAST(c AS DATETIME);
a	b	c
00:00:30	14	2030-05-01 01:12:12
12:30:00	17	2022-05-01 01:12:12
SELECT * FROM t1 WHERE a <= CAST(CURRENT_DATE() AS DATETIME);
a	b	c
-241:22:33	11	2001-05-01 01:12:12
SELECT * FROM t1 WHERE a <> CAST('1.01' AS TIME);
a	b	c
-241:22:33	11	2001-05-01 01:12:12
00:00:10	-1	2004-01-04 10:10:10
00:00:10	1.01	2001-05-06 23:01:01
00:00:30	14	2030-05-01 01:12:12
00:12:30	15	2002-05-01 01:12:12
00:12:30	16	2012-05-01 01:12:12
00:12:34	a	2007-02-01 02:01:01
01:23:00	-4294967299	2006-10-02 08:00:02
01:23:45	922337203685477807	2019-02-02 07:30:52
10:22:33	1.00	2001-05-01 01:12:12
123:46:00	2147483647	2003-03-03 18:18:00
12:30:00	17	2022-05-01 01:12:12
12:30:35	18	2000-05-01 01:12:12
12:34:57	1	2001-05-02 00:01:01
12:34:57	a1	2004-04-03 19:20:00
20:33:34	13	2020-05-01 01:12:12
36:30:31	19	2016-05-01 01:12:12
490:22:33	12	2010-05-01 01:12:12
SELECT * FROM t1 WHERE a >= CAST('2001-01-01 00:00:00' AS TIME);
a	b	c
00:00:01	4294967294	2012-12-03 08:10:00
00:00:10	-1	2004-01-04 10:10:10
00:00:10	1.01	2001-05-06 23:01:01
00:00:30	14	2030-05-01 01:12:12
00:12:30	15	2002-05-01 01:12:12
00:12:30	16	2012-05-01 01:12:12
00:12:34	a	2007-02-01 02:01:01
01:23:00	-4294967299	2006-10-02 08:00:02
01:23:45	922337203685477807	2019-02-02 07:30:52
10:22:33	1.00	2001-05-01 01:12:12
123:46:00	2147483647	2003-03-03 18:18:00
12:30:00	17	2022-05-01 01:12:12
12:30:35	18	2000-05-01 01:12:12
12:34:57	1	2001-05-02 00:01:01
12:34:57	a1	2004-04-03 19:20:00
20:33:34	13	2020-05-01 01:12:12
36:30:31	19	2016-05-01 01:12:12
490:22:33	12	2010-05-01 01:12:12
SELECT * FROM t1 WHERE a <= CAST('2001#01#01 23:59:00' AS TIME);
a	b	c
-241:22:33	11	2001-05-01 01:12:12
00:00:01	4294967294	2012-12-03 08:10:00
00:00:10	-1	2004-01-04 10:10:10
00:00:10	1.01	2001-05-06 23:01:01
00:00:30	14	2030-05-01 01:12:12
00:12:30	15	2002-05-01 01:12:12
00:12:30	16	2012-05-01 01:12:12
00:12:34	a	2007-02-01 02:01:01
01:23:00	-4294967299	2006-10-02 08:00:02
01:23:45	922337203685477807	2019-02-02 07:30:52
10:22:33	1.00	2001-05-01 01:12:12
12:30:00	17	2022-05-01 01:12:12
12:30:35	18	2000-05-01 01:12:12
12:34:57	1	2001-05-02 00:01:01
12:34:57	a1	2004-04-03 19:20:00
20:33:34	13	2020-05-01 01:12:12
SELECT * FROM t1 WHERE a >= CAST('2001.01.01 01:00:00' AS TIME);
a	b	c
01:23:00	-4294967299	2006-10-02 08:00:02
01:23:45	922337203685477807	2019-02-02 07:30:52
10:22:33	1.00	2001-05-01 01:12:12
123:46:00	2147483647	2003-03-03 18:18:00
12:30:00	17	2022-05-01 01:12:12
12:30:35	18	2000-05-01 01:12:12
12:34:57	1	2001-05-02 00:01:01
12:34:57	a1	2004-04-03 19:20:00
20:33:34	13	2020-05-01 01:12:12
36:30:31	19	2016-05-01 01:12:12
490:22:33	12	2010-05-01 01:12:12
SELECT * FROM t1 WHERE a > CAST('-839:59:59.0000' AS TIME);
a	b	c
-241:22:33	11	2001-05-01 01:12:12
00:00:01	4294967294	2012-12-03 08:10:00
00:00:10	-1	2004-01-04 10:10:10
00:00:10	1.01	2001-05-06 23:01:01
00:00:30	14	2030-05-01 01:12:12
00:12:30	15	2002-05-01 01:12:12
00:12:30	16	2012-05-01 01:12:12
00:12:34	a	2007-02-01 02:01:01
01:23:00	-4294967299	2006-10-02 08:00:02
01:23:45	922337203685477807	2019-02-02 07:30:52
10:22:33	1.00	2001-05-01 01:12:12
123:46:00	2147483647	2003-03-03 18:18:00
12:30:00	17	2022-05-01 01:12:12
12:30:35	18	2000-05-01 01:12:12
12:34:57	1	2001-05-02 00:01:01
12:34:57	a1	2004-04-03 19:20:00
20:33:34	13	2020-05-01 01:12:12
36:30:31	19	2016-05-01 01:12:12
490:22:33	12	2010-05-01 01:12:12
SELECT * FROM t1 WHERE a < CAST('10000.01.01 00:00:00' AS TIME);
a	b	c
-241:22:33	11	2001-05-01 01:12:12
00:00:01	4294967294	2012-12-03 08:10:00
00:00:10	-1	2004-01-04 10:10:10
00:00:10	1.01	2001-05-06 23:01:01
00:00:30	14	2030-05-01 01:12:12
00:12:30	15	2002-05-01 01:12:12
00:12:30	16	2012-05-01 01:12:12
00:12:34	a	2007-02-01 02:01:01
ALTER TABLE t1 ADD INDEX aIdx(a);
SELECT * FROM t1 WHERE a < CAST(1.00 AS CHAR);
a	b	c
-241:22:33	11	2001-05-01 01:12:12
SELECT * FROM t1 WHERE a > CAST(REPEAT('123a',3) AS CHAR);
a	b	c
12:30:00	17	2022-05-01 01:12:12
12:30:35	18	2000-05-01 01:12:12
12:34:57	1	2001-05-02 00:01:01
12:34:57	a1	2004-04-03 19:20:00
20:33:34	13	2020-05-01 01:12:12
36:30:31	19	2016-05-01 01:12:12
490:22:33	12	2010-05-01 01:12:12
SELECT * FROM t1 WHERE a <> CAST('1.00' AS NCHAR);
a	b	c
-241:22:33	11	2001-05-01 01:12:12
00:00:10	-1	2004-01-04 10:10:10
00:00:10	1.01	2001-05-06 23:01:01
00:00:30	14	2030-05-01 01:12:12
00:12:30	15	2002-05-01 01:12:12
00:12:30	16	2012-05-01 01:12:12
00:12:34	a	2007-02-01 02:01:01
01:23:00	-4294967299	2006-10-02 08:00:02
01:23:45	922337203685477807	2019-02-02 07:30:52
10:22:33	1.00	2001-05-01 01:12:12
123:46:00	2147483647	2003-03-03 18:18:00
12:30:00	17	2022-05-01 01:12:12
12:30:35	18	2000-05-01 01:12:12
12:34:57	1	2001-05-02 00:01:01
12:34:57	a1	2004-04-03 19:20:00
20:33:34	13	2020-05-01 01:12:12
36:30:31	19	2016-05-01 01:12:12
490:22:33	12	2010-05-01 01:12:12
SELECT * FROM t1 WHERE a != CAST(1.01 AS NCHAR);
a	b	c
-241:22:33	11	2001-05-01 01:12:12
00:00:10	-1	2004-01-04 10:10:10
00:00:10	1.01	2001-05-06 23:01:01
00:00:30	14	2030-05-01 01:12:12
00:12:30	15	2002-05-01 01:12:12
00:12:30	16	2012-05-01 01:12:12
00:12:34	a	2007-02-01 02:01:01
01:23:00	-4294967299	2006-10-02 08:00:02
01:23:45	922337203685477807	2019-02-02 07:30:52
10:22:33	1.00	2001-05-01 01:12:12
123:46:00	2147483647	2003-03-03 18:18:00
12:30:00	17	2022-05-01 01:12:12
12:30:35	18	2000-05-01 01:12:12
12:34:57	1	2001-05-02 00:01:01
12:34:57	a1	2004-04-03 19:20:00
20:33:34	13	2020-05-01 01:12:12
36:30:31	19	2016-05-01 01:12:12
490:22:33	12	2010-05-01 01:12:12
SELECT * FROM t1 WHERE a >= CAST(REVERSE('acb1243') AS NCHAR);
a	b	c
36:30:31	19	2016-05-01 01:12:12
490:22:33	12	2010-05-01 01:12:12
SELECT * FROM t1 WHERE a = CAST('1.01' AS BINARY);
a	b	c
00:00:01	4294967294	2012-12-03 08:10:00
SELECT * FROM t1 WHERE a > CAST(1 AS BINARY);
a	b	c
00:00:10	-1	2004-01-04 10:10:10
00:00:10	1.01	2001-05-06 23:01:01
00:00:30	14	2030-05-01 01:12:12
00:12:30	15	2002-05-01 01:12:12
00:12:30	16	2012-05-01 01:12:12
00:12:34	a	2007-02-01 02:01:01
01:23:00	-4294967299	2006-10-02 08:00:02
01:23:45	922337203685477807	2019-02-02 07:30:52
10:22:33	1.00	2001-05-01 01:12:12
123:46:00	2147483647	2003-03-03 18:18:00
12:30:00	17	2022-05-01 01:12:12
12:30:35	18	2000-05-01 01:12:12
12:34:57	1	2001-05-02 00:01:01
12:34:57	a1	2004-04-03 19:20:00
20:33:34	13	2020-05-01 01:12:12
36:30:31	19	2016-05-01 01:12:12
490:22:33	12	2010-05-01 01:12:12
SELECT * FROM t1 WHERE a <= CAST(REPLACE('ab12c4','ab12','234') AS BINARY);
a	b	c
-241:22:33	11	2001-05-01 01:12:12
00:00:01	4294967294	2012-12-03 08:10:00
00:00:10	-1	2004-01-04 10:10:10
00:00:10	1.01	2001-05-06 23:01:01
00:00:30	14	2030-05-01 01:12:12
00:12:30	15	2002-05-01 01:12:12
00:12:30	16	2012-05-01 01:12:12
00:12:34	a	2007-02-01 02:01:01
01:23:00	-4294967299	2006-10-02 08:00:02
01:23:45	922337203685477807	2019-02-02 07:30:52
10:22:33	1.00	2001-05-01 01:12:12
123:46:00	2147483647	2003-03-03 18:18:00
12:30:00	17	2022-05-01 01:12:12
12:30:35	18	2000-05-01 01:12:12
12:34:57	1	2001-05-02 00:01:01
12:34:57	a1	2004-04-03 19:20:00
20:33:34	13	2020-05-01 01:12:12
SELECT * FROM t1 WHERE a > CAST(b AS CHAR);
a	b	c
00:00:10	-1	2004-01-04 10:10:10
01:23:00	-4294967299	2006-10-02 08:00:02
10:22:33	1.00	2001-05-01 01:12:12
12:34:57	1	2001-05-02 00:01:01
20:33:34	13	2020-05-01 01:12:12
36:30:31	19	2016-05-01 01:12:12
490:22:33	12	2010-05-01 01:12:12
SELECT * FROM t1 WHERE a > CAST(b AS NCHAR);
a	b	c
00:00:10	-1	2004-01-04 10:10:10
01:23:00	-4294967299	2006-10-02 08:00:02
10:22:33	1.00	2001-05-01 01:12:12
12:34:57	1	2001-05-02 00:01:01
20:33:34	13	2020-05-01 01:12:12
36:30:31	19	2016-05-01 01:12:12
490:22:33	12	2010-05-01 01:12:12
SELECT * FROM t1 WHERE a > CAST(b AS BINARY);
a	b	c
00:00:10	-1	2004-01-04 10:10:10
01:23:00	-4294967299	2006-10-02 08:00:02
10:22:33	1.00	2001-05-01 01:12:12
12:34:57	1	2001-05-02 00:01:01
20:33:34	13	2020-05-01 01:12:12
36:30:31	19	2016-05-01 01:12:12
490:22:33	12	2010-05-01 01:12:12
SELECT * FROM t1 WHERE a = CAST('1' AS SIGNED);
a	b	c
00:00:01	4294967294	2012-12-03 08:10:00
SELECT * FROM t1 WHERE a < CAST(2147483647 AS SIGNED);
a	b	c
-241:22:33	11	2001-05-01 01:12:12
00:00:01	4294967294	2012-12-03 08:10:00
00:00:10	-1	2004-01-04 10:10:10
00:00:10	1.01	2001-05-06 23:01:01
00:00:30	14	2030-05-01 01:12:12
00:12:30	15	2002-05-01 01:12:12
00:12:30	16	2012-05-01 01:12:12
00:12:34	a	2007-02-01 02:01:01
01:23:00	-4294967299	2006-10-02 08:00:02
01:23:45	922337203685477807	2019-02-02 07:30:52
10:22:33	1.00	2001-05-01 01:12:12
123:46:00	2147483647	2003-03-03 18:18:00
12:30:00	17	2022-05-01 01:12:12
12:30:35	18	2000-05-01 01:12:12
12:34:57	1	2001-05-02 00:01:01
12:34:57	a1	2004-04-03 19:20:00
20:33:34	13	2020-05-01 01:12:12
36:30:31	19	2016-05-01 01:12:12
490:22:33	12	2010-05-01 01:12:12
SELECT * FROM t1 WHERE a >= CAST(-2147483649 AS SIGNED);
a	b	c
-241:22:33	11	2001-05-01 01:12:12
00:00:01	4294967294	2012-12-03 08:10:00
00:00:10	-1	2004-01-04 10:10:10
00:00:10	1.01	2001-05-06 23:01:01
00:00:30	14	2030-05-01 01:12:12
00:12:30	15	2002-05-01 01:12:12
00:12:30	16	2012-05-01 01:12:12
00:12:34	a	2007-02-01 02:01:01
01:23:00	-4294967299	2006-10-02 08:00:02
01:23:45	922337203685477807	2019-02-02 07:30:52
10:22:33	1.00	2001-05-01 01:12:12
123:46:00	2147483647	2003-03-03 18:18:00
12:30:00	17	2022-05-01 01:12:12
12:30:35	18	2000-05-01 01:12:12
12:34:57	1	2001-05-02 00:01:01
12:34:57	a1	2004-04-03 19:20:00
20:33:34	13	2020-05-01 01:12:12
36:30:31	19	2016-05-01 01:12:12
490:22:33	12	2010-05-01 01:12:12
SELECT * FROM t1 WHERE a < CAST(b AS SIGNED);
a	b	c
-241:22:33	11	2001-05-01 01:12:12
00:00:01	4294967294	2012-12-03 08:10:00
01:23:45	922337203685477807	2019-02-02 07:30:52
123:46:00	2147483647	2003-03-03 18:18:00
SELECT * FROM t1 WHERE a >= CAST(INSERT('312abc',3,2,'00') AS SIGNED);
a	b	c
01:23:00	-4294967299	2006-10-02 08:00:02
01:23:45	922337203685477807	2019-02-02 07:30:52
10:22:33	1.00	2001-05-01 01:12:12
123:46:00	2147483647	2003-03-03 18:18:00
12:30:00	17	2022-05-01 01:12:12
12:30:35	18	2000-05-01 01:12:12
12:34:57	1	2001-05-02 00:01:01
12:34:57	a1	2004-04-03 19:20:00
20:33:34	13	2020-05-01 01:12:12
36:30:31	19	2016-05-01 01:12:12
490:22:33	12	2010-05-01 01:12:12
SELECT * FROM t1 WHERE a = CAST('1.00' AS UNSIGNED);
a	b	c
00:00:01	4294967294	2012-12-03 08:10:00
SELECT * FROM t1 WHERE a < CAST(4294967297 AS UNSIGNED);
a	b	c
-241:22:33	11	2001-05-01 01:12:12
00:00:01	4294967294	2012-12-03 08:10:00
00:00:10	-1	2004-01-04 10:10:10
00:00:10	1.01	2001-05-06 23:01:01
00:00:30	14	2030-05-01 01:12:12
00:12:30	15	2002-05-01 01:12:12
00:12:30	16	2012-05-01 01:12:12
00:12:34	a	2007-02-01 02:01:01
01:23:00	-4294967299	2006-10-02 08:00:02
01:23:45	922337203685477807	2019-02-02 07:30:52
10:22:33	1.00	2001-05-01 01:12:12
123:46:00	2147483647	2003-03-03 18:18:00
12:30:00	17	2022-05-01 01:12:12
12:30:35	18	2000-05-01 01:12:12
12:34:57	1	2001-05-02 00:01:01
12:34:57	a1	2004-04-03 19:20:00
20:33:34	13	2020-05-01 01:12:12
36:30:31	19	2016-05-01 01:12:12
490:22:33	12	2010-05-01 01:12:12
SELECT * FROM t1 WHERE a >= CAST(-4294967299 AS UNSIGNED);
a	b	c
SELECT * FROM t1 WHERE a < CAST(b AS UNSIGNED);
a	b	c
-241:22:33	11	2001-05-01 01:12:12
00:00:01	4294967294	2012-12-03 08:10:00
00:00:10	-1	2004-01-04 10:10:10
01:23:00	-4294967299	2006-10-02 08:00:02
01:23:45	922337203685477807	2019-02-02 07:30:52
123:46:00	2147483647	2003-03-03 18:18:00
SELECT * FROM t1 WHERE a < CAST(FLOOR(2147483647.2) AS UNSIGNED);
a	b	c
-241:22:33	11	2001-05-01 01:12:12
00:00:01	4294967294	2012-12-03 08:10:00
00:00:10	-1	2004-01-04 10:10:10
00:00:10	1.01	2001-05-06 23:01:01
00:00:30	14	2030-05-01 01:12:12
00:12:30	15	2002-05-01 01:12:12
00:12:30	16	2012-05-01 01:12:12
00:12:34	a	2007-02-01 02:01:01
01:23:00	-4294967299	2006-10-02 08:00:02
01:23:45	922337203685477807	2019-02-02 07:30:52
10:22:33	1.00	2001-05-01 01:12:12
123:46:00	2147483647	2003-03-03 18:18:00
12:30:00	17	2022-05-01 01:12:12
12:30:35	18	2000-05-01 01:12:12
12:34:57	1	2001-05-02 00:01:01
12:34:57	a1	2004-04-03 19:20:00
20:33:34	13	2020-05-01 01:12:12
36:30:31	19	2016-05-01 01:12:12
490:22:33	12	2010-05-01 01:12:12
SELECT * FROM t1 WHERE a = CAST('1' AS DECIMAL);
a	b	c
00:00:01	4294967294	2012-12-03 08:10:00
SELECT * FROM t1 WHERE a <> CAST(1.01 AS DECIMAL);
a	b	c
-241:22:33	11	2001-05-01 01:12:12
00:00:10	-1	2004-01-04 10:10:10
00:00:10	1.01	2001-05-06 23:01:01
00:00:30	14	2030-05-01 01:12:12
00:12:30	15	2002-05-01 01:12:12
00:12:30	16	2012-05-01 01:12:12
00:12:34	a	2007-02-01 02:01:01
01:23:00	-4294967299	2006-10-02 08:00:02
01:23:45	922337203685477807	2019-02-02 07:30:52
10:22:33	1.00	2001-05-01 01:12:12
123:46:00	2147483647	2003-03-03 18:18:00
12:30:00	17	2022-05-01 01:12:12
12:30:35	18	2000-05-01 01:12:12
12:34:57	1	2001-05-02 00:01:01
12:34:57	a1	2004-04-03 19:20:00
20:33:34	13	2020-05-01 01:12:12
36:30:31	19	2016-05-01 01:12:12
490:22:33	12	2010-05-01 01:12:12
SELECT * FROM t1 WHERE a <= CAST(922337203685477580800 AS DECIMAL);
a	b	c
-241:22:33	11	2001-05-01 01:12:12
00:00:01	4294967294	2012-12-03 08:10:00
00:00:10	-1	2004-01-04 10:10:10
00:00:10	1.01	2001-05-06 23:01:01
00:00:30	14	2030-05-01 01:12:12
00:12:30	15	2002-05-01 01:12:12
00:12:30	16	2012-05-01 01:12:12
00:12:34	a	2007-02-01 02:01:01
01:23:00	-4294967299	2006-10-02 08:00:02
01:23:45	922337203685477807	2019-02-02 07:30:52
10:22:33	1.00	2001-05-01 01:12:12
123:46:00	2147483647	2003-03-03 18:18:00
12:30:00	17	2022-05-01 01:12:12
12:30:35	18	2000-05-01 01:12:12
12:34:57	1	2001-05-02 00:01:01
12:34:57	a1	2004-04-03 19:20:00
20:33:34	13	2020-05-01 01:12:12
36:30:31	19	2016-05-01 01:12:12
490:22:33	12	2010-05-01 01:12:12
SELECT * FROM t1 WHERE a < CAST(b AS DECIMAL);
a	b	c
-241:22:33	11	2001-05-01 01:12:12
00:00:01	4294967294	2012-12-03 08:10:00
01:23:45	922337203685477807	2019-02-02 07:30:52
123:46:00	2147483647	2003-03-03 18:18:00
SELECT * FROM t1 WHERE a >= CAST(CEILING(-922337203685477580800) AS DECIMAL);
a	b	c
-241:22:33	11	2001-05-01 01:12:12
00:00:01	4294967294	2012-12-03 08:10:00
00:00:10	-1	2004-01-04 10:10:10
00:00:10	1.01	2001-05-06 23:01:01
00:00:30	14	2030-05-01 01:12:12
00:12:30	15	2002-05-01 01:12:12
00:12:30	16	2012-05-01 01:12:12
00:12:34	a	2007-02-01 02:01:01
01:23:00	-4294967299	2006-10-02 08:00:02
01:23:45	922337203685477807	2019-02-02 07:30:52
10:22:33	1.00	2001-05-01 01:12:12
123:46:00	2147483647	2003-03-03 18:18:00
12:30:00	17	2022-05-01 01:12:12
12:30:35	18	2000-05-01 01:12:12
12:34:57	1	2001-05-02 00:01:01
12:34:57	a1	2004-04-03 19:20:00
20:33:34	13	2020-05-01 01:12:12
36:30:31	19	2016-05-01 01:12:12
490:22:33	12	2010-05-01 01:12:12
SELECT * FROM t1 WHERE a = CAST('1' AS DATE);
a	b	c
SELECT * FROM t1 WHERE a >= CAST('2001-01-01' AS DATE);
a	b	c
00:00:01	4294967294	2012-12-03 08:10:00
00:00:10	-1	2004-01-04 10:10:10
00:00:10	1.01	2001-05-06 23:01:01
00:00:30	14	2030-05-01 01:12:12
00:12:30	15	2002-05-01 01:12:12
00:12:30	16	2012-05-01 01:12:12
00:12:34	a	2007-02-01 02:01:01
01:23:00	-4294967299	2006-10-02 08:00:02
01:23:45	922337203685477807	2019-02-02 07:30:52
10:22:33	1.00	2001-05-01 01:12:12
123:46:00	2147483647	2003-03-03 18:18:00
12:30:00	17	2022-05-01 01:12:12
12:30:35	18	2000-05-01 01:12:12
12:34:57	1	2001-05-02 00:01:01
12:34:57	a1	2004-04-03 19:20:00
20:33:34	13	2020-05-01 01:12:12
36:30:31	19	2016-05-01 01:12:12
490:22:33	12	2010-05-01 01:12:12
SELECT * FROM t1 WHERE a >= CAST('2001#01#01' AS DATE);
a	b	c
00:00:01	4294967294	2012-12-03 08:10:00
00:00:10	-1	2004-01-04 10:10:10
00:00:10	1.01	2001-05-06 23:01:01
00:00:30	14	2030-05-01 01:12:12
00:12:30	15	2002-05-01 01:12:12
00:12:30	16	2012-05-01 01:12:12
00:12:34	a	2007-02-01 02:01:01
01:23:00	-4294967299	2006-10-02 08:00:02
01:23:45	922337203685477807	2019-02-02 07:30:52
10:22:33	1.00	2001-05-01 01:12:12
123:46:00	2147483647	2003-03-03 18:18:00
12:30:00	17	2022-05-01 01:12:12
12:30:35	18	2000-05-01 01:12:12
12:34:57	1	2001-05-02 00:01:01
12:34:57	a1	2004-04-03 19:20:00
20:33:34	13	2020-05-01 01:12:12
36:30:31	19	2016-05-01 01:12:12
490:22:33	12	2010-05-01 01:12:12
SELECT * FROM t1 WHERE a >= CAST('2001.01.01' AS DATE);
a	b	c
00:00:01	4294967294	2012-12-03 08:10:00
00:00:10	-1	2004-01-04 10:10:10
00:00:10	1.01	2001-05-06 23:01:01
00:00:30	14	2030-05-01 01:12:12
00:12:30	15	2002-05-01 01:12:12
00:12:30	16	2012-05-01 01:12:12
00:12:34	a	2007-02-01 02:01:01
01:23:00	-4294967299	2006-10-02 08:00:02
01:23:45	922337203685477807	2019-02-02 07:30:52
10:22:33	1.00	2001-05-01 01:12:12
123:46:00	2147483647	2003-03-03 18:18:00
12:30:00	17	2022-05-01 01:12:12
12:30:35	18	2000-05-01 01:12:12
12:34:57	1	2001-05-02 00:01:01
12:34:57	a1	2004-04-03 19:20:00
20:33:34	13	2020-05-01 01:12:12
36:30:31	19	2016-05-01 01:12:12
490:22:33	12	2010-05-01 01:12:12
SELECT * FROM t1 WHERE a > CAST('9999.12.31' AS DATE);
a	b	c
00:00:01	4294967294	2012-12-03 08:10:00
00:00:10	-1	2004-01-04 10:10:10
00:00:10	1.01	2001-05-06 23:01:01
00:00:30	14	2030-05-01 01:12:12
00:12:30	15	2002-05-01 01:12:12
00:12:30	16	2012-05-01 01:12:12
00:12:34	a	2007-02-01 02:01:01
01:23:00	-4294967299	2006-10-02 08:00:02
01:23:45	922337203685477807	2019-02-02 07:30:52
10:22:33	1.00	2001-05-01 01:12:12
123:46:00	2147483647	2003-03-03 18:18:00
12:30:00	17	2022-05-01 01:12:12
12:30:35	18	2000-05-01 01:12:12
12:34:57	1	2001-05-02 00:01:01
12:34:57	a1	2004-04-03 19:20:00
20:33:34	13	2020-05-01 01:12:12
36:30:31	19	2016-05-01 01:12:12
490:22:33	12	2010-05-01 01:12:12
SELECT * FROM t1 WHERE a < CAST(c AS DATE);
a	b	c
00:00:30	14	2030-05-01 01:12:12
12:30:00	17	2022-05-01 01:12:12
SELECT * FROM t1 WHERE a <= CAST(NOW() AS DATE);
a	b	c
-241:22:33	11	2001-05-01 01:12:12
SELECT * FROM t1 WHERE a > CAST('1.00' AS DATETIME);
a	b	c
SELECT * FROM t1 WHERE a >= CAST('2001-01-01 00:00:00' AS DATETIME);
a	b	c
00:00:01	4294967294	2012-12-03 08:10:00
00:00:10	-1	2004-01-04 10:10:10
00:00:10	1.01	2001-05-06 23:01:01
00:00:30	14	2030-05-01 01:12:12
00:12:30	15	2002-05-01 01:12:12
00:12:30	16	2012-05-01 01:12:12
00:12:34	a	2007-02-01 02:01:01
01:23:00	-4294967299	2006-10-02 08:00:02
01:23:45	922337203685477807	2019-02-02 07:30:52
10:22:33	1.00	2001-05-01 01:12:12
123:46:00	2147483647	2003-03-03 18:18:00
12:30:00	17	2022-05-01 01:12:12
12:30:35	18	2000-05-01 01:12:12
12:34:57	1	2001-05-02 00:01:01
12:34:57	a1	2004-04-03 19:20:00
20:33:34	13	2020-05-01 01:12:12
36:30:31	19	2016-05-01 01:12:12
490:22:33	12	2010-05-01 01:12:12
SELECT * FROM t1 WHERE a >= CAST('2001#01#01 23:59:00' AS DATETIME);
a	b	c
123:46:00	2147483647	2003-03-03 18:18:00
36:30:31	19	2016-05-01 01:12:12
490:22:33	12	2010-05-01 01:12:12
SELECT * FROM t1 WHERE a >= CAST('2001.01.01 01:00:00' AS DATETIME);
a	b	c
01:23:00	-4294967299	2006-10-02 08:00:02
01:23:45	922337203685477807	2019-02-02 07:30:52
10:22:33	1.00	2001-05-01 01:12:12
123:46:00	2147483647	2003-03-03 18:18:00
12:30:00	17	2022-05-01 01:12:12
12:30:35	18	2000-05-01 01:12:12
12:34:57	1	2001-05-02 00:01:01
12:34:57	a1	2004-04-03 19:20:00
20:33:34	13	2020-05-01 01:12:12
36:30:31	19	2016-05-01 01:12:12
490:22:33	12	2010-05-01 01:12:12
SELECT * FROM t1 WHERE a <= CAST('9999.12.31' AS DATETIME);
a	b	c
-241:22:33	11	2001-05-01 01:12:12
SELECT * FROM t1 WHERE a < CAST(c AS DATETIME);
a	b	c
00:00:30	14	2030-05-01 01:12:12
12:30:00	17	2022-05-01 01:12:12
SELECT * FROM t1 WHERE a <= CAST(CURRENT_DATE() AS DATETIME);
a	b	c
-241:22:33	11	2001-05-01 01:12:12
SELECT * FROM t1 WHERE a <> CAST('1.01' AS TIME);
a	b	c
-241:22:33	11	2001-05-01 01:12:12
00:00:10	-1	2004-01-04 10:10:10
00:00:10	1.01	2001-05-06 23:01:01
00:00:30	14	2030-05-01 01:12:12
00:12:30	15	2002-05-01 01:12:12
00:12:30	16	2012-05-01 01:12:12
00:12:34	a	2007-02-01 02:01:01
01:23:00	-4294967299	2006-10-02 08:00:02
01:23:45	922337203685477807	2019-02-02 07:30:52
10:22:33	1.00	2001-05-01 01:12:12
123:46:00	2147483647	2003-03-03 18:18:00
12:30:00	17	2022-05-01 01:12:12
12:30:35	18	2000-05-01 01:12:12
12:34:57	1	2001-05-02 00:01:01
12:34:57	a1	2004-04-03 19:20:00
20:33:34	13	2020-05-01 01:12:12
36:30:31	19	2016-05-01 01:12:12
490:22:33	12	2010-05-01 01:12:12
SELECT * FROM t1 WHERE a >= CAST('2001-01-01 00:00:00' AS TIME);
a	b	c
00:00:01	4294967294	2012-12-03 08:10:00
00:00:10	-1	2004-01-04 10:10:10
00:00:10	1.01	2001-05-06 23:01:01
00:00:30	14	2030-05-01 01:12:12
00:12:30	15	2002-05-01 01:12:12
00:12:30	16	2012-05-01 01:12:12
00:12:34	a	2007-02-01 02:01:01
01:23:00	-4294967299	2006-10-02 08:00:02
01:23:45	922337203685477807	2019-02-02 07:30:52
10:22:33	1.00	2001-05-01 01:12:12
123:46:00	2147483647	2003-03-03 18:18:00
12:30:00	17	2022-05-01 01:12:12
12:30:35	18	2000-05-01 01:12:12
12:34:57	1	2001-05-02 00:01:01
12:34:57	a1	2004-04-03 19:20:00
20:33:34	13	2020-05-01 01:12:12
36:30:31	19	2016-05-01 01:12:12
490:22:33	12	2010-05-01 01:12:12
SELECT * FROM t1 WHERE a <= CAST('2001#01#01 23:59:00' AS TIME);
a	b	c
-241:22:33	11	2001-05-01 01:12:12
00:00:01	4294967294	2012-12-03 08:10:00
00:00:10	-1	2004-01-04 10:10:10
00:00:10	1.01	2001-05-06 23:01:01
00:00:30	14	2030-05-01 01:12:12
00:12:30	15	2002-05-01 01:12:12
00:12:30	16	2012-05-01 01:12:12
00:12:34	a	2007-02-01 02:01:01
01:23:00	-4294967299	2006-10-02 08:00:02
01:23:45	922337203685477807	2019-02-02 07:30:52
10:22:33	1.00	2001-05-01 01:12:12
12:30:00	17	2022-05-01 01:12:12
12:30:35	18	2000-05-01 01:12:12
12:34:57	1	2001-05-02 00:01:01
12:34:57	a1	2004-04-03 19:20:00
20:33:34	13	2020-05-01 01:12:12
SELECT * FROM t1 WHERE a >= CAST('2001.01.01 01:00:00' AS TIME);
a	b	c
01:23:00	-4294967299	2006-10-02 08:00:02
01:23:45	922337203685477807	2019-02-02 07:30:52
10:22:33	1.00	2001-05-01 01:12:12
123:46:00	2147483647	2003-03-03 18:18:00
12:30:00	17	2022-05-01 01:12:12
12:30:35	18	2000-05-01 01:12:12
12:34:57	1	2001-05-02 00:01:01
12:34:57	a1	2004-04-03 19:20:00
20:33:34	13	2020-05-01 01:12:12
36:30:31	19	2016-05-01 01:12:12
490:22:33	12	2010-05-01 01:12:12
SELECT * FROM t1 WHERE a > CAST('-839:59:59.0000' AS TIME);
a	b	c
-241:22:33	11	2001-05-01 01:12:12
00:00:01	4294967294	2012-12-03 08:10:00
00:00:10	-1	2004-01-04 10:10:10
00:00:10	1.01	2001-05-06 23:01:01
00:00:30	14	2030-05-01 01:12:12
00:12:30	15	2002-05-01 01:12:12
00:12:30	16	2012-05-01 01:12:12
00:12:34	a	2007-02-01 02:01:01
01:23:00	-4294967299	2006-10-02 08:00:02
01:23:45	922337203685477807	2019-02-02 07:30:52
10:22:33	1.00	2001-05-01 01:12:12
123:46:00	2147483647	2003-03-03 18:18:00
12:30:00	17	2022-05-01 01:12:12
12:30:35	18	2000-05-01 01:12:12
12:34:57	1	2001-05-02 00:01:01
12:34:57	a1	2004-04-03 19:20:00
20:33:34	13	2020-05-01 01:12:12
36:30:31	19	2016-05-01 01:12:12
490:22:33	12	2010-05-01 01:12:12
SELECT * FROM t1 WHERE a < CAST('10000.01.01 00:00:00' AS TIME);
a	b	c
-241:22:33	11	2001-05-01 01:12:12
00:00:01	4294967294	2012-12-03 08:10:00
00:00:10	-1	2004-01-04 10:10:10
00:00:10	1.01	2001-05-06 23:01:01
00:00:30	14	2030-05-01 01:12:12
00:12:30	15	2002-05-01 01:12:12
00:12:30	16	2012-05-01 01:12:12
00:12:34	a	2007-02-01 02:01:01
SELECT * FROM t1 WHERE a < CAST(c AS TIME);
a	b	c
-241:22:33	11	2001-05-01 01:12:12
00:00:01	4294967294	2012-12-03 08:10:00
00:00:10	-1	2004-01-04 10:10:10
00:00:10	1.01	2001-05-06 23:01:01
00:00:30	14	2030-05-01 01:12:12
00:12:30	15	2002-05-01 01:12:12
00:12:30	16	2012-05-01 01:12:12
00:12:34	a	2007-02-01 02:01:01
01:23:00	-4294967299	2006-10-02 08:00:02
01:23:45	922337203685477807	2019-02-02 07:30:52
12:34:57	a1	2004-04-03 19:20:00
DROP TABLE t1;
CREATE TABLE t1(a TIMESTAMP, b VARCHAR(127), c DATE );
INSERT INTO t1 VALUES ('2001-05-01 01:12:12','1.00','2001-01-01'),('2001-05-02 00:01:01','1','2001#01#01'),('2001-05-06 23:01:01','1.01','2001.01.01'),('2007-02-01 02:01:01','a','2000-11-11'),('2004-04-03 19:20:00','a1','2000-11-11'),('2003-03-03 18:18:00','2147483647','2007-08-01'),('2012-12-03 08:10:00','4294967294','2009-09-01'),('2006-10-02 08:00:02','-4294967299','2014-05-12'),('2019-02-02 07:30:52','922337203685477807','2014-05-12'),('2004-01-04 10:10:10','-1','2000-07-01');
SELECT * FROM t1 WHERE a = CAST('1' AS CHAR);
a	b	c
SELECT * FROM t1 WHERE a < CAST(1.00 AS CHAR);
a	b	c
SELECT * FROM t1 WHERE a > CAST(REPEAT('123a',3) AS CHAR);
a	b	c
2001-05-01 01:12:12	1.00	2001-01-01
2001-05-02 00:01:01	1	2001-01-01
2001-05-06 23:01:01	1.01	2001-01-01
2003-03-03 18:18:00	2147483647	2007-08-01
2004-01-04 10:10:10	-1	2000-07-01
2004-04-03 19:20:00	a1	2000-11-11
2006-10-02 08:00:02	-4294967299	2014-05-12
2007-02-01 02:01:01	a	2000-11-11
2012-12-03 08:10:00	4294967294	2009-09-01
2019-02-02 07:30:52	922337203685477807	2014-05-12
SELECT * FROM t1 WHERE a <> CAST('1.00' AS NCHAR);
a	b	c
2001-05-01 01:12:12	1.00	2001-01-01
2001-05-02 00:01:01	1	2001-01-01
2001-05-06 23:01:01	1.01	2001-01-01
2003-03-03 18:18:00	2147483647	2007-08-01
2004-01-04 10:10:10	-1	2000-07-01
2004-04-03 19:20:00	a1	2000-11-11
2006-10-02 08:00:02	-4294967299	2014-05-12
2007-02-01 02:01:01	a	2000-11-11
2012-12-03 08:10:00	4294967294	2009-09-01
2019-02-02 07:30:52	922337203685477807	2014-05-12
SELECT * FROM t1 WHERE a != CAST(1.01 AS NCHAR);
a	b	c
2001-05-01 01:12:12	1.00	2001-01-01
2001-05-02 00:01:01	1	2001-01-01
2001-05-06 23:01:01	1.01	2001-01-01
2003-03-03 18:18:00	2147483647	2007-08-01
2004-01-04 10:10:10	-1	2000-07-01
2004-04-03 19:20:00	a1	2000-11-11
2006-10-02 08:00:02	-4294967299	2014-05-12
2007-02-01 02:01:01	a	2000-11-11
2012-12-03 08:10:00	4294967294	2009-09-01
2019-02-02 07:30:52	922337203685477807	2014-05-12
SELECT * FROM t1 WHERE a >= CAST(REVERSE('acb1243') AS NCHAR);
a	b	c
SELECT * FROM t1 WHERE a = CAST('1.01' AS BINARY);
a	b	c
SELECT * FROM t1 WHERE a > CAST(1 AS BINARY);
a	b	c
2001-05-01 01:12:12	1.00	2001-01-01
2001-05-02 00:01:01	1	2001-01-01
2001-05-06 23:01:01	1.01	2001-01-01
2003-03-03 18:18:00	2147483647	2007-08-01
2004-01-04 10:10:10	-1	2000-07-01
2004-04-03 19:20:00	a1	2000-11-11
2006-10-02 08:00:02	-4294967299	2014-05-12
2007-02-01 02:01:01	a	2000-11-11
2012-12-03 08:10:00	4294967294	2009-09-01
2019-02-02 07:30:52	922337203685477807	2014-05-12
SELECT * FROM t1 WHERE a <= CAST(REPLACE('ab12c4','ab12','234') AS BINARY);
a	b	c
2001-05-01 01:12:12	1.00	2001-01-01
2001-05-02 00:01:01	1	2001-01-01
2001-05-06 23:01:01	1.01	2001-01-01
2003-03-03 18:18:00	2147483647	2007-08-01
2004-01-04 10:10:10	-1	2000-07-01
2004-04-03 19:20:00	a1	2000-11-11
2006-10-02 08:00:02	-4294967299	2014-05-12
2007-02-01 02:01:01	a	2000-11-11
2012-12-03 08:10:00	4294967294	2009-09-01
2019-02-02 07:30:52	922337203685477807	2014-05-12
SELECT * FROM t1 WHERE a > CAST(b AS CHAR);
a	b	c
2001-05-01 01:12:12	1.00	2001-01-01
2001-05-02 00:01:01	1	2001-01-01
2001-05-06 23:01:01	1.01	2001-01-01
2003-03-03 18:18:00	2147483647	2007-08-01
2004-01-04 10:10:10	-1	2000-07-01
2004-04-03 19:20:00	a1	2000-11-11
2006-10-02 08:00:02	-4294967299	2014-05-12
2007-02-01 02:01:01	a	2000-11-11
2012-12-03 08:10:00	4294967294	2009-09-01
2019-02-02 07:30:52	922337203685477807	2014-05-12
SELECT * FROM t1 WHERE a > CAST(b AS NCHAR);
a	b	c
2001-05-01 01:12:12	1.00	2001-01-01
2001-05-02 00:01:01	1	2001-01-01
2001-05-06 23:01:01	1.01	2001-01-01
2003-03-03 18:18:00	2147483647	2007-08-01
2004-01-04 10:10:10	-1	2000-07-01
2004-04-03 19:20:00	a1	2000-11-11
2006-10-02 08:00:02	-4294967299	2014-05-12
2007-02-01 02:01:01	a	2000-11-11
2012-12-03 08:10:00	4294967294	2009-09-01
2019-02-02 07:30:52	922337203685477807	2014-05-12
SELECT * FROM t1 WHERE a > CAST(b AS BINARY);
a	b	c
2001-05-01 01:12:12	1.00	2001-01-01
2001-05-02 00:01:01	1	2001-01-01
2001-05-06 23:01:01	1.01	2001-01-01
2003-03-03 18:18:00	2147483647	2007-08-01
2004-01-04 10:10:10	-1	2000-07-01
2004-04-03 19:20:00	a1	2000-11-11
2006-10-02 08:00:02	-4294967299	2014-05-12
2007-02-01 02:01:01	a	2000-11-11
2012-12-03 08:10:00	4294967294	2009-09-01
2019-02-02 07:30:52	922337203685477807	2014-05-12
SELECT * FROM t1 WHERE a = CAST('1' AS SIGNED);
a	b	c
SELECT * FROM t1 WHERE a < CAST(2147483647 AS SIGNED);
a	b	c
SELECT * FROM t1 WHERE a >= CAST(-2147483649 AS SIGNED);
a	b	c
2001-05-01 01:12:12	1.00	2001-01-01
2001-05-02 00:01:01	1	2001-01-01
2001-05-06 23:01:01	1.01	2001-01-01
2003-03-03 18:18:00	2147483647	2007-08-01
2004-01-04 10:10:10	-1	2000-07-01
2004-04-03 19:20:00	a1	2000-11-11
2006-10-02 08:00:02	-4294967299	2014-05-12
2007-02-01 02:01:01	a	2000-11-11
2012-12-03 08:10:00	4294967294	2009-09-01
2019-02-02 07:30:52	922337203685477807	2014-05-12
SELECT * FROM t1 WHERE a < CAST(b AS SIGNED);
a	b	c
2019-02-02 07:30:52	922337203685477807	2014-05-12
SELECT * FROM t1 WHERE a >= CAST(INSERT('312abc',3,2,'00') AS SIGNED);
a	b	c
2001-05-01 01:12:12	1.00	2001-01-01
2001-05-02 00:01:01	1	2001-01-01
2001-05-06 23:01:01	1.01	2001-01-01
2003-03-03 18:18:00	2147483647	2007-08-01
2004-01-04 10:10:10	-1	2000-07-01
2004-04-03 19:20:00	a1	2000-11-11
2006-10-02 08:00:02	-4294967299	2014-05-12
2007-02-01 02:01:01	a	2000-11-11
2012-12-03 08:10:00	4294967294	2009-09-01
2019-02-02 07:30:52	922337203685477807	2014-05-12
SELECT * FROM t1 WHERE a = CAST('1.00' AS UNSIGNED);
a	b	c
SELECT * FROM t1 WHERE a < CAST(4294967297 AS UNSIGNED);
a	b	c
SELECT * FROM t1 WHERE a >= CAST(-4294967299 AS UNSIGNED);
a	b	c
SELECT * FROM t1 WHERE a < CAST(b AS UNSIGNED);
a	b	c
2004-01-04 10:10:10	-1	2000-07-01
2006-10-02 08:00:02	-4294967299	2014-05-12
2019-02-02 07:30:52	922337203685477807	2014-05-12
SELECT * FROM t1 WHERE a < CAST(FLOOR(2147483647.2) AS UNSIGNED);
a	b	c
SELECT * FROM t1 WHERE a = CAST('1' AS DECIMAL);
a	b	c
SELECT * FROM t1 WHERE a <> CAST(1.01 AS DECIMAL);
a	b	c
2001-05-01 01:12:12	1.00	2001-01-01
2001-05-02 00:01:01	1	2001-01-01
2001-05-06 23:01:01	1.01	2001-01-01
2003-03-03 18:18:00	2147483647	2007-08-01
2004-01-04 10:10:10	-1	2000-07-01
2004-04-03 19:20:00	a1	2000-11-11
2006-10-02 08:00:02	-4294967299	2014-05-12
2007-02-01 02:01:01	a	2000-11-11
2012-12-03 08:10:00	4294967294	2009-09-01
2019-02-02 07:30:52	922337203685477807	2014-05-12
SELECT * FROM t1 WHERE a <= CAST(922337203685477580800 AS DECIMAL);
a	b	c
SELECT * FROM t1 WHERE a < CAST(b AS DECIMAL);
a	b	c
SELECT * FROM t1 WHERE a >= CAST(CEILING(-922337203685477580800) AS DECIMAL);
a	b	c
2001-05-01 01:12:12	1.00	2001-01-01
2001-05-02 00:01:01	1	2001-01-01
2001-05-06 23:01:01	1.01	2001-01-01
2003-03-03 18:18:00	2147483647	2007-08-01
2004-01-04 10:10:10	-1	2000-07-01
2004-04-03 19:20:00	a1	2000-11-11
2006-10-02 08:00:02	-4294967299	2014-05-12
2007-02-01 02:01:01	a	2000-11-11
2012-12-03 08:10:00	4294967294	2009-09-01
2019-02-02 07:30:52	922337203685477807	2014-05-12
SELECT * FROM t1 WHERE a = CAST('1' AS DATE);
a	b	c
SELECT * FROM t1 WHERE a >= CAST('2001-01-01' AS DATE);
a	b	c
2001-05-01 01:12:12	1.00	2001-01-01
2001-05-02 00:01:01	1	2001-01-01
2001-05-06 23:01:01	1.01	2001-01-01
2003-03-03 18:18:00	2147483647	2007-08-01
2004-01-04 10:10:10	-1	2000-07-01
2004-04-03 19:20:00	a1	2000-11-11
2006-10-02 08:00:02	-4294967299	2014-05-12
2007-02-01 02:01:01	a	2000-11-11
2012-12-03 08:10:00	4294967294	2009-09-01
2019-02-02 07:30:52	922337203685477807	2014-05-12
SELECT * FROM t1 WHERE a >= CAST('2001#01#01' AS DATE);
a	b	c
2001-05-01 01:12:12	1.00	2001-01-01
2001-05-02 00:01:01	1	2001-01-01
2001-05-06 23:01:01	1.01	2001-01-01
2003-03-03 18:18:00	2147483647	2007-08-01
2004-01-04 10:10:10	-1	2000-07-01
2004-04-03 19:20:00	a1	2000-11-11
2006-10-02 08:00:02	-4294967299	2014-05-12
2007-02-01 02:01:01	a	2000-11-11
2012-12-03 08:10:00	4294967294	2009-09-01
2019-02-02 07:30:52	922337203685477807	2014-05-12
SELECT * FROM t1 WHERE a >= CAST('2001.01.01' AS DATE);
a	b	c
2001-05-01 01:12:12	1.00	2001-01-01
2001-05-02 00:01:01	1	2001-01-01
2001-05-06 23:01:01	1.01	2001-01-01
2003-03-03 18:18:00	2147483647	2007-08-01
2004-01-04 10:10:10	-1	2000-07-01
2004-04-03 19:20:00	a1	2000-11-11
2006-10-02 08:00:02	-4294967299	2014-05-12
2007-02-01 02:01:01	a	2000-11-11
2012-12-03 08:10:00	4294967294	2009-09-01
2019-02-02 07:30:52	922337203685477807	2014-05-12
SELECT * FROM t1 WHERE a > CAST('9999.12.31' AS DATE);
a	b	c
SELECT * FROM t1 WHERE a < CAST(c AS DATE);
a	b	c
2003-03-03 18:18:00	2147483647	2007-08-01
2006-10-02 08:00:02	-4294967299	2014-05-12
SELECT * FROM t1 WHERE a <= CAST(NOW() AS DATE);
a	b	c
2001-05-01 01:12:12	1.00	2001-01-01
2001-05-02 00:01:01	1	2001-01-01
2001-05-06 23:01:01	1.01	2001-01-01
2003-03-03 18:18:00	2147483647	2007-08-01
2004-01-04 10:10:10	-1	2000-07-01
2004-04-03 19:20:00	a1	2000-11-11
2006-10-02 08:00:02	-4294967299	2014-05-12
2007-02-01 02:01:01	a	2000-11-11
2012-12-03 08:10:00	4294967294	2009-09-01
2019-02-02 07:30:52	922337203685477807	2014-05-12
SELECT * FROM t1 WHERE a > CAST('1.00' AS DATETIME);
a	b	c
SELECT * FROM t1 WHERE a >= CAST('2001-01-01 00:00:00' AS DATETIME);
a	b	c
2001-05-01 01:12:12	1.00	2001-01-01
2001-05-02 00:01:01	1	2001-01-01
2001-05-06 23:01:01	1.01	2001-01-01
2003-03-03 18:18:00	2147483647	2007-08-01
2004-01-04 10:10:10	-1	2000-07-01
2004-04-03 19:20:00	a1	2000-11-11
2006-10-02 08:00:02	-4294967299	2014-05-12
2007-02-01 02:01:01	a	2000-11-11
2012-12-03 08:10:00	4294967294	2009-09-01
2019-02-02 07:30:52	922337203685477807	2014-05-12
SELECT * FROM t1 WHERE a >= CAST('2001#01#01 23:59:00' AS DATETIME);
a	b	c
2001-05-01 01:12:12	1.00	2001-01-01
2001-05-02 00:01:01	1	2001-01-01
2001-05-06 23:01:01	1.01	2001-01-01
2003-03-03 18:18:00	2147483647	2007-08-01
2004-01-04 10:10:10	-1	2000-07-01
2004-04-03 19:20:00	a1	2000-11-11
2006-10-02 08:00:02	-4294967299	2014-05-12
2007-02-01 02:01:01	a	2000-11-11
2012-12-03 08:10:00	4294967294	2009-09-01
2019-02-02 07:30:52	922337203685477807	2014-05-12
SELECT * FROM t1 WHERE a >= CAST('2001.01.01 01:00:00' AS DATETIME);
a	b	c
2001-05-01 01:12:12	1.00	2001-01-01
2001-05-02 00:01:01	1	2001-01-01
2001-05-06 23:01:01	1.01	2001-01-01
2003-03-03 18:18:00	2147483647	2007-08-01
2004-01-04 10:10:10	-1	2000-07-01
2004-04-03 19:20:00	a1	2000-11-11
2006-10-02 08:00:02	-4294967299	2014-05-12
2007-02-01 02:01:01	a	2000-11-11
2012-12-03 08:10:00	4294967294	2009-09-01
2019-02-02 07:30:52	922337203685477807	2014-05-12
SELECT * FROM t1 WHERE a <= CAST('9999.12.31' AS DATETIME);
a	b	c
2001-05-01 01:12:12	1.00	2001-01-01
2001-05-02 00:01:01	1	2001-01-01
2001-05-06 23:01:01	1.01	2001-01-01
2003-03-03 18:18:00	2147483647	2007-08-01
2004-01-04 10:10:10	-1	2000-07-01
2004-04-03 19:20:00	a1	2000-11-11
2006-10-02 08:00:02	-4294967299	2014-05-12
2007-02-01 02:01:01	a	2000-11-11
2012-12-03 08:10:00	4294967294	2009-09-01
2019-02-02 07:30:52	922337203685477807	2014-05-12
SELECT * FROM t1 WHERE a < CAST(c AS DATETIME);
a	b	c
2003-03-03 18:18:00	2147483647	2007-08-01
2006-10-02 08:00:02	-4294967299	2014-05-12
SELECT * FROM t1 WHERE a <= CAST(CURRENT_DATE() AS DATETIME);
a	b	c
2001-05-01 01:12:12	1.00	2001-01-01
2001-05-02 00:01:01	1	2001-01-01
2001-05-06 23:01:01	1.01	2001-01-01
2003-03-03 18:18:00	2147483647	2007-08-01
2004-01-04 10:10:10	-1	2000-07-01
2004-04-03 19:20:00	a1	2000-11-11
2006-10-02 08:00:02	-4294967299	2014-05-12
2007-02-01 02:01:01	a	2000-11-11
2012-12-03 08:10:00	4294967294	2009-09-01
2019-02-02 07:30:52	922337203685477807	2014-05-12
SELECT * FROM t1 WHERE a <> CAST('1.01' AS TIME);
a	b	c
2001-05-01 01:12:12	1.00	2001-01-01
2001-05-02 00:01:01	1	2001-01-01
2001-05-06 23:01:01	1.01	2001-01-01
2003-03-03 18:18:00	2147483647	2007-08-01
2004-01-04 10:10:10	-1	2000-07-01
2004-04-03 19:20:00	a1	2000-11-11
2006-10-02 08:00:02	-4294967299	2014-05-12
2007-02-01 02:01:01	a	2000-11-11
2012-12-03 08:10:00	4294967294	2009-09-01
2019-02-02 07:30:52	922337203685477807	2014-05-12
SELECT * FROM t1 WHERE a >= CAST('2001-01-01 00:00:00' AS TIME);
a	b	c
SELECT * FROM t1 WHERE a <= CAST('2001#01#01 23:59:00' AS TIME);
a	b	c
2001-05-01 01:12:12	1.00	2001-01-01
2001-05-02 00:01:01	1	2001-01-01
2001-05-06 23:01:01	1.01	2001-01-01
2003-03-03 18:18:00	2147483647	2007-08-01
2004-01-04 10:10:10	-1	2000-07-01
2004-04-03 19:20:00	a1	2000-11-11
2006-10-02 08:00:02	-4294967299	2014-05-12
2007-02-01 02:01:01	a	2000-11-11
2012-12-03 08:10:00	4294967294	2009-09-01
2019-02-02 07:30:52	922337203685477807	2014-05-12
SELECT * FROM t1 WHERE a >= CAST('2001.01.01 01:00:00' AS TIME);
a	b	c
SELECT * FROM t1 WHERE a > CAST('-839:59:59.0000' AS TIME);
a	b	c
SELECT * FROM t1 WHERE a < CAST('10000.01.01 00:00:00' AS TIME);
a	b	c
2001-05-01 01:12:12	1.00	2001-01-01
2001-05-02 00:01:01	1	2001-01-01
2001-05-06 23:01:01	1.01	2001-01-01
2003-03-03 18:18:00	2147483647	2007-08-01
2004-01-04 10:10:10	-1	2000-07-01
2004-04-03 19:20:00	a1	2000-11-11
2006-10-02 08:00:02	-4294967299	2014-05-12
2007-02-01 02:01:01	a	2000-11-11
2012-12-03 08:10:00	4294967294	2009-09-01
2019-02-02 07:30:52	922337203685477807	2014-05-12
SELECT * FROM t1 WHERE a < CAST(c AS TIME);
a	b	c
2001-05-01 01:12:12	1.00	2001-01-01
2001-05-02 00:01:01	1	2001-01-01
2001-05-06 23:01:01	1.01	2001-01-01
2003-03-03 18:18:00	2147483647	2007-08-01
2004-01-04 10:10:10	-1	2000-07-01
2004-04-03 19:20:00	a1	2000-11-11
2006-10-02 08:00:02	-4294967299	2014-05-12
2007-02-01 02:01:01	a	2000-11-11
2012-12-03 08:10:00	4294967294	2009-09-01
2019-02-02 07:30:52	922337203685477807	2014-05-12
ALTER TABLE t1 ADD INDEX aIdx(a);
SELECT * FROM t1 WHERE a = CAST('1' AS CHAR);
a	b	c
SELECT * FROM t1 WHERE a < CAST(1.00 AS CHAR);
a	b	c
SELECT * FROM t1 WHERE a > CAST(REPEAT('123a',3) AS CHAR);
a	b	c
2001-05-01 01:12:12	1.00	2001-01-01
2001-05-02 00:01:01	1	2001-01-01
2001-05-06 23:01:01	1.01	2001-01-01
2003-03-03 18:18:00	2147483647	2007-08-01
2004-01-04 10:10:10	-1	2000-07-01
2004-04-03 19:20:00	a1	2000-11-11
2006-10-02 08:00:02	-4294967299	2014-05-12
2007-02-01 02:01:01	a	2000-11-11
2012-12-03 08:10:00	4294967294	2009-09-01
2019-02-02 07:30:52	922337203685477807	2014-05-12
SELECT * FROM t1 WHERE a <> CAST('1.00' AS NCHAR);
a	b	c
2001-05-01 01:12:12	1.00	2001-01-01
2001-05-02 00:01:01	1	2001-01-01
2001-05-06 23:01:01	1.01	2001-01-01
2003-03-03 18:18:00	2147483647	2007-08-01
2004-01-04 10:10:10	-1	2000-07-01
2004-04-03 19:20:00	a1	2000-11-11
2006-10-02 08:00:02	-4294967299	2014-05-12
2007-02-01 02:01:01	a	2000-11-11
2012-12-03 08:10:00	4294967294	2009-09-01
2019-02-02 07:30:52	922337203685477807	2014-05-12
SELECT * FROM t1 WHERE a != CAST(1.01 AS NCHAR);
a	b	c
2001-05-01 01:12:12	1.00	2001-01-01
2001-05-02 00:01:01	1	2001-01-01
2001-05-06 23:01:01	1.01	2001-01-01
2003-03-03 18:18:00	2147483647	2007-08-01
2004-01-04 10:10:10	-1	2000-07-01
2004-04-03 19:20:00	a1	2000-11-11
2006-10-02 08:00:02	-4294967299	2014-05-12
2007-02-01 02:01:01	a	2000-11-11
2012-12-03 08:10:00	4294967294	2009-09-01
2019-02-02 07:30:52	922337203685477807	2014-05-12
SELECT * FROM t1 WHERE a >= CAST(REVERSE('acb1243') AS NCHAR);
a	b	c
SELECT * FROM t1 WHERE a = CAST('1.01' AS BINARY);
a	b	c
SELECT * FROM t1 WHERE a > CAST(1 AS BINARY);
a	b	c
2001-05-01 01:12:12	1.00	2001-01-01
2001-05-02 00:01:01	1	2001-01-01
2001-05-06 23:01:01	1.01	2001-01-01
2003-03-03 18:18:00	2147483647	2007-08-01
2004-01-04 10:10:10	-1	2000-07-01
2004-04-03 19:20:00	a1	2000-11-11
2006-10-02 08:00:02	-4294967299	2014-05-12
2007-02-01 02:01:01	a	2000-11-11
2012-12-03 08:10:00	4294967294	2009-09-01
2019-02-02 07:30:52	922337203685477807	2014-05-12
SELECT * FROM t1 WHERE a <= CAST(REPLACE('ab12c4','ab12','234') AS BINARY);
a	b	c
2001-05-01 01:12:12	1.00	2001-01-01
2001-05-02 00:01:01	1	2001-01-01
2001-05-06 23:01:01	1.01	2001-01-01
2003-03-03 18:18:00	2147483647	2007-08-01
2004-01-04 10:10:10	-1	2000-07-01
2004-04-03 19:20:00	a1	2000-11-11
2006-10-02 08:00:02	-4294967299	2014-05-12
2007-02-01 02:01:01	a	2000-11-11
2012-12-03 08:10:00	4294967294	2009-09-01
2019-02-02 07:30:52	922337203685477807	2014-05-12
SELECT * FROM t1 WHERE a > CAST(b AS CHAR);
a	b	c
2001-05-01 01:12:12	1.00	2001-01-01
2001-05-02 00:01:01	1	2001-01-01
2001-05-06 23:01:01	1.01	2001-01-01
2003-03-03 18:18:00	2147483647	2007-08-01
2004-01-04 10:10:10	-1	2000-07-01
2004-04-03 19:20:00	a1	2000-11-11
2006-10-02 08:00:02	-4294967299	2014-05-12
2007-02-01 02:01:01	a	2000-11-11
2012-12-03 08:10:00	4294967294	2009-09-01
2019-02-02 07:30:52	922337203685477807	2014-05-12
SELECT * FROM t1 WHERE a > CAST(b AS NCHAR);
a	b	c
2001-05-01 01:12:12	1.00	2001-01-01
2001-05-02 00:01:01	1	2001-01-01
2001-05-06 23:01:01	1.01	2001-01-01
2003-03-03 18:18:00	2147483647	2007-08-01
2004-01-04 10:10:10	-1	2000-07-01
2004-04-03 19:20:00	a1	2000-11-11
2006-10-02 08:00:02	-4294967299	2014-05-12
2007-02-01 02:01:01	a	2000-11-11
2012-12-03 08:10:00	4294967294	2009-09-01
2019-02-02 07:30:52	922337203685477807	2014-05-12
SELECT * FROM t1 WHERE a > CAST(b AS BINARY);
a	b	c
2001-05-01 01:12:12	1.00	2001-01-01
2001-05-02 00:01:01	1	2001-01-01
2001-05-06 23:01:01	1.01	2001-01-01
2003-03-03 18:18:00	2147483647	2007-08-01
2004-01-04 10:10:10	-1	2000-07-01
2004-04-03 19:20:00	a1	2000-11-11
2006-10-02 08:00:02	-4294967299	2014-05-12
2007-02-01 02:01:01	a	2000-11-11
2012-12-03 08:10:00	4294967294	2009-09-01
2019-02-02 07:30:52	922337203685477807	2014-05-12
SELECT * FROM t1 WHERE a = CAST('1' AS SIGNED);
a	b	c
SELECT * FROM t1 WHERE a < CAST(2147483647 AS SIGNED);
a	b	c
SELECT * FROM t1 WHERE a >= CAST(-2147483649 AS SIGNED);
a	b	c
2001-05-01 01:12:12	1.00	2001-01-01
2001-05-02 00:01:01	1	2001-01-01
2001-05-06 23:01:01	1.01	2001-01-01
2003-03-03 18:18:00	2147483647	2007-08-01
2004-01-04 10:10:10	-1	2000-07-01
2004-04-03 19:20:00	a1	2000-11-11
2006-10-02 08:00:02	-4294967299	2014-05-12
2007-02-01 02:01:01	a	2000-11-11
2012-12-03 08:10:00	4294967294	2009-09-01
2019-02-02 07:30:52	922337203685477807	2014-05-12
SELECT * FROM t1 WHERE a < CAST(b AS SIGNED);
a	b	c
2019-02-02 07:30:52	922337203685477807	2014-05-12
SELECT * FROM t1 WHERE a >= CAST(INSERT('312abc',3,2,'00') AS SIGNED);
a	b	c
2001-05-01 01:12:12	1.00	2001-01-01
2001-05-02 00:01:01	1	2001-01-01
2001-05-06 23:01:01	1.01	2001-01-01
2003-03-03 18:18:00	2147483647	2007-08-01
2004-01-04 10:10:10	-1	2000-07-01
2004-04-03 19:20:00	a1	2000-11-11
2006-10-02 08:00:02	-4294967299	2014-05-12
2007-02-01 02:01:01	a	2000-11-11
2012-12-03 08:10:00	4294967294	2009-09-01
2019-02-02 07:30:52	922337203685477807	2014-05-12
SELECT * FROM t1 WHERE a = CAST('1.00' AS UNSIGNED);
a	b	c
SELECT * FROM t1 WHERE a < CAST(4294967297 AS UNSIGNED);
a	b	c
SELECT * FROM t1 WHERE a >= CAST(-4294967299 AS UNSIGNED);
a	b	c
SELECT * FROM t1 WHERE a < CAST(b AS UNSIGNED);
a	b	c
2004-01-04 10:10:10	-1	2000-07-01
2006-10-02 08:00:02	-4294967299	2014-05-12
2019-02-02 07:30:52	922337203685477807	2014-05-12
SELECT * FROM t1 WHERE a < CAST(FLOOR(2147483647.2) AS UNSIGNED);
a	b	c
SELECT * FROM t1 WHERE a = CAST('1' AS DECIMAL);
a	b	c
SELECT * FROM t1 WHERE a <> CAST(1.01 AS DECIMAL);
a	b	c
2001-05-01 01:12:12	1.00	2001-01-01
2001-05-02 00:01:01	1	2001-01-01
2001-05-06 23:01:01	1.01	2001-01-01
2003-03-03 18:18:00	2147483647	2007-08-01
2004-01-04 10:10:10	-1	2000-07-01
2004-04-03 19:20:00	a1	2000-11-11
2006-10-02 08:00:02	-4294967299	2014-05-12
2007-02-01 02:01:01	a	2000-11-11
2012-12-03 08:10:00	4294967294	2009-09-01
2019-02-02 07:30:52	922337203685477807	2014-05-12
SELECT * FROM t1 WHERE a <= CAST(922337203685477580800 AS DECIMAL);
a	b	c
SELECT * FROM t1 WHERE a < CAST(b AS DECIMAL);
a	b	c
SELECT * FROM t1 WHERE a >= CAST(CEILING(-922337203685477580800) AS DECIMAL);
a	b	c
2001-05-01 01:12:12	1.00	2001-01-01
2001-05-02 00:01:01	1	2001-01-01
2001-05-06 23:01:01	1.01	2001-01-01
2003-03-03 18:18:00	2147483647	2007-08-01
2004-01-04 10:10:10	-1	2000-07-01
2004-04-03 19:20:00	a1	2000-11-11
2006-10-02 08:00:02	-4294967299	2014-05-12
2007-02-01 02:01:01	a	2000-11-11
2012-12-03 08:10:00	4294967294	2009-09-01
2019-02-02 07:30:52	922337203685477807	2014-05-12
SELECT * FROM t1 WHERE a = CAST('1' AS DATE);
a	b	c
SELECT * FROM t1 WHERE a >= CAST('2001-01-01' AS DATE);
a	b	c
2001-05-01 01:12:12	1.00	2001-01-01
2001-05-02 00:01:01	1	2001-01-01
2001-05-06 23:01:01	1.01	2001-01-01
2003-03-03 18:18:00	2147483647	2007-08-01
2004-01-04 10:10:10	-1	2000-07-01
2004-04-03 19:20:00	a1	2000-11-11
2006-10-02 08:00:02	-4294967299	2014-05-12
2007-02-01 02:01:01	a	2000-11-11
2012-12-03 08:10:00	4294967294	2009-09-01
2019-02-02 07:30:52	922337203685477807	2014-05-12
SELECT * FROM t1 WHERE a >= CAST('2001#01#01' AS DATE);
a	b	c
2001-05-01 01:12:12	1.00	2001-01-01
2001-05-02 00:01:01	1	2001-01-01
2001-05-06 23:01:01	1.01	2001-01-01
2003-03-03 18:18:00	2147483647	2007-08-01
2004-01-04 10:10:10	-1	2000-07-01
2004-04-03 19:20:00	a1	2000-11-11
2006-10-02 08:00:02	-4294967299	2014-05-12
2007-02-01 02:01:01	a	2000-11-11
2012-12-03 08:10:00	4294967294	2009-09-01
2019-02-02 07:30:52	922337203685477807	2014-05-12
SELECT * FROM t1 WHERE a >= CAST('2001.01.01' AS DATE);
a	b	c
2001-05-01 01:12:12	1.00	2001-01-01
2001-05-02 00:01:01	1	2001-01-01
2001-05-06 23:01:01	1.01	2001-01-01
2003-03-03 18:18:00	2147483647	2007-08-01
2004-01-04 10:10:10	-1	2000-07-01
2004-04-03 19:20:00	a1	2000-11-11
2006-10-02 08:00:02	-4294967299	2014-05-12
2007-02-01 02:01:01	a	2000-11-11
2012-12-03 08:10:00	4294967294	2009-09-01
2019-02-02 07:30:52	922337203685477807	2014-05-12
SELECT * FROM t1 WHERE a > CAST('9999.12.31' AS DATE);
a	b	c
SELECT * FROM t1 WHERE a < CAST(c AS DATE);
a	b	c
2003-03-03 18:18:00	2147483647	2007-08-01
2006-10-02 08:00:02	-4294967299	2014-05-12
SELECT * FROM t1 WHERE a <= CAST(NOW() AS DATE);
a	b	c
2001-05-01 01:12:12	1.00	2001-01-01
2001-05-02 00:01:01	1	2001-01-01
2001-05-06 23:01:01	1.01	2001-01-01
2003-03-03 18:18:00	2147483647	2007-08-01
2004-01-04 10:10:10	-1	2000-07-01
2004-04-03 19:20:00	a1	2000-11-11
2006-10-02 08:00:02	-4294967299	2014-05-12
2007-02-01 02:01:01	a	2000-11-11
2012-12-03 08:10:00	4294967294	2009-09-01
2019-02-02 07:30:52	922337203685477807	2014-05-12
SELECT * FROM t1 WHERE a > CAST('1.00' AS DATETIME);
a	b	c
SELECT * FROM t1 WHERE a >= CAST('2001-01-01 00:00:00' AS DATETIME);
a	b	c
2001-05-01 01:12:12	1.00	2001-01-01
2001-05-02 00:01:01	1	2001-01-01
2001-05-06 23:01:01	1.01	2001-01-01
2003-03-03 18:18:00	2147483647	2007-08-01
2004-01-04 10:10:10	-1	2000-07-01
2004-04-03 19:20:00	a1	2000-11-11
2006-10-02 08:00:02	-4294967299	2014-05-12
2007-02-01 02:01:01	a	2000-11-11
2012-12-03 08:10:00	4294967294	2009-09-01
2019-02-02 07:30:52	922337203685477807	2014-05-12
SELECT * FROM t1 WHERE a >= CAST('2001#01#01 23:59:00' AS DATETIME);
a	b	c
2001-05-01 01:12:12	1.00	2001-01-01
2001-05-02 00:01:01	1	2001-01-01
2001-05-06 23:01:01	1.01	2001-01-01
2003-03-03 18:18:00	2147483647	2007-08-01
2004-01-04 10:10:10	-1	2000-07-01
2004-04-03 19:20:00	a1	2000-11-11
2006-10-02 08:00:02	-4294967299	2014-05-12
2007-02-01 02:01:01	a	2000-11-11
2012-12-03 08:10:00	4294967294	2009-09-01
2019-02-02 07:30:52	922337203685477807	2014-05-12
SELECT * FROM t1 WHERE a >= CAST('2001.01.01 01:00:00' AS DATETIME);
a	b	c
2001-05-01 01:12:12	1.00	2001-01-01
2001-05-02 00:01:01	1	2001-01-01
2001-05-06 23:01:01	1.01	2001-01-01
2003-03-03 18:18:00	2147483647	2007-08-01
2004-01-04 10:10:10	-1	2000-07-01
2004-04-03 19:20:00	a1	2000-11-11
2006-10-02 08:00:02	-4294967299	2014-05-12
2007-02-01 02:01:01	a	2000-11-11
2012-12-03 08:10:00	4294967294	2009-09-01
2019-02-02 07:30:52	922337203685477807	2014-05-12
SELECT * FROM t1 WHERE a <= CAST('9999.12.31' AS DATETIME);
a	b	c
2001-05-01 01:12:12	1.00	2001-01-01
2001-05-02 00:01:01	1	2001-01-01
2001-05-06 23:01:01	1.01	2001-01-01
2003-03-03 18:18:00	2147483647	2007-08-01
2004-01-04 10:10:10	-1	2000-07-01
2004-04-03 19:20:00	a1	2000-11-11
2006-10-02 08:00:02	-4294967299	2014-05-12
2007-02-01 02:01:01	a	2000-11-11
2012-12-03 08:10:00	4294967294	2009-09-01
2019-02-02 07:30:52	922337203685477807	2014-05-12
SELECT * FROM t1 WHERE a < CAST(c AS DATETIME);
a	b	c
2003-03-03 18:18:00	2147483647	2007-08-01
2006-10-02 08:00:02	-4294967299	2014-05-12
SELECT * FROM t1 WHERE a <= CAST(CURRENT_DATE() AS DATETIME);
a	b	c
2001-05-01 01:12:12	1.00	2001-01-01
2001-05-02 00:01:01	1	2001-01-01
2001-05-06 23:01:01	1.01	2001-01-01
2003-03-03 18:18:00	2147483647	2007-08-01
2004-01-04 10:10:10	-1	2000-07-01
2004-04-03 19:20:00	a1	2000-11-11
2006-10-02 08:00:02	-4294967299	2014-05-12
2007-02-01 02:01:01	a	2000-11-11
2012-12-03 08:10:00	4294967294	2009-09-01
2019-02-02 07:30:52	922337203685477807	2014-05-12
SELECT * FROM t1 WHERE a <> CAST('1.01' AS TIME);
a	b	c
2001-05-01 01:12:12	1.00	2001-01-01
2001-05-02 00:01:01	1	2001-01-01
2001-05-06 23:01:01	1.01	2001-01-01
2003-03-03 18:18:00	2147483647	2007-08-01
2004-01-04 10:10:10	-1	2000-07-01
2004-04-03 19:20:00	a1	2000-11-11
2006-10-02 08:00:02	-4294967299	2014-05-12
2007-02-01 02:01:01	a	2000-11-11
2012-12-03 08:10:00	4294967294	2009-09-01
2019-02-02 07:30:52	922337203685477807	2014-05-12
SELECT * FROM t1 WHERE a >= CAST('2001-01-01 00:00:00' AS TIME);
a	b	c
SELECT * FROM t1 WHERE a <= CAST('2001#01#01 23:59:00' AS TIME);
a	b	c
2001-05-01 01:12:12	1.00	2001-01-01
2001-05-02 00:01:01	1	2001-01-01
2001-05-06 23:01:01	1.01	2001-01-01
2003-03-03 18:18:00	2147483647	2007-08-01
2004-01-04 10:10:10	-1	2000-07-01
2004-04-03 19:20:00	a1	2000-11-11
2006-10-02 08:00:02	-4294967299	2014-05-12
2007-02-01 02:01:01	a	2000-11-11
2012-12-03 08:10:00	4294967294	2009-09-01
2019-02-02 07:30:52	922337203685477807	2014-05-12
SELECT * FROM t1 WHERE a >= CAST('2001.01.01 01:00:00' AS TIME);
a	b	c
SELECT * FROM t1 WHERE a > CAST('-839:59:59.0000' AS TIME);
a	b	c
SELECT * FROM t1 WHERE a < CAST('10000.01.01 00:00:00' AS TIME);
a	b	c
2001-05-01 01:12:12	1.00	2001-01-01
2001-05-02 00:01:01	1	2001-01-01
2001-05-06 23:01:01	1.01	2001-01-01
2003-03-03 18:18:00	2147483647	2007-08-01
2004-01-04 10:10:10	-1	2000-07-01
2004-04-03 19:20:00	a1	2000-11-11
2006-10-02 08:00:02	-4294967299	2014-05-12
2007-02-01 02:01:01	a	2000-11-11
2012-12-03 08:10:00	4294967294	2009-09-01
2019-02-02 07:30:52	922337203685477807	2014-05-12
SELECT * FROM t1 WHERE a < CAST(c AS TIME);
a	b	c
2001-05-01 01:12:12	1.00	2001-01-01
2001-05-02 00:01:01	1	2001-01-01
2001-05-06 23:01:01	1.01	2001-01-01
2003-03-03 18:18:00	2147483647	2007-08-01
2004-01-04 10:10:10	-1	2000-07-01
2004-04-03 19:20:00	a1	2000-11-11
2006-10-02 08:00:02	-4294967299	2014-05-12
2007-02-01 02:01:01	a	2000-11-11
2012-12-03 08:10:00	4294967294	2009-09-01
2019-02-02 07:30:52	922337203685477807	2014-05-12
DROP TABLE t1;
drop database func_cast_date_datetime_time_timestamp_sequoiadb;
