CREATE TABLE t1 (id int(11) NOT NULL PRIMARY KEY, name varchar(20),
INDEX (name)) ENGINE=SequoiaDB;
CREATE TABLE t2 (id int(11) NOT NULL PRIMARY KEY, fkey int(11),
FOREIGN KEY (fkey) REFERENCES t2(id)) ENGINE=SequoiaDB;
INSERT INTO t1 VALUES (1,'A1'),(2,'A2'),(3,'B');
INSERT INTO t2 VALUES (1,1),(2,2),(3,2),(4,3),(5,3);
ANALYZE TABLE t1;
ANALYZE TABLE t2;
DROP TABLE t1,t2;
#
# BUG#58456: Assertion 0 in QUICK_INDEX_MERGE_SELECT::need_sorted_output
#            in opt_range.h
#
CREATE TABLE t1 (
col_int INT,
col_int_key INT,
pk INT NOT NULL,
PRIMARY KEY (pk),
KEY col_int_key (col_int_key)
) ENGINE=SequoiaDB;
INSERT INTO t1 VALUES (NULL,1,1), (6,2,2), (5,3,3), (NULL,4,4);
INSERT INTO t1 VALUES (1,NULL,6), (8,5,7), (NULL,8,8), (8,NULL,5);
ANALYZE TABLE t1;
CREATE TABLE t2 (
pk INT PRIMARY KEY
) ENGINE=SequoiaDB;


SELECT t1.pk
FROM t2 LEFT JOIN t1 ON t2.pk = t1.col_int
WHERE t1.col_int_key BETWEEN 5 AND 6 
AND t1.pk IS NULL OR t1.pk IN (5)
ORDER BY pk;
pk

DROP TABLE t1,t2;
# End BUG#58456
#
# Bug #20939184:INNODB: UNLOCK ROW COULD NOT FIND A 2 MODE LOCK ON THE
#               RECORD
#
CREATE  TABLE t1 (c1 INT, c2 INT, c3 INT, PRIMARY KEY (c1,c2) );
CREATE  TABLE t2 (c1 INT, c2 INT, c3 INT, PRIMARY KEY (c1), KEY (c2));
INSERT INTO t1 VALUES (1,2,3),(2,3,4),(3,4,5);
INSERT INTO t2 SELECT * FROM t1;
SET TRANSACTION ISOLATION LEVEL READ COMMITTED;
START TRANSACTION;
SELECT * FROM t1 LEFT JOIN t2 ON t1.c2=t2.c2 AND t2.c1=1 FOR UPDATE;
c1	c2	c3	c1	c2	c3
1	2	3	1	2	3
2	3	4	NULL	NULL	NULL
3	4	5	NULL	NULL	NULL
UPDATE t1 LEFT JOIN t2 ON t1.c1 = t2.c2 AND t2.c1 = 3 SET t1.c3 = RAND()*10;
COMMIT;
SET TRANSACTION ISOLATION LEVEL REPEATABLE READ;
DROP TABLE t1,t2;
