drop table if exists t1;
create table t1 (t1 char(3) primary key);
insert into t1 values("ABC");
insert into t1 values("ABA");
insert into t1 values("AB%");
select * from t1 where t1="ABC";
t1
ABC
select * from t1 where t1="ABCD";
t1
select * from t1 where t1 like "a_\%";
t1
drop table t1;
