CREATE DATABASE  IF NOT EXISTS index_statistics_mcv_sequoiadb_26687_26688;
DROP DATABASE IF EXISTS index_statistics_mcv_sequoiadb_26687_26688;
CREATE DATABASE  IF NOT EXISTS index_statistics_mcv_sequoiadb_26687_26688;
USE index_statistics_mcv_sequoiadb_26687_26688;
CREATE TABLE t1(
a INT NOT NULL,
b INT NOT NULL,
c INT NOT NULL,
INDEX idx_a(a),
INDEX idx_b(b)
)
PARTITION BY RANGE COLUMNS (a)
SUBPARTITION BY KEY (b)
SUBPARTITIONS 2 (
PARTITION p0 VALUES LESS THAN (4),
PARTITION p1 VALUES LESS THAN (7),
PARTITION p2 VALUES LESS THAN (10)
);
INSERT INTO t1 VALUES
(1,5,9),(3,1,9),(1,5,9),(3,1,9),(1,5,9),(3,1,9),(1,5,9),(3,1,9),(1,5,9),(3,1,9),
(2,3,9),(5,4,9),(2,3,9),(5,3,9),(2,3,9),(5,4,9),(2,3,9),(5,4,9),(2,3,9),(5,4,9),
(4,2,9),(4,2,9),(4,2,9),(4,2,9),(4,2,9);
SELECT * FROM t1 WHERE a=5;
a	b	c
5	3	9
5	4	9
5	4	9
5	4	9
5	4	9
SELECT * FROM t1 WHERE b=3;
a	b	c
2	3	9
2	3	9
2	3	9
2	3	9
2	3	9
5	3	9
SELECT * FROM t1 WHERE a=5 and b=3;
a	b	c
5	3	9
ANALYZE TABLE t1;
Table	Op	Msg_type	Msg_text
index_statistics_mcv_sequoiadb_26687_26688.t1	analyze	status	OK
EXPLAIN SELECT * FROM t1 WHERE a=5;
id	select_type	table	partitions	type	possible_keys	key	key_len	ref	rows	filtered	Extra
1	SIMPLE	t1	p1_p1sp0,p1_p1sp1	ref	idx_a	idx_a	4	const	2	100.00	NULL
Warnings:
Note	1003	/* select#1 */ select `index_statistics_mcv_sequoiadb_26687_26688`.`t1`.`a` AS `a`,`index_statistics_mcv_sequoiadb_26687_26688`.`t1`.`b` AS `b`,`index_statistics_mcv_sequoiadb_26687_26688`.`t1`.`c` AS `c` from `index_statistics_mcv_sequoiadb_26687_26688`.`t1` where (`index_statistics_mcv_sequoiadb_26687_26688`.`t1`.`a` = 5)
EXPLAIN SELECT * FROM t1 WHERE b=3;
id	select_type	table	partitions	type	possible_keys	key	key_len	ref	rows	filtered	Extra
1	SIMPLE	t1	p0_p0sp0,p1_p1sp0,p2_p2sp0	ref	idx_b	idx_b	4	const	3	100.00	NULL
Warnings:
Note	1003	/* select#1 */ select `index_statistics_mcv_sequoiadb_26687_26688`.`t1`.`a` AS `a`,`index_statistics_mcv_sequoiadb_26687_26688`.`t1`.`b` AS `b`,`index_statistics_mcv_sequoiadb_26687_26688`.`t1`.`c` AS `c` from `index_statistics_mcv_sequoiadb_26687_26688`.`t1` where (`index_statistics_mcv_sequoiadb_26687_26688`.`t1`.`b` = 3)
EXPLAIN SELECT * FROM t1 WHERE a=5 and b=3;
id	select_type	table	partitions	type	possible_keys	key	key_len	ref	rows	filtered	Extra
1	SIMPLE	t1	p1_p1sp0	ref	idx_a,idx_b	idx_a	4	const	2	50.00	Using where with pushed condition (`index_statistics_mcv_sequoiadb_26687_26688`.`t1`.`b` = 3)
Warnings:
Note	1003	/* select#1 */ select `index_statistics_mcv_sequoiadb_26687_26688`.`t1`.`a` AS `a`,`index_statistics_mcv_sequoiadb_26687_26688`.`t1`.`b` AS `b`,`index_statistics_mcv_sequoiadb_26687_26688`.`t1`.`c` AS `c` from `index_statistics_mcv_sequoiadb_26687_26688`.`t1` where ((`index_statistics_mcv_sequoiadb_26687_26688`.`t1`.`b` = 3) and (`index_statistics_mcv_sequoiadb_26687_26688`.`t1`.`a` = 5))
SELECT * FROM t1 WHERE a=6;
a	b	c
SELECT * FROM t1 WHERE b=6;
a	b	c
ANALYZE TABLE t1;
Table	Op	Msg_type	Msg_text
index_statistics_mcv_sequoiadb_26687_26688.t1	analyze	status	OK
EXPLAIN SELECT * FROM t1 WHERE a=6;
id	select_type	table	partitions	type	possible_keys	key	key_len	ref	rows	filtered	Extra
1	SIMPLE	t1	p1_p1sp0,p1_p1sp1	ref	idx_a	idx_a	4	const	2	100.00	NULL
Warnings:
Note	1003	/* select#1 */ select `index_statistics_mcv_sequoiadb_26687_26688`.`t1`.`a` AS `a`,`index_statistics_mcv_sequoiadb_26687_26688`.`t1`.`b` AS `b`,`index_statistics_mcv_sequoiadb_26687_26688`.`t1`.`c` AS `c` from `index_statistics_mcv_sequoiadb_26687_26688`.`t1` where (`index_statistics_mcv_sequoiadb_26687_26688`.`t1`.`a` = 6)
EXPLAIN SELECT * FROM t1 WHERE b=6;
id	select_type	table	partitions	type	possible_keys	key	key_len	ref	rows	filtered	Extra
1	SIMPLE	t1	p0_p0sp1,p1_p1sp1,p2_p2sp1	ref	idx_b	idx_b	4	const	2	100.00	NULL
Warnings:
Note	1003	/* select#1 */ select `index_statistics_mcv_sequoiadb_26687_26688`.`t1`.`a` AS `a`,`index_statistics_mcv_sequoiadb_26687_26688`.`t1`.`b` AS `b`,`index_statistics_mcv_sequoiadb_26687_26688`.`t1`.`c` AS `c` from `index_statistics_mcv_sequoiadb_26687_26688`.`t1` where (`index_statistics_mcv_sequoiadb_26687_26688`.`t1`.`b` = 6)
DROP TABLE t1;
DROP DATABASE index_statistics_mcv_sequoiadb_26687_26688;
