DROP USER IF EXISTS "metasync_user28736"@"%";
create user 'metasync_user28736'@'%' identified by 'metasync_passwd28736_1';
alter user user() identified by 'metasync_passwd28736_2';
alter user user() identified by 'metasync_passwd28736_3';
select user FROM mysql.user where user = 'metasync_user28736';
user
metasync_user28736
drop user 'metasync_user28736'@'%';
select user FROM mysql.user where user = 'metasync_user28736';
user
