set session sequoiadb_support_mode = "";
set session sequoiadb_stats_flush_time_threshold = 48;
drop database if exists db_26719;
create database db_26719;
use db_26719;
create table tb_26719_1 ( 
id int not null auto_increment, 
prdt_no varchar(1024) character set utf8 default null, 
cust_no varchar(10) default null, 
primary key(id), 
key prdt_no_index(prdt_no(333)), 
key cust_no_index(cust_no)
);
create table tb_26719_2 ( 
id int not null auto_increment, 
primary key(id));
drop table tb_26719_1 ;
drop table tb_26719_2 ;
create table tb_26719_1 ( 
id int not null auto_increment, 
prdt_no varchar(1024) character set utf8 default null, 
cust_no varchar(10) default null, 
primary key(id), 
key prdt_no_index(prdt_no(333)), 
key cust_no_index(cust_no)
);
create table tb_26719_2 ( 
id int not null auto_increment, 
primary key(id));
insert tb_26719_1 values (null,"123","123");
analyze table tb_26719_1;
Table	Op	Msg_type	Msg_text
db_26719.tb_26719_1	analyze	status	OK
insert into tb_26719_2 values(1),(2),(3),(4),(5);
insert tb_26719_1 values (null,"123","123"),(null,"123","123"),(null,"123","123"),(null,"123","123"),(null,"123","123");
explain select alias1.cust_no from tb_26719_1 as alias1 left join tb_26719_1 as alias2 join tb_26719_2 as alias3 on alias2.cust_no on alias1.prdt_no where alias1.id and alias1.id<3 or alias1.id and alias3.id;
id	select_type	table	type	possible_keys	key	key_len	ref	rows	Extra
1	SIMPLE	alias1	ALL	PRIMARY	NULL	NULL	NULL	1	Using where
1	SIMPLE	alias2	index	cust_no_index	cust_no_index	43	NULL	1	Using where; Using index
1	SIMPLE	alias3	index	NULL	PRIMARY	4	NULL	5	Using where; Using index
explain select alias1.cust_no from tb_26719_1 as alias1 left join tb_26719_1 as alias2 join tb_26719_2 as alias3 on alias2.cust_no on alias1.prdt_no where alias1.id and alias1.id<3 or alias1.id and alias3.id;
id	select_type	table	type	possible_keys	key	key_len	ref	rows	Extra
1	SIMPLE	alias1	ALL	PRIMARY	NULL	NULL	NULL	1	Using where
1	SIMPLE	alias2	index	cust_no_index	cust_no_index	43	NULL	1	Using where; Using index
1	SIMPLE	alias3	index	NULL	PRIMARY	4	NULL	5	Using where; Using index
flush table tb_26719_1;
explain select alias1.cust_no from tb_26719_1 as alias1 left join tb_26719_1 as alias2 join tb_26719_2 as alias3 on alias2.cust_no on alias1.prdt_no where alias1.id and alias1.id<3 or alias1.id and alias3.id;
id	select_type	table	type	possible_keys	key	key_len	ref	rows	Extra
1	SIMPLE	alias1	ALL	PRIMARY	NULL	NULL	NULL	1	Using where
1	SIMPLE	alias2	index	cust_no_index	cust_no_index	43	NULL	1	Using where; Using index
1	SIMPLE	alias3	index	NULL	PRIMARY	4	NULL	5	Using where; Using index
drop database db_26719 ;
set session sequoiadb_stats_flush_time_threshold = default ;
set session sequoiadb_support_mode = default;
