drop table if exists share_lock_select_sequoiadb_25412;
CREATE TABLE share_lock_select_sequoiadb_25412 ( id INT, num INT ) ENGINE = SEQUOIADB;
INSERT INTO share_lock_select_sequoiadb_25412 VALUES (1,1), (2,2);
BEGIN;
SELECT * FROM share_lock_select_sequoiadb_25412 WHERE id = 1 LOCK IN SHARE MODE;
id	num
1	1
BEGIN;
SELECT * FROM share_lock_select_sequoiadb_25412 WHERE id = 1 LOCK IN SHARE MODE;
id	num
1	1
DROP TABLE share_lock_select_sequoiadb_25412;
